ERROR - 2026-05-06 13:34:39 --> [Microsoft][ODBC Driver 17 for SQL Server][SQL Server]Invalid column name 'activo'. SQLSTATE: 42S22, code: 207
[Microsoft][ODBC Driver 17 for SQL Server][SQL Server]Invalid column name 'tipo'. SQLSTATE: 42S22, code: 207
in SYSTEMPATH\Database\BaseConnection.php on line 910.
 1 SYSTEMPATH\Database\BaseConnection.php(827): CodeIgniter\Database\BaseConnection->simpleQuery('SELECT *
FROM "Partes"."dbo"."AspNetUsers"
WHERE "apellido" LIKE \'%fuc%\' ESCAPE \'!\'
AND "activo" = 1
AND "tipo" = \'cuadro\'
ORDER BY "apellido" ASC
 OFFSET 0  ROWS FETCH NEXT 15 ROWS ONLY ')
 2 SYSTEMPATH\Database\SQLSRV\Builder.php(656): CodeIgniter\Database\BaseConnection->query('SELECT *
FROM "Partes"."dbo"."AspNetUsers"
WHERE "apellido" LIKE :apellido: ESCAPE \'!\'
AND "activo" = :activo:
AND "tipo" = :tipo:
ORDER BY "apellido" ASC
 OFFSET 0  ROWS FETCH NEXT 15 ROWS ONLY ', [...], false)
 3 SYSTEMPATH\Model.php(253): CodeIgniter\Database\SQLSRV\Builder->get()
 4 SYSTEMPATH\BaseModel.php(676): CodeIgniter\Model->doFindAll(15, 0)
 5 APPPATH\Controllers\ApiController.php(71): CodeIgniter\BaseModel->findAll(15)
 6 SYSTEMPATH\CodeIgniter.php(951): App\Controllers\ApiController->buscarPersonaPorApellido()
 7 SYSTEMPATH\CodeIgniter.php(497): CodeIgniter\CodeIgniter->runController(Object(App\Controllers\ApiController))
 8 SYSTEMPATH\CodeIgniter.php(340): CodeIgniter\CodeIgniter->handleRequest(null, Object(Config\Cache), false)
 9 SYSTEMPATH\Boot.php(417): CodeIgniter\CodeIgniter->run()
10 SYSTEMPATH\Boot.php(68): CodeIgniter\Boot::runCodeIgniter(Object(CodeIgniter\CodeIgniter))
11 FCPATH\index.php(54): CodeIgniter\Boot::bootWeb(Object(Config\Paths))
CRITICAL - 2026-05-06 13:34:39 --> CodeIgniter\Database\Exceptions\DatabaseException: [Microsoft][ODBC Driver 17 for SQL Server][SQL Server]Invalid column name 'activo'. SQLSTATE: 42S22, code: 207
[Microsoft][ODBC Driver 17 for SQL Server][SQL Server]Invalid column name 'tipo'. SQLSTATE: 42S22, code: 207
[Method: GET, Route: api/persona/buscar-apellido]
in SYSTEMPATH\Database\BaseConnection.php on line 865.
 1 SYSTEMPATH\Database\SQLSRV\Builder.php(656): CodeIgniter\Database\BaseConnection->query('SELECT *
FROM "Partes"."dbo"."AspNetUsers"
WHERE "apellido" LIKE :apellido: ESCAPE \'!\'
AND "activo" = :activo:
AND "tipo" = :tipo:
ORDER BY "apellido" ASC
 OFFSET 0  ROWS FETCH NEXT 15 ROWS ONLY ', [...], false)
 2 SYSTEMPATH\Model.php(253): CodeIgniter\Database\SQLSRV\Builder->get()
 3 SYSTEMPATH\BaseModel.php(676): CodeIgniter\Model->doFindAll(15, 0)
 4 APPPATH\Controllers\ApiController.php(71): CodeIgniter\BaseModel->findAll(15)
 5 SYSTEMPATH\CodeIgniter.php(951): App\Controllers\ApiController->buscarPersonaPorApellido()
 6 SYSTEMPATH\CodeIgniter.php(497): CodeIgniter\CodeIgniter->runController(Object(App\Controllers\ApiController))
 7 SYSTEMPATH\CodeIgniter.php(340): CodeIgniter\CodeIgniter->handleRequest(null, Object(Config\Cache), false)
 8 SYSTEMPATH\Boot.php(417): CodeIgniter\CodeIgniter->run()
 9 SYSTEMPATH\Boot.php(68): CodeIgniter\Boot::runCodeIgniter(Object(CodeIgniter\CodeIgniter))
10 FCPATH\index.php(54): CodeIgniter\Boot::bootWeb(Object(Config\Paths))
CRITICAL - 2026-05-06 13:34:39 --> [Caused by] CodeIgniter\Database\Exceptions\DatabaseException: [Microsoft][ODBC Driver 17 for SQL Server][SQL Server]Invalid column name 'activo'. SQLSTATE: 42S22, code: 207
[Microsoft][ODBC Driver 17 for SQL Server][SQL Server]Invalid column name 'tipo'. SQLSTATE: 42S22, code: 207
in SYSTEMPATH\Database\SQLSRV\Connection.php on line 533.
 1 SYSTEMPATH\Database\BaseConnection.php(910): CodeIgniter\Database\SQLSRV\Connection->execute('SELECT *
FROM "Partes"."dbo"."AspNetUsers"
WHERE "apellido" LIKE \'%fuc%\' ESCAPE \'!\'
AND "activo" = 1
AND "tipo" = \'cuadro\'
ORDER BY "apellido" ASC
 OFFSET 0  ROWS FETCH NEXT 15 ROWS ONLY ')
 2 SYSTEMPATH\Database\BaseConnection.php(827): CodeIgniter\Database\BaseConnection->simpleQuery('SELECT *
FROM "Partes"."dbo"."AspNetUsers"
WHERE "apellido" LIKE \'%fuc%\' ESCAPE \'!\'
AND "activo" = 1
AND "tipo" = \'cuadro\'
ORDER BY "apellido" ASC
 OFFSET 0  ROWS FETCH NEXT 15 ROWS ONLY ')
 3 SYSTEMPATH\Database\SQLSRV\Builder.php(656): CodeIgniter\Database\BaseConnection->query('SELECT *
FROM "Partes"."dbo"."AspNetUsers"
WHERE "apellido" LIKE :apellido: ESCAPE \'!\'
AND "activo" = :activo:
AND "tipo" = :tipo:
ORDER BY "apellido" ASC
 OFFSET 0  ROWS FETCH NEXT 15 ROWS ONLY ', [...], false)
 4 SYSTEMPATH\Model.php(253): CodeIgniter\Database\SQLSRV\Builder->get()
 5 SYSTEMPATH\BaseModel.php(676): CodeIgniter\Model->doFindAll(15, 0)
 6 APPPATH\Controllers\ApiController.php(71): CodeIgniter\BaseModel->findAll(15)
 7 SYSTEMPATH\CodeIgniter.php(951): App\Controllers\ApiController->buscarPersonaPorApellido()
 8 SYSTEMPATH\CodeIgniter.php(497): CodeIgniter\CodeIgniter->runController(Object(App\Controllers\ApiController))
 9 SYSTEMPATH\CodeIgniter.php(340): CodeIgniter\CodeIgniter->handleRequest(null, Object(Config\Cache), false)
10 SYSTEMPATH\Boot.php(417): CodeIgniter\CodeIgniter->run()
11 SYSTEMPATH\Boot.php(68): CodeIgniter\Boot::runCodeIgniter(Object(CodeIgniter\CodeIgniter))
12 FCPATH\index.php(54): CodeIgniter\Boot::bootWeb(Object(Config\Paths))
ERROR - 2026-05-06 13:34:39 --> [Microsoft][ODBC Driver 17 for SQL Server][SQL Server]Invalid column name 'activo'. SQLSTATE: 42S22, code: 207
[Microsoft][ODBC Driver 17 for SQL Server][SQL Server]Invalid column name 'tipo'. SQLSTATE: 42S22, code: 207
in SYSTEMPATH\Database\BaseConnection.php on line 910.
 1 SYSTEMPATH\Database\BaseConnection.php(827): CodeIgniter\Database\BaseConnection->simpleQuery('SELECT *
FROM "Partes"."dbo"."AspNetUsers"
WHERE "apellido" LIKE \'%fuce%\' ESCAPE \'!\'
AND "activo" = 1
AND "tipo" = \'cuadro\'
ORDER BY "apellido" ASC
 OFFSET 0  ROWS FETCH NEXT 15 ROWS ONLY ')
 2 SYSTEMPATH\Database\SQLSRV\Builder.php(656): CodeIgniter\Database\BaseConnection->query('SELECT *
FROM "Partes"."dbo"."AspNetUsers"
WHERE "apellido" LIKE :apellido: ESCAPE \'!\'
AND "activo" = :activo:
AND "tipo" = :tipo:
ORDER BY "apellido" ASC
 OFFSET 0  ROWS FETCH NEXT 15 ROWS ONLY ', [...], false)
 3 SYSTEMPATH\Model.php(253): CodeIgniter\Database\SQLSRV\Builder->get()
 4 SYSTEMPATH\BaseModel.php(676): CodeIgniter\Model->doFindAll(15, 0)
 5 APPPATH\Controllers\ApiController.php(71): CodeIgniter\BaseModel->findAll(15)
 6 SYSTEMPATH\CodeIgniter.php(951): App\Controllers\ApiController->buscarPersonaPorApellido()
 7 SYSTEMPATH\CodeIgniter.php(497): CodeIgniter\CodeIgniter->runController(Object(App\Controllers\ApiController))
 8 SYSTEMPATH\CodeIgniter.php(340): CodeIgniter\CodeIgniter->handleRequest(null, Object(Config\Cache), false)
 9 SYSTEMPATH\Boot.php(417): CodeIgniter\CodeIgniter->run()
10 SYSTEMPATH\Boot.php(68): CodeIgniter\Boot::runCodeIgniter(Object(CodeIgniter\CodeIgniter))
11 FCPATH\index.php(54): CodeIgniter\Boot::bootWeb(Object(Config\Paths))
CRITICAL - 2026-05-06 13:34:39 --> CodeIgniter\Database\Exceptions\DatabaseException: [Microsoft][ODBC Driver 17 for SQL Server][SQL Server]Invalid column name 'activo'. SQLSTATE: 42S22, code: 207
[Microsoft][ODBC Driver 17 for SQL Server][SQL Server]Invalid column name 'tipo'. SQLSTATE: 42S22, code: 207
[Method: GET, Route: api/persona/buscar-apellido]
in SYSTEMPATH\Database\BaseConnection.php on line 865.
 1 SYSTEMPATH\Database\SQLSRV\Builder.php(656): CodeIgniter\Database\BaseConnection->query('SELECT *
FROM "Partes"."dbo"."AspNetUsers"
WHERE "apellido" LIKE :apellido: ESCAPE \'!\'
AND "activo" = :activo:
AND "tipo" = :tipo:
ORDER BY "apellido" ASC
 OFFSET 0  ROWS FETCH NEXT 15 ROWS ONLY ', [...], false)
 2 SYSTEMPATH\Model.php(253): CodeIgniter\Database\SQLSRV\Builder->get()
 3 SYSTEMPATH\BaseModel.php(676): CodeIgniter\Model->doFindAll(15, 0)
 4 APPPATH\Controllers\ApiController.php(71): CodeIgniter\BaseModel->findAll(15)
 5 SYSTEMPATH\CodeIgniter.php(951): App\Controllers\ApiController->buscarPersonaPorApellido()
 6 SYSTEMPATH\CodeIgniter.php(497): CodeIgniter\CodeIgniter->runController(Object(App\Controllers\ApiController))
 7 SYSTEMPATH\CodeIgniter.php(340): CodeIgniter\CodeIgniter->handleRequest(null, Object(Config\Cache), false)
 8 SYSTEMPATH\Boot.php(417): CodeIgniter\CodeIgniter->run()
 9 SYSTEMPATH\Boot.php(68): CodeIgniter\Boot::runCodeIgniter(Object(CodeIgniter\CodeIgniter))
10 FCPATH\index.php(54): CodeIgniter\Boot::bootWeb(Object(Config\Paths))
CRITICAL - 2026-05-06 13:34:39 --> [Caused by] CodeIgniter\Database\Exceptions\DatabaseException: [Microsoft][ODBC Driver 17 for SQL Server][SQL Server]Invalid column name 'activo'. SQLSTATE: 42S22, code: 207
[Microsoft][ODBC Driver 17 for SQL Server][SQL Server]Invalid column name 'tipo'. SQLSTATE: 42S22, code: 207
in SYSTEMPATH\Database\SQLSRV\Connection.php on line 533.
 1 SYSTEMPATH\Database\BaseConnection.php(910): CodeIgniter\Database\SQLSRV\Connection->execute('SELECT *
FROM "Partes"."dbo"."AspNetUsers"
WHERE "apellido" LIKE \'%fuce%\' ESCAPE \'!\'
AND "activo" = 1
AND "tipo" = \'cuadro\'
ORDER BY "apellido" ASC
 OFFSET 0  ROWS FETCH NEXT 15 ROWS ONLY ')
 2 SYSTEMPATH\Database\BaseConnection.php(827): CodeIgniter\Database\BaseConnection->simpleQuery('SELECT *
FROM "Partes"."dbo"."AspNetUsers"
WHERE "apellido" LIKE \'%fuce%\' ESCAPE \'!\'
AND "activo" = 1
AND "tipo" = \'cuadro\'
ORDER BY "apellido" ASC
 OFFSET 0  ROWS FETCH NEXT 15 ROWS ONLY ')
 3 SYSTEMPATH\Database\SQLSRV\Builder.php(656): CodeIgniter\Database\BaseConnection->query('SELECT *
FROM "Partes"."dbo"."AspNetUsers"
WHERE "apellido" LIKE :apellido: ESCAPE \'!\'
AND "activo" = :activo:
AND "tipo" = :tipo:
ORDER BY "apellido" ASC
 OFFSET 0  ROWS FETCH NEXT 15 ROWS ONLY ', [...], false)
 4 SYSTEMPATH\Model.php(253): CodeIgniter\Database\SQLSRV\Builder->get()
 5 SYSTEMPATH\BaseModel.php(676): CodeIgniter\Model->doFindAll(15, 0)
 6 APPPATH\Controllers\ApiController.php(71): CodeIgniter\BaseModel->findAll(15)
 7 SYSTEMPATH\CodeIgniter.php(951): App\Controllers\ApiController->buscarPersonaPorApellido()
 8 SYSTEMPATH\CodeIgniter.php(497): CodeIgniter\CodeIgniter->runController(Object(App\Controllers\ApiController))
 9 SYSTEMPATH\CodeIgniter.php(340): CodeIgniter\CodeIgniter->handleRequest(null, Object(Config\Cache), false)
10 SYSTEMPATH\Boot.php(417): CodeIgniter\CodeIgniter->run()
11 SYSTEMPATH\Boot.php(68): CodeIgniter\Boot::runCodeIgniter(Object(CodeIgniter\CodeIgniter))
12 FCPATH\index.php(54): CodeIgniter\Boot::bootWeb(Object(Config\Paths))
ERROR - 2026-05-06 13:34:53 --> [Microsoft][ODBC Driver 17 for SQL Server][SQL Server]Invalid column name 'activo'. SQLSTATE: 42S22, code: 207
[Microsoft][ODBC Driver 17 for SQL Server][SQL Server]Invalid column name 'tipo'. SQLSTATE: 42S22, code: 207
in SYSTEMPATH\Database\BaseConnection.php on line 910.
 1 SYSTEMPATH\Database\BaseConnection.php(827): CodeIgniter\Database\BaseConnection->simpleQuery('SELECT *
FROM "Partes"."dbo"."AspNetUsers"
WHERE "dni" = \'32630429\'
AND "activo" = 1
AND "tipo" = \'cuadro\'
 ORDER BY (SELECT NULL)  OFFSET 0  ROWS FETCH NEXT 1 ROWS ONLY ')
 2 SYSTEMPATH\Database\SQLSRV\Builder.php(656): CodeIgniter\Database\BaseConnection->query('SELECT *
FROM "Partes"."dbo"."AspNetUsers"
WHERE "dni" = :dni:
AND "activo" = :activo:
AND "tipo" = :tipo:
 ORDER BY (SELECT NULL)  OFFSET 0  ROWS FETCH NEXT 1 ROWS ONLY ', [...], false)
 3 SYSTEMPATH\Model.php(295): CodeIgniter\Database\SQLSRV\Builder->get()
 4 SYSTEMPATH\BaseModel.php(714): CodeIgniter\Model->doFirst()
 5 APPPATH\Controllers\ApiController.php(31): CodeIgniter\BaseModel->first()
 6 SYSTEMPATH\CodeIgniter.php(951): App\Controllers\ApiController->buscarPersonaPorDni()
 7 SYSTEMPATH\CodeIgniter.php(497): CodeIgniter\CodeIgniter->runController(Object(App\Controllers\ApiController))
 8 SYSTEMPATH\CodeIgniter.php(340): CodeIgniter\CodeIgniter->handleRequest(null, Object(Config\Cache), false)
 9 SYSTEMPATH\Boot.php(417): CodeIgniter\CodeIgniter->run()
10 SYSTEMPATH\Boot.php(68): CodeIgniter\Boot::runCodeIgniter(Object(CodeIgniter\CodeIgniter))
11 FCPATH\index.php(54): CodeIgniter\Boot::bootWeb(Object(Config\Paths))
CRITICAL - 2026-05-06 13:34:53 --> CodeIgniter\Database\Exceptions\DatabaseException: [Microsoft][ODBC Driver 17 for SQL Server][SQL Server]Invalid column name 'activo'. SQLSTATE: 42S22, code: 207
[Microsoft][ODBC Driver 17 for SQL Server][SQL Server]Invalid column name 'tipo'. SQLSTATE: 42S22, code: 207
[Method: GET, Route: api/persona/buscar-dni]
in SYSTEMPATH\Database\BaseConnection.php on line 865.
 1 SYSTEMPATH\Database\SQLSRV\Builder.php(656): CodeIgniter\Database\BaseConnection->query('SELECT *
FROM "Partes"."dbo"."AspNetUsers"
WHERE "dni" = :dni:
AND "activo" = :activo:
AND "tipo" = :tipo:
 ORDER BY (SELECT NULL)  OFFSET 0  ROWS FETCH NEXT 1 ROWS ONLY ', [...], false)
 2 SYSTEMPATH\Model.php(295): CodeIgniter\Database\SQLSRV\Builder->get()
 3 SYSTEMPATH\BaseModel.php(714): CodeIgniter\Model->doFirst()
 4 APPPATH\Controllers\ApiController.php(31): CodeIgniter\BaseModel->first()
 5 SYSTEMPATH\CodeIgniter.php(951): App\Controllers\ApiController->buscarPersonaPorDni()
 6 SYSTEMPATH\CodeIgniter.php(497): CodeIgniter\CodeIgniter->runController(Object(App\Controllers\ApiController))
 7 SYSTEMPATH\CodeIgniter.php(340): CodeIgniter\CodeIgniter->handleRequest(null, Object(Config\Cache), false)
 8 SYSTEMPATH\Boot.php(417): CodeIgniter\CodeIgniter->run()
 9 SYSTEMPATH\Boot.php(68): CodeIgniter\Boot::runCodeIgniter(Object(CodeIgniter\CodeIgniter))
10 FCPATH\index.php(54): CodeIgniter\Boot::bootWeb(Object(Config\Paths))
CRITICAL - 2026-05-06 13:34:53 --> [Caused by] CodeIgniter\Database\Exceptions\DatabaseException: [Microsoft][ODBC Driver 17 for SQL Server][SQL Server]Invalid column name 'activo'. SQLSTATE: 42S22, code: 207
[Microsoft][ODBC Driver 17 for SQL Server][SQL Server]Invalid column name 'tipo'. SQLSTATE: 42S22, code: 207
in SYSTEMPATH\Database\SQLSRV\Connection.php on line 533.
 1 SYSTEMPATH\Database\BaseConnection.php(910): CodeIgniter\Database\SQLSRV\Connection->execute('SELECT *
FROM "Partes"."dbo"."AspNetUsers"
WHERE "dni" = \'32630429\'
AND "activo" = 1
AND "tipo" = \'cuadro\'
 ORDER BY (SELECT NULL)  OFFSET 0  ROWS FETCH NEXT 1 ROWS ONLY ')
 2 SYSTEMPATH\Database\BaseConnection.php(827): CodeIgniter\Database\BaseConnection->simpleQuery('SELECT *
FROM "Partes"."dbo"."AspNetUsers"
WHERE "dni" = \'32630429\'
AND "activo" = 1
AND "tipo" = \'cuadro\'
 ORDER BY (SELECT NULL)  OFFSET 0  ROWS FETCH NEXT 1 ROWS ONLY ')
 3 SYSTEMPATH\Database\SQLSRV\Builder.php(656): CodeIgniter\Database\BaseConnection->query('SELECT *
FROM "Partes"."dbo"."AspNetUsers"
WHERE "dni" = :dni:
AND "activo" = :activo:
AND "tipo" = :tipo:
 ORDER BY (SELECT NULL)  OFFSET 0  ROWS FETCH NEXT 1 ROWS ONLY ', [...], false)
 4 SYSTEMPATH\Model.php(295): CodeIgniter\Database\SQLSRV\Builder->get()
 5 SYSTEMPATH\BaseModel.php(714): CodeIgniter\Model->doFirst()
 6 APPPATH\Controllers\ApiController.php(31): CodeIgniter\BaseModel->first()
 7 SYSTEMPATH\CodeIgniter.php(951): App\Controllers\ApiController->buscarPersonaPorDni()
 8 SYSTEMPATH\CodeIgniter.php(497): CodeIgniter\CodeIgniter->runController(Object(App\Controllers\ApiController))
 9 SYSTEMPATH\CodeIgniter.php(340): CodeIgniter\CodeIgniter->handleRequest(null, Object(Config\Cache), false)
10 SYSTEMPATH\Boot.php(417): CodeIgniter\CodeIgniter->run()
11 SYSTEMPATH\Boot.php(68): CodeIgniter\Boot::runCodeIgniter(Object(CodeIgniter\CodeIgniter))
12 FCPATH\index.php(54): CodeIgniter\Boot::bootWeb(Object(Config\Paths))
CRITICAL - 2026-05-06 13:46:48 --> CodeIgniter\Format\Exceptions\FormatException: Failed to parse JSON string. Error: Malformed UTF-8 characters, possibly incorrectly encoded
[Method: GET, Route: api/persona/buscar-apellido]
in SYSTEMPATH\Format\JSONFormatter.php on line 47.
 1 SYSTEMPATH\Format\JSONFormatter.php(47): CodeIgniter\Format\Exceptions\FormatException::forInvalidJSON('Malformed UTF-8 characters, possibly incorrectly encoded')
 2 SYSTEMPATH\HTTP\ResponseTrait.php(252): CodeIgniter\Format\JSONFormatter->format([...])
 3 SYSTEMPATH\HTTP\ResponseTrait.php(178): CodeIgniter\HTTP\Response->formatBody([...], 'json')
 4 APPPATH\Controllers\ApiController.php(51): CodeIgniter\HTTP\Response->setJSON([...])
 5 SYSTEMPATH\CodeIgniter.php(951): App\Controllers\ApiController->buscarPersonaPorApellido()
 6 SYSTEMPATH\CodeIgniter.php(497): CodeIgniter\CodeIgniter->runController(Object(App\Controllers\ApiController))
 7 SYSTEMPATH\CodeIgniter.php(340): CodeIgniter\CodeIgniter->handleRequest(null, Object(Config\Cache), false)
 8 SYSTEMPATH\Boot.php(417): CodeIgniter\CodeIgniter->run()
 9 SYSTEMPATH\Boot.php(68): CodeIgniter\Boot::runCodeIgniter(Object(CodeIgniter\CodeIgniter))
10 FCPATH\index.php(54): CodeIgniter\Boot::bootWeb(Object(Config\Paths))
CRITICAL - 2026-05-06 13:46:48 --> ErrorException: Uncaught CodeIgniter\Format\Exceptions\FormatException: Failed to parse JSON string. Error: Malformed UTF-8 characters, possibly incorrectly encoded in C:\Users\pablo\OneDrive\Documentos\GitHub\JuseaRepository\vendor\codeigniter4\framework\system\Format\JSONFormatter.php:47
Stack trace:
#0 C:\Users\pablo\OneDrive\Documentos\GitHub\JuseaRepository\vendor\codeigniter4\framework\system\Format\JSONFormatter.php(47): CodeIgniter\Format\Exceptions\FormatException::forInvalidJSON('Malformed UTF-8...')
#1 C:\Users\pablo\OneDrive\Documentos\GitHub\JuseaRepository\vendor\codeigniter4\framework\system\API\ResponseTrait.php(352): CodeIgniter\Format\JSONFormatter->format(Array)
#2 C:\Users\pablo\OneDrive\Documentos\GitHub\JuseaRepository\vendor\codeigniter4\framework\system\API\ResponseTrait.php(111): CodeIgniter\Debug\ExceptionHandler->format(Array)
#3 C:\Users\pablo\OneDrive\Documentos\GitHub\JuseaRepository\vendor\codeigniter4\framework\system\Debug\ExceptionHandler.php(95): CodeIgniter\Debug\ExceptionHandler->respond(Array, 500)
#4 C:\Users\pablo\OneDrive\Documentos\GitHub\JuseaRepository\vendor\codeigniter4\framework\system\Debug\Exceptions.php(151): CodeIgniter\Debug\ExceptionHandler->handle(Object(CodeIgniter\Format\Exceptions\FormatException), Object(CodeIgniter\HTTP\IncomingRequest), Object(CodeIgniter\HTTP\Response), 500, 1)
#5 [internal function]: CodeIgniter\Debug\Exceptions->exceptionHandler(Object(CodeIgniter\Format\Exceptions\FormatException))
#6 {main}
  thrown
【Previous Exception】
CodeIgniter\Format\Exceptions\FormatException
Failed to parse JSON string. Error: Malformed UTF-8 characters, possibly incorrectly encoded
#0 C:\Users\pablo\OneDrive\Documentos\GitHub\JuseaRepository\vendor\codeigniter4\framework\system\Format\JSONFormatter.php(47): CodeIgniter\Format\Exceptions\FormatException::forInvalidJSON('Malformed UTF-8...')
#1 C:\Users\pablo\OneDrive\Documentos\GitHub\JuseaRepository\vendor\codeigniter4\framework\system\HTTP\ResponseTrait.php(252): CodeIgniter\Format\JSONFormatter->format(Array)
#2 C:\Users\pablo\OneDrive\Documentos\GitHub\JuseaRepository\vendor\codeigniter4\framework\system\HTTP\ResponseTrait.php(178): CodeIgniter\HTTP\Response->formatBody(Array, 'json')
#3 C:\Users\pablo\OneDrive\Documentos\GitHub\JuseaRepository\app\Controllers\ApiController.php(51): CodeIgniter\HTTP\Response->setJSON(Array)
#4 C:\Users\pablo\OneDrive\Documentos\GitHub\JuseaRepository\vendor\codeigniter4\framework\system\CodeIgniter.php(951): App\Controllers\ApiController->buscarPersonaPorApellido()
#5 C:\Users\pablo\OneDrive\Documentos\GitHub\JuseaRepository\vendor\codeigniter4\framework\system\CodeIgniter.php(497): CodeIgniter\CodeIgniter->runController(Object(App\Controllers\ApiController))
#6 C:\Users\pablo\OneDrive\Documentos\GitHub\JuseaRepository\vendor\codeigniter4\framework\system\CodeIgniter.php(340): CodeIgniter\CodeIgniter->handleRequest(NULL, Object(Config\Cache), false)
#7 C:\Users\pablo\OneDrive\Documentos\GitHub\JuseaRepository\vendor\codeigniter4\framework\system\Boot.php(417): CodeIgniter\CodeIgniter->run()
#8 C:\Users\pablo\OneDrive\Documentos\GitHub\JuseaRepository\vendor\codeigniter4\framework\system\Boot.php(68): CodeIgniter\Boot::runCodeIgniter(Object(CodeIgniter\CodeIgniter))
#9 C:\Users\pablo\OneDrive\Documentos\GitHub\JuseaRepository\public\index.php(54): CodeIgniter\Boot::bootWeb(Object(Config\Paths))
#10 {main}
[Method: GET, Route: api/persona/buscar-apellido]
in SYSTEMPATH\Format\JSONFormatter.php on line 47.
 1 [internal function]: CodeIgniter\Debug\Exceptions->shutdownHandler()
CRITICAL - 2026-05-06 13:46:49 --> CodeIgniter\Format\Exceptions\FormatException: Failed to parse JSON string. Error: Malformed UTF-8 characters, possibly incorrectly encoded
[Method: GET, Route: api/persona/buscar-apellido]
in SYSTEMPATH\Format\JSONFormatter.php on line 47.
 1 SYSTEMPATH\Format\JSONFormatter.php(47): CodeIgniter\Format\Exceptions\FormatException::forInvalidJSON('Malformed UTF-8 characters, possibly incorrectly encoded')
 2 SYSTEMPATH\HTTP\ResponseTrait.php(252): CodeIgniter\Format\JSONFormatter->format([...])
 3 SYSTEMPATH\HTTP\ResponseTrait.php(178): CodeIgniter\HTTP\Response->formatBody([...], 'json')
 4 APPPATH\Controllers\ApiController.php(51): CodeIgniter\HTTP\Response->setJSON([...])
 5 SYSTEMPATH\CodeIgniter.php(951): App\Controllers\ApiController->buscarPersonaPorApellido()
 6 SYSTEMPATH\CodeIgniter.php(497): CodeIgniter\CodeIgniter->runController(Object(App\Controllers\ApiController))
 7 SYSTEMPATH\CodeIgniter.php(340): CodeIgniter\CodeIgniter->handleRequest(null, Object(Config\Cache), false)
 8 SYSTEMPATH\Boot.php(417): CodeIgniter\CodeIgniter->run()
 9 SYSTEMPATH\Boot.php(68): CodeIgniter\Boot::runCodeIgniter(Object(CodeIgniter\CodeIgniter))
10 FCPATH\index.php(54): CodeIgniter\Boot::bootWeb(Object(Config\Paths))
CRITICAL - 2026-05-06 13:46:49 --> ErrorException: Uncaught CodeIgniter\Format\Exceptions\FormatException: Failed to parse JSON string. Error: Malformed UTF-8 characters, possibly incorrectly encoded in C:\Users\pablo\OneDrive\Documentos\GitHub\JuseaRepository\vendor\codeigniter4\framework\system\Format\JSONFormatter.php:47
Stack trace:
#0 C:\Users\pablo\OneDrive\Documentos\GitHub\JuseaRepository\vendor\codeigniter4\framework\system\Format\JSONFormatter.php(47): CodeIgniter\Format\Exceptions\FormatException::forInvalidJSON('Malformed UTF-8...')
#1 C:\Users\pablo\OneDrive\Documentos\GitHub\JuseaRepository\vendor\codeigniter4\framework\system\API\ResponseTrait.php(352): CodeIgniter\Format\JSONFormatter->format(Array)
#2 C:\Users\pablo\OneDrive\Documentos\GitHub\JuseaRepository\vendor\codeigniter4\framework\system\API\ResponseTrait.php(111): CodeIgniter\Debug\ExceptionHandler->format(Array)
#3 C:\Users\pablo\OneDrive\Documentos\GitHub\JuseaRepository\vendor\codeigniter4\framework\system\Debug\ExceptionHandler.php(95): CodeIgniter\Debug\ExceptionHandler->respond(Array, 500)
#4 C:\Users\pablo\OneDrive\Documentos\GitHub\JuseaRepository\vendor\codeigniter4\framework\system\Debug\Exceptions.php(151): CodeIgniter\Debug\ExceptionHandler->handle(Object(CodeIgniter\Format\Exceptions\FormatException), Object(CodeIgniter\HTTP\IncomingRequest), Object(CodeIgniter\HTTP\Response), 500, 1)
#5 [internal function]: CodeIgniter\Debug\Exceptions->exceptionHandler(Object(CodeIgniter\Format\Exceptions\FormatException))
#6 {main}
  thrown
【Previous Exception】
CodeIgniter\Format\Exceptions\FormatException
Failed to parse JSON string. Error: Malformed UTF-8 characters, possibly incorrectly encoded
#0 C:\Users\pablo\OneDrive\Documentos\GitHub\JuseaRepository\vendor\codeigniter4\framework\system\Format\JSONFormatter.php(47): CodeIgniter\Format\Exceptions\FormatException::forInvalidJSON('Malformed UTF-8...')
#1 C:\Users\pablo\OneDrive\Documentos\GitHub\JuseaRepository\vendor\codeigniter4\framework\system\HTTP\ResponseTrait.php(252): CodeIgniter\Format\JSONFormatter->format(Array)
#2 C:\Users\pablo\OneDrive\Documentos\GitHub\JuseaRepository\vendor\codeigniter4\framework\system\HTTP\ResponseTrait.php(178): CodeIgniter\HTTP\Response->formatBody(Array, 'json')
#3 C:\Users\pablo\OneDrive\Documentos\GitHub\JuseaRepository\app\Controllers\ApiController.php(51): CodeIgniter\HTTP\Response->setJSON(Array)
#4 C:\Users\pablo\OneDrive\Documentos\GitHub\JuseaRepository\vendor\codeigniter4\framework\system\CodeIgniter.php(951): App\Controllers\ApiController->buscarPersonaPorApellido()
#5 C:\Users\pablo\OneDrive\Documentos\GitHub\JuseaRepository\vendor\codeigniter4\framework\system\CodeIgniter.php(497): CodeIgniter\CodeIgniter->runController(Object(App\Controllers\ApiController))
#6 C:\Users\pablo\OneDrive\Documentos\GitHub\JuseaRepository\vendor\codeigniter4\framework\system\CodeIgniter.php(340): CodeIgniter\CodeIgniter->handleRequest(NULL, Object(Config\Cache), false)
#7 C:\Users\pablo\OneDrive\Documentos\GitHub\JuseaRepository\vendor\codeigniter4\framework\system\Boot.php(417): CodeIgniter\CodeIgniter->run()
#8 C:\Users\pablo\OneDrive\Documentos\GitHub\JuseaRepository\vendor\codeigniter4\framework\system\Boot.php(68): CodeIgniter\Boot::runCodeIgniter(Object(CodeIgniter\CodeIgniter))
#9 C:\Users\pablo\OneDrive\Documentos\GitHub\JuseaRepository\public\index.php(54): CodeIgniter\Boot::bootWeb(Object(Config\Paths))
#10 {main}
[Method: GET, Route: api/persona/buscar-apellido]
in SYSTEMPATH\Format\JSONFormatter.php on line 47.
 1 [internal function]: CodeIgniter\Debug\Exceptions->shutdownHandler()
CRITICAL - 2026-05-06 13:46:49 --> CodeIgniter\Format\Exceptions\FormatException: Failed to parse JSON string. Error: Malformed UTF-8 characters, possibly incorrectly encoded
[Method: GET, Route: api/persona/buscar-apellido]
in SYSTEMPATH\Format\JSONFormatter.php on line 47.
 1 SYSTEMPATH\Format\JSONFormatter.php(47): CodeIgniter\Format\Exceptions\FormatException::forInvalidJSON('Malformed UTF-8 characters, possibly incorrectly encoded')
 2 SYSTEMPATH\HTTP\ResponseTrait.php(252): CodeIgniter\Format\JSONFormatter->format([...])
 3 SYSTEMPATH\HTTP\ResponseTrait.php(178): CodeIgniter\HTTP\Response->formatBody([...], 'json')
 4 APPPATH\Controllers\ApiController.php(51): CodeIgniter\HTTP\Response->setJSON([...])
 5 SYSTEMPATH\CodeIgniter.php(951): App\Controllers\ApiController->buscarPersonaPorApellido()
 6 SYSTEMPATH\CodeIgniter.php(497): CodeIgniter\CodeIgniter->runController(Object(App\Controllers\ApiController))
 7 SYSTEMPATH\CodeIgniter.php(340): CodeIgniter\CodeIgniter->handleRequest(null, Object(Config\Cache), false)
 8 SYSTEMPATH\Boot.php(417): CodeIgniter\CodeIgniter->run()
 9 SYSTEMPATH\Boot.php(68): CodeIgniter\Boot::runCodeIgniter(Object(CodeIgniter\CodeIgniter))
10 FCPATH\index.php(54): CodeIgniter\Boot::bootWeb(Object(Config\Paths))
CRITICAL - 2026-05-06 13:46:49 --> ErrorException: Uncaught CodeIgniter\Format\Exceptions\FormatException: Failed to parse JSON string. Error: Malformed UTF-8 characters, possibly incorrectly encoded in C:\Users\pablo\OneDrive\Documentos\GitHub\JuseaRepository\vendor\codeigniter4\framework\system\Format\JSONFormatter.php:47
Stack trace:
#0 C:\Users\pablo\OneDrive\Documentos\GitHub\JuseaRepository\vendor\codeigniter4\framework\system\Format\JSONFormatter.php(47): CodeIgniter\Format\Exceptions\FormatException::forInvalidJSON('Malformed UTF-8...')
#1 C:\Users\pablo\OneDrive\Documentos\GitHub\JuseaRepository\vendor\codeigniter4\framework\system\API\ResponseTrait.php(352): CodeIgniter\Format\JSONFormatter->format(Array)
#2 C:\Users\pablo\OneDrive\Documentos\GitHub\JuseaRepository\vendor\codeigniter4\framework\system\API\ResponseTrait.php(111): CodeIgniter\Debug\ExceptionHandler->format(Array)
#3 C:\Users\pablo\OneDrive\Documentos\GitHub\JuseaRepository\vendor\codeigniter4\framework\system\Debug\ExceptionHandler.php(95): CodeIgniter\Debug\ExceptionHandler->respond(Array, 500)
#4 C:\Users\pablo\OneDrive\Documentos\GitHub\JuseaRepository\vendor\codeigniter4\framework\system\Debug\Exceptions.php(151): CodeIgniter\Debug\ExceptionHandler->handle(Object(CodeIgniter\Format\Exceptions\FormatException), Object(CodeIgniter\HTTP\IncomingRequest), Object(CodeIgniter\HTTP\Response), 500, 1)
#5 [internal function]: CodeIgniter\Debug\Exceptions->exceptionHandler(Object(CodeIgniter\Format\Exceptions\FormatException))
#6 {main}
  thrown
【Previous Exception】
CodeIgniter\Format\Exceptions\FormatException
Failed to parse JSON string. Error: Malformed UTF-8 characters, possibly incorrectly encoded
#0 C:\Users\pablo\OneDrive\Documentos\GitHub\JuseaRepository\vendor\codeigniter4\framework\system\Format\JSONFormatter.php(47): CodeIgniter\Format\Exceptions\FormatException::forInvalidJSON('Malformed UTF-8...')
#1 C:\Users\pablo\OneDrive\Documentos\GitHub\JuseaRepository\vendor\codeigniter4\framework\system\HTTP\ResponseTrait.php(252): CodeIgniter\Format\JSONFormatter->format(Array)
#2 C:\Users\pablo\OneDrive\Documentos\GitHub\JuseaRepository\vendor\codeigniter4\framework\system\HTTP\ResponseTrait.php(178): CodeIgniter\HTTP\Response->formatBody(Array, 'json')
#3 C:\Users\pablo\OneDrive\Documentos\GitHub\JuseaRepository\app\Controllers\ApiController.php(51): CodeIgniter\HTTP\Response->setJSON(Array)
#4 C:\Users\pablo\OneDrive\Documentos\GitHub\JuseaRepository\vendor\codeigniter4\framework\system\CodeIgniter.php(951): App\Controllers\ApiController->buscarPersonaPorApellido()
#5 C:\Users\pablo\OneDrive\Documentos\GitHub\JuseaRepository\vendor\codeigniter4\framework\system\CodeIgniter.php(497): CodeIgniter\CodeIgniter->runController(Object(App\Controllers\ApiController))
#6 C:\Users\pablo\OneDrive\Documentos\GitHub\JuseaRepository\vendor\codeigniter4\framework\system\CodeIgniter.php(340): CodeIgniter\CodeIgniter->handleRequest(NULL, Object(Config\Cache), false)
#7 C:\Users\pablo\OneDrive\Documentos\GitHub\JuseaRepository\vendor\codeigniter4\framework\system\Boot.php(417): CodeIgniter\CodeIgniter->run()
#8 C:\Users\pablo\OneDrive\Documentos\GitHub\JuseaRepository\vendor\codeigniter4\framework\system\Boot.php(68): CodeIgniter\Boot::runCodeIgniter(Object(CodeIgniter\CodeIgniter))
#9 C:\Users\pablo\OneDrive\Documentos\GitHub\JuseaRepository\public\index.php(54): CodeIgniter\Boot::bootWeb(Object(Config\Paths))
#10 {main}
[Method: GET, Route: api/persona/buscar-apellido]
in SYSTEMPATH\Format\JSONFormatter.php on line 47.
 1 [internal function]: CodeIgniter\Debug\Exceptions->shutdownHandler()
CRITICAL - 2026-05-06 13:46:50 --> CodeIgniter\Format\Exceptions\FormatException: Failed to parse JSON string. Error: Malformed UTF-8 characters, possibly incorrectly encoded
[Method: GET, Route: api/persona/buscar-apellido]
in SYSTEMPATH\Format\JSONFormatter.php on line 47.
 1 SYSTEMPATH\Format\JSONFormatter.php(47): CodeIgniter\Format\Exceptions\FormatException::forInvalidJSON('Malformed UTF-8 characters, possibly incorrectly encoded')
 2 SYSTEMPATH\HTTP\ResponseTrait.php(252): CodeIgniter\Format\JSONFormatter->format([...])
 3 SYSTEMPATH\HTTP\ResponseTrait.php(178): CodeIgniter\HTTP\Response->formatBody([...], 'json')
 4 APPPATH\Controllers\ApiController.php(51): CodeIgniter\HTTP\Response->setJSON([...])
 5 SYSTEMPATH\CodeIgniter.php(951): App\Controllers\ApiController->buscarPersonaPorApellido()
 6 SYSTEMPATH\CodeIgniter.php(497): CodeIgniter\CodeIgniter->runController(Object(App\Controllers\ApiController))
 7 SYSTEMPATH\CodeIgniter.php(340): CodeIgniter\CodeIgniter->handleRequest(null, Object(Config\Cache), false)
 8 SYSTEMPATH\Boot.php(417): CodeIgniter\CodeIgniter->run()
 9 SYSTEMPATH\Boot.php(68): CodeIgniter\Boot::runCodeIgniter(Object(CodeIgniter\CodeIgniter))
10 FCPATH\index.php(54): CodeIgniter\Boot::bootWeb(Object(Config\Paths))
CRITICAL - 2026-05-06 13:46:50 --> ErrorException: Uncaught CodeIgniter\Format\Exceptions\FormatException: Failed to parse JSON string. Error: Malformed UTF-8 characters, possibly incorrectly encoded in C:\Users\pablo\OneDrive\Documentos\GitHub\JuseaRepository\vendor\codeigniter4\framework\system\Format\JSONFormatter.php:47
Stack trace:
#0 C:\Users\pablo\OneDrive\Documentos\GitHub\JuseaRepository\vendor\codeigniter4\framework\system\Format\JSONFormatter.php(47): CodeIgniter\Format\Exceptions\FormatException::forInvalidJSON('Malformed UTF-8...')
#1 C:\Users\pablo\OneDrive\Documentos\GitHub\JuseaRepository\vendor\codeigniter4\framework\system\API\ResponseTrait.php(352): CodeIgniter\Format\JSONFormatter->format(Array)
#2 C:\Users\pablo\OneDrive\Documentos\GitHub\JuseaRepository\vendor\codeigniter4\framework\system\API\ResponseTrait.php(111): CodeIgniter\Debug\ExceptionHandler->format(Array)
#3 C:\Users\pablo\OneDrive\Documentos\GitHub\JuseaRepository\vendor\codeigniter4\framework\system\Debug\ExceptionHandler.php(95): CodeIgniter\Debug\ExceptionHandler->respond(Array, 500)
#4 C:\Users\pablo\OneDrive\Documentos\GitHub\JuseaRepository\vendor\codeigniter4\framework\system\Debug\Exceptions.php(151): CodeIgniter\Debug\ExceptionHandler->handle(Object(CodeIgniter\Format\Exceptions\FormatException), Object(CodeIgniter\HTTP\IncomingRequest), Object(CodeIgniter\HTTP\Response), 500, 1)
#5 [internal function]: CodeIgniter\Debug\Exceptions->exceptionHandler(Object(CodeIgniter\Format\Exceptions\FormatException))
#6 {main}
  thrown
【Previous Exception】
CodeIgniter\Format\Exceptions\FormatException
Failed to parse JSON string. Error: Malformed UTF-8 characters, possibly incorrectly encoded
#0 C:\Users\pablo\OneDrive\Documentos\GitHub\JuseaRepository\vendor\codeigniter4\framework\system\Format\JSONFormatter.php(47): CodeIgniter\Format\Exceptions\FormatException::forInvalidJSON('Malformed UTF-8...')
#1 C:\Users\pablo\OneDrive\Documentos\GitHub\JuseaRepository\vendor\codeigniter4\framework\system\HTTP\ResponseTrait.php(252): CodeIgniter\Format\JSONFormatter->format(Array)
#2 C:\Users\pablo\OneDrive\Documentos\GitHub\JuseaRepository\vendor\codeigniter4\framework\system\HTTP\ResponseTrait.php(178): CodeIgniter\HTTP\Response->formatBody(Array, 'json')
#3 C:\Users\pablo\OneDrive\Documentos\GitHub\JuseaRepository\app\Controllers\ApiController.php(51): CodeIgniter\HTTP\Response->setJSON(Array)
#4 C:\Users\pablo\OneDrive\Documentos\GitHub\JuseaRepository\vendor\codeigniter4\framework\system\CodeIgniter.php(951): App\Controllers\ApiController->buscarPersonaPorApellido()
#5 C:\Users\pablo\OneDrive\Documentos\GitHub\JuseaRepository\vendor\codeigniter4\framework\system\CodeIgniter.php(497): CodeIgniter\CodeIgniter->runController(Object(App\Controllers\ApiController))
#6 C:\Users\pablo\OneDrive\Documentos\GitHub\JuseaRepository\vendor\codeigniter4\framework\system\CodeIgniter.php(340): CodeIgniter\CodeIgniter->handleRequest(NULL, Object(Config\Cache), false)
#7 C:\Users\pablo\OneDrive\Documentos\GitHub\JuseaRepository\vendor\codeigniter4\framework\system\Boot.php(417): CodeIgniter\CodeIgniter->run()
#8 C:\Users\pablo\OneDrive\Documentos\GitHub\JuseaRepository\vendor\codeigniter4\framework\system\Boot.php(68): CodeIgniter\Boot::runCodeIgniter(Object(CodeIgniter\CodeIgniter))
#9 C:\Users\pablo\OneDrive\Documentos\GitHub\JuseaRepository\public\index.php(54): CodeIgniter\Boot::bootWeb(Object(Config\Paths))
#10 {main}
[Method: GET, Route: api/persona/buscar-apellido]
in SYSTEMPATH\Format\JSONFormatter.php on line 47.
 1 [internal function]: CodeIgniter\Debug\Exceptions->shutdownHandler()
CRITICAL - 2026-05-06 13:46:50 --> CodeIgniter\Format\Exceptions\FormatException: Failed to parse JSON string. Error: Malformed UTF-8 characters, possibly incorrectly encoded
[Method: GET, Route: api/persona/buscar-apellido]
in SYSTEMPATH\Format\JSONFormatter.php on line 47.
 1 SYSTEMPATH\Format\JSONFormatter.php(47): CodeIgniter\Format\Exceptions\FormatException::forInvalidJSON('Malformed UTF-8 characters, possibly incorrectly encoded')
 2 SYSTEMPATH\HTTP\ResponseTrait.php(252): CodeIgniter\Format\JSONFormatter->format([...])
 3 SYSTEMPATH\HTTP\ResponseTrait.php(178): CodeIgniter\HTTP\Response->formatBody([...], 'json')
 4 APPPATH\Controllers\ApiController.php(51): CodeIgniter\HTTP\Response->setJSON([...])
 5 SYSTEMPATH\CodeIgniter.php(951): App\Controllers\ApiController->buscarPersonaPorApellido()
 6 SYSTEMPATH\CodeIgniter.php(497): CodeIgniter\CodeIgniter->runController(Object(App\Controllers\ApiController))
 7 SYSTEMPATH\CodeIgniter.php(340): CodeIgniter\CodeIgniter->handleRequest(null, Object(Config\Cache), false)
 8 SYSTEMPATH\Boot.php(417): CodeIgniter\CodeIgniter->run()
 9 SYSTEMPATH\Boot.php(68): CodeIgniter\Boot::runCodeIgniter(Object(CodeIgniter\CodeIgniter))
10 FCPATH\index.php(54): CodeIgniter\Boot::bootWeb(Object(Config\Paths))
CRITICAL - 2026-05-06 13:46:50 --> ErrorException: Uncaught CodeIgniter\Format\Exceptions\FormatException: Failed to parse JSON string. Error: Malformed UTF-8 characters, possibly incorrectly encoded in C:\Users\pablo\OneDrive\Documentos\GitHub\JuseaRepository\vendor\codeigniter4\framework\system\Format\JSONFormatter.php:47
Stack trace:
#0 C:\Users\pablo\OneDrive\Documentos\GitHub\JuseaRepository\vendor\codeigniter4\framework\system\Format\JSONFormatter.php(47): CodeIgniter\Format\Exceptions\FormatException::forInvalidJSON('Malformed UTF-8...')
#1 C:\Users\pablo\OneDrive\Documentos\GitHub\JuseaRepository\vendor\codeigniter4\framework\system\API\ResponseTrait.php(352): CodeIgniter\Format\JSONFormatter->format(Array)
#2 C:\Users\pablo\OneDrive\Documentos\GitHub\JuseaRepository\vendor\codeigniter4\framework\system\API\ResponseTrait.php(111): CodeIgniter\Debug\ExceptionHandler->format(Array)
#3 C:\Users\pablo\OneDrive\Documentos\GitHub\JuseaRepository\vendor\codeigniter4\framework\system\Debug\ExceptionHandler.php(95): CodeIgniter\Debug\ExceptionHandler->respond(Array, 500)
#4 C:\Users\pablo\OneDrive\Documentos\GitHub\JuseaRepository\vendor\codeigniter4\framework\system\Debug\Exceptions.php(151): CodeIgniter\Debug\ExceptionHandler->handle(Object(CodeIgniter\Format\Exceptions\FormatException), Object(CodeIgniter\HTTP\IncomingRequest), Object(CodeIgniter\HTTP\Response), 500, 1)
#5 [internal function]: CodeIgniter\Debug\Exceptions->exceptionHandler(Object(CodeIgniter\Format\Exceptions\FormatException))
#6 {main}
  thrown
【Previous Exception】
CodeIgniter\Format\Exceptions\FormatException
Failed to parse JSON string. Error: Malformed UTF-8 characters, possibly incorrectly encoded
#0 C:\Users\pablo\OneDrive\Documentos\GitHub\JuseaRepository\vendor\codeigniter4\framework\system\Format\JSONFormatter.php(47): CodeIgniter\Format\Exceptions\FormatException::forInvalidJSON('Malformed UTF-8...')
#1 C:\Users\pablo\OneDrive\Documentos\GitHub\JuseaRepository\vendor\codeigniter4\framework\system\HTTP\ResponseTrait.php(252): CodeIgniter\Format\JSONFormatter->format(Array)
#2 C:\Users\pablo\OneDrive\Documentos\GitHub\JuseaRepository\vendor\codeigniter4\framework\system\HTTP\ResponseTrait.php(178): CodeIgniter\HTTP\Response->formatBody(Array, 'json')
#3 C:\Users\pablo\OneDrive\Documentos\GitHub\JuseaRepository\app\Controllers\ApiController.php(51): CodeIgniter\HTTP\Response->setJSON(Array)
#4 C:\Users\pablo\OneDrive\Documentos\GitHub\JuseaRepository\vendor\codeigniter4\framework\system\CodeIgniter.php(951): App\Controllers\ApiController->buscarPersonaPorApellido()
#5 C:\Users\pablo\OneDrive\Documentos\GitHub\JuseaRepository\vendor\codeigniter4\framework\system\CodeIgniter.php(497): CodeIgniter\CodeIgniter->runController(Object(App\Controllers\ApiController))
#6 C:\Users\pablo\OneDrive\Documentos\GitHub\JuseaRepository\vendor\codeigniter4\framework\system\CodeIgniter.php(340): CodeIgniter\CodeIgniter->handleRequest(NULL, Object(Config\Cache), false)
#7 C:\Users\pablo\OneDrive\Documentos\GitHub\JuseaRepository\vendor\codeigniter4\framework\system\Boot.php(417): CodeIgniter\CodeIgniter->run()
#8 C:\Users\pablo\OneDrive\Documentos\GitHub\JuseaRepository\vendor\codeigniter4\framework\system\Boot.php(68): CodeIgniter\Boot::runCodeIgniter(Object(CodeIgniter\CodeIgniter))
#9 C:\Users\pablo\OneDrive\Documentos\GitHub\JuseaRepository\public\index.php(54): CodeIgniter\Boot::bootWeb(Object(Config\Paths))
#10 {main}
[Method: GET, Route: api/persona/buscar-apellido]
in SYSTEMPATH\Format\JSONFormatter.php on line 47.
 1 [internal function]: CodeIgniter\Debug\Exceptions->shutdownHandler()
CRITICAL - 2026-05-06 13:47:12 --> CodeIgniter\Format\Exceptions\FormatException: Failed to parse JSON string. Error: Malformed UTF-8 characters, possibly incorrectly encoded
[Method: GET, Route: api/persona/buscar-apellido]
in SYSTEMPATH\Format\JSONFormatter.php on line 47.
 1 SYSTEMPATH\Format\JSONFormatter.php(47): CodeIgniter\Format\Exceptions\FormatException::forInvalidJSON('Malformed UTF-8 characters, possibly incorrectly encoded')
 2 SYSTEMPATH\HTTP\ResponseTrait.php(252): CodeIgniter\Format\JSONFormatter->format([...])
 3 SYSTEMPATH\HTTP\ResponseTrait.php(178): CodeIgniter\HTTP\Response->formatBody([...], 'json')
 4 APPPATH\Controllers\ApiController.php(51): CodeIgniter\HTTP\Response->setJSON([...])
 5 SYSTEMPATH\CodeIgniter.php(951): App\Controllers\ApiController->buscarPersonaPorApellido()
 6 SYSTEMPATH\CodeIgniter.php(497): CodeIgniter\CodeIgniter->runController(Object(App\Controllers\ApiController))
 7 SYSTEMPATH\CodeIgniter.php(340): CodeIgniter\CodeIgniter->handleRequest(null, Object(Config\Cache), false)
 8 SYSTEMPATH\Boot.php(417): CodeIgniter\CodeIgniter->run()
 9 SYSTEMPATH\Boot.php(68): CodeIgniter\Boot::runCodeIgniter(Object(CodeIgniter\CodeIgniter))
10 FCPATH\index.php(54): CodeIgniter\Boot::bootWeb(Object(Config\Paths))
CRITICAL - 2026-05-06 13:47:12 --> ErrorException: Uncaught CodeIgniter\Format\Exceptions\FormatException: Failed to parse JSON string. Error: Malformed UTF-8 characters, possibly incorrectly encoded in C:\Users\pablo\OneDrive\Documentos\GitHub\JuseaRepository\vendor\codeigniter4\framework\system\Format\JSONFormatter.php:47
Stack trace:
#0 C:\Users\pablo\OneDrive\Documentos\GitHub\JuseaRepository\vendor\codeigniter4\framework\system\Format\JSONFormatter.php(47): CodeIgniter\Format\Exceptions\FormatException::forInvalidJSON('Malformed UTF-8...')
#1 C:\Users\pablo\OneDrive\Documentos\GitHub\JuseaRepository\vendor\codeigniter4\framework\system\API\ResponseTrait.php(352): CodeIgniter\Format\JSONFormatter->format(Array)
#2 C:\Users\pablo\OneDrive\Documentos\GitHub\JuseaRepository\vendor\codeigniter4\framework\system\API\ResponseTrait.php(111): CodeIgniter\Debug\ExceptionHandler->format(Array)
#3 C:\Users\pablo\OneDrive\Documentos\GitHub\JuseaRepository\vendor\codeigniter4\framework\system\Debug\ExceptionHandler.php(95): CodeIgniter\Debug\ExceptionHandler->respond(Array, 500)
#4 C:\Users\pablo\OneDrive\Documentos\GitHub\JuseaRepository\vendor\codeigniter4\framework\system\Debug\Exceptions.php(151): CodeIgniter\Debug\ExceptionHandler->handle(Object(CodeIgniter\Format\Exceptions\FormatException), Object(CodeIgniter\HTTP\IncomingRequest), Object(CodeIgniter\HTTP\Response), 500, 1)
#5 [internal function]: CodeIgniter\Debug\Exceptions->exceptionHandler(Object(CodeIgniter\Format\Exceptions\FormatException))
#6 {main}
  thrown
【Previous Exception】
CodeIgniter\Format\Exceptions\FormatException
Failed to parse JSON string. Error: Malformed UTF-8 characters, possibly incorrectly encoded
#0 C:\Users\pablo\OneDrive\Documentos\GitHub\JuseaRepository\vendor\codeigniter4\framework\system\Format\JSONFormatter.php(47): CodeIgniter\Format\Exceptions\FormatException::forInvalidJSON('Malformed UTF-8...')
#1 C:\Users\pablo\OneDrive\Documentos\GitHub\JuseaRepository\vendor\codeigniter4\framework\system\HTTP\ResponseTrait.php(252): CodeIgniter\Format\JSONFormatter->format(Array)
#2 C:\Users\pablo\OneDrive\Documentos\GitHub\JuseaRepository\vendor\codeigniter4\framework\system\HTTP\ResponseTrait.php(178): CodeIgniter\HTTP\Response->formatBody(Array, 'json')
#3 C:\Users\pablo\OneDrive\Documentos\GitHub\JuseaRepository\app\Controllers\ApiController.php(51): CodeIgniter\HTTP\Response->setJSON(Array)
#4 C:\Users\pablo\OneDrive\Documentos\GitHub\JuseaRepository\vendor\codeigniter4\framework\system\CodeIgniter.php(951): App\Controllers\ApiController->buscarPersonaPorApellido()
#5 C:\Users\pablo\OneDrive\Documentos\GitHub\JuseaRepository\vendor\codeigniter4\framework\system\CodeIgniter.php(497): CodeIgniter\CodeIgniter->runController(Object(App\Controllers\ApiController))
#6 C:\Users\pablo\OneDrive\Documentos\GitHub\JuseaRepository\vendor\codeigniter4\framework\system\CodeIgniter.php(340): CodeIgniter\CodeIgniter->handleRequest(NULL, Object(Config\Cache), false)
#7 C:\Users\pablo\OneDrive\Documentos\GitHub\JuseaRepository\vendor\codeigniter4\framework\system\Boot.php(417): CodeIgniter\CodeIgniter->run()
#8 C:\Users\pablo\OneDrive\Documentos\GitHub\JuseaRepository\vendor\codeigniter4\framework\system\Boot.php(68): CodeIgniter\Boot::runCodeIgniter(Object(CodeIgniter\CodeIgniter))
#9 C:\Users\pablo\OneDrive\Documentos\GitHub\JuseaRepository\public\index.php(54): CodeIgniter\Boot::bootWeb(Object(Config\Paths))
#10 {main}
[Method: GET, Route: api/persona/buscar-apellido]
in SYSTEMPATH\Format\JSONFormatter.php on line 47.
 1 [internal function]: CodeIgniter\Debug\Exceptions->shutdownHandler()
CRITICAL - 2026-05-06 13:47:12 --> CodeIgniter\Format\Exceptions\FormatException: Failed to parse JSON string. Error: Malformed UTF-8 characters, possibly incorrectly encoded
[Method: GET, Route: api/persona/buscar-apellido]
in SYSTEMPATH\Format\JSONFormatter.php on line 47.
 1 SYSTEMPATH\Format\JSONFormatter.php(47): CodeIgniter\Format\Exceptions\FormatException::forInvalidJSON('Malformed UTF-8 characters, possibly incorrectly encoded')
 2 SYSTEMPATH\HTTP\ResponseTrait.php(252): CodeIgniter\Format\JSONFormatter->format([...])
 3 SYSTEMPATH\HTTP\ResponseTrait.php(178): CodeIgniter\HTTP\Response->formatBody([...], 'json')
 4 APPPATH\Controllers\ApiController.php(51): CodeIgniter\HTTP\Response->setJSON([...])
 5 SYSTEMPATH\CodeIgniter.php(951): App\Controllers\ApiController->buscarPersonaPorApellido()
 6 SYSTEMPATH\CodeIgniter.php(497): CodeIgniter\CodeIgniter->runController(Object(App\Controllers\ApiController))
 7 SYSTEMPATH\CodeIgniter.php(340): CodeIgniter\CodeIgniter->handleRequest(null, Object(Config\Cache), false)
 8 SYSTEMPATH\Boot.php(417): CodeIgniter\CodeIgniter->run()
 9 SYSTEMPATH\Boot.php(68): CodeIgniter\Boot::runCodeIgniter(Object(CodeIgniter\CodeIgniter))
10 FCPATH\index.php(54): CodeIgniter\Boot::bootWeb(Object(Config\Paths))
CRITICAL - 2026-05-06 13:47:12 --> ErrorException: Uncaught CodeIgniter\Format\Exceptions\FormatException: Failed to parse JSON string. Error: Malformed UTF-8 characters, possibly incorrectly encoded in C:\Users\pablo\OneDrive\Documentos\GitHub\JuseaRepository\vendor\codeigniter4\framework\system\Format\JSONFormatter.php:47
Stack trace:
#0 C:\Users\pablo\OneDrive\Documentos\GitHub\JuseaRepository\vendor\codeigniter4\framework\system\Format\JSONFormatter.php(47): CodeIgniter\Format\Exceptions\FormatException::forInvalidJSON('Malformed UTF-8...')
#1 C:\Users\pablo\OneDrive\Documentos\GitHub\JuseaRepository\vendor\codeigniter4\framework\system\API\ResponseTrait.php(352): CodeIgniter\Format\JSONFormatter->format(Array)
#2 C:\Users\pablo\OneDrive\Documentos\GitHub\JuseaRepository\vendor\codeigniter4\framework\system\API\ResponseTrait.php(111): CodeIgniter\Debug\ExceptionHandler->format(Array)
#3 C:\Users\pablo\OneDrive\Documentos\GitHub\JuseaRepository\vendor\codeigniter4\framework\system\Debug\ExceptionHandler.php(95): CodeIgniter\Debug\ExceptionHandler->respond(Array, 500)
#4 C:\Users\pablo\OneDrive\Documentos\GitHub\JuseaRepository\vendor\codeigniter4\framework\system\Debug\Exceptions.php(151): CodeIgniter\Debug\ExceptionHandler->handle(Object(CodeIgniter\Format\Exceptions\FormatException), Object(CodeIgniter\HTTP\IncomingRequest), Object(CodeIgniter\HTTP\Response), 500, 1)
#5 [internal function]: CodeIgniter\Debug\Exceptions->exceptionHandler(Object(CodeIgniter\Format\Exceptions\FormatException))
#6 {main}
  thrown
【Previous Exception】
CodeIgniter\Format\Exceptions\FormatException
Failed to parse JSON string. Error: Malformed UTF-8 characters, possibly incorrectly encoded
#0 C:\Users\pablo\OneDrive\Documentos\GitHub\JuseaRepository\vendor\codeigniter4\framework\system\Format\JSONFormatter.php(47): CodeIgniter\Format\Exceptions\FormatException::forInvalidJSON('Malformed UTF-8...')
#1 C:\Users\pablo\OneDrive\Documentos\GitHub\JuseaRepository\vendor\codeigniter4\framework\system\HTTP\ResponseTrait.php(252): CodeIgniter\Format\JSONFormatter->format(Array)
#2 C:\Users\pablo\OneDrive\Documentos\GitHub\JuseaRepository\vendor\codeigniter4\framework\system\HTTP\ResponseTrait.php(178): CodeIgniter\HTTP\Response->formatBody(Array, 'json')
#3 C:\Users\pablo\OneDrive\Documentos\GitHub\JuseaRepository\app\Controllers\ApiController.php(51): CodeIgniter\HTTP\Response->setJSON(Array)
#4 C:\Users\pablo\OneDrive\Documentos\GitHub\JuseaRepository\vendor\codeigniter4\framework\system\CodeIgniter.php(951): App\Controllers\ApiController->buscarPersonaPorApellido()
#5 C:\Users\pablo\OneDrive\Documentos\GitHub\JuseaRepository\vendor\codeigniter4\framework\system\CodeIgniter.php(497): CodeIgniter\CodeIgniter->runController(Object(App\Controllers\ApiController))
#6 C:\Users\pablo\OneDrive\Documentos\GitHub\JuseaRepository\vendor\codeigniter4\framework\system\CodeIgniter.php(340): CodeIgniter\CodeIgniter->handleRequest(NULL, Object(Config\Cache), false)
#7 C:\Users\pablo\OneDrive\Documentos\GitHub\JuseaRepository\vendor\codeigniter4\framework\system\Boot.php(417): CodeIgniter\CodeIgniter->run()
#8 C:\Users\pablo\OneDrive\Documentos\GitHub\JuseaRepository\vendor\codeigniter4\framework\system\Boot.php(68): CodeIgniter\Boot::runCodeIgniter(Object(CodeIgniter\CodeIgniter))
#9 C:\Users\pablo\OneDrive\Documentos\GitHub\JuseaRepository\public\index.php(54): CodeIgniter\Boot::bootWeb(Object(Config\Paths))
#10 {main}
[Method: GET, Route: api/persona/buscar-apellido]
in SYSTEMPATH\Format\JSONFormatter.php on line 47.
 1 [internal function]: CodeIgniter\Debug\Exceptions->shutdownHandler()
CRITICAL - 2026-05-06 13:47:12 --> CodeIgniter\Format\Exceptions\FormatException: Failed to parse JSON string. Error: Malformed UTF-8 characters, possibly incorrectly encoded
[Method: GET, Route: api/persona/buscar-apellido]
in SYSTEMPATH\Format\JSONFormatter.php on line 47.
 1 SYSTEMPATH\Format\JSONFormatter.php(47): CodeIgniter\Format\Exceptions\FormatException::forInvalidJSON('Malformed UTF-8 characters, possibly incorrectly encoded')
 2 SYSTEMPATH\HTTP\ResponseTrait.php(252): CodeIgniter\Format\JSONFormatter->format([...])
 3 SYSTEMPATH\HTTP\ResponseTrait.php(178): CodeIgniter\HTTP\Response->formatBody([...], 'json')
 4 APPPATH\Controllers\ApiController.php(51): CodeIgniter\HTTP\Response->setJSON([...])
 5 SYSTEMPATH\CodeIgniter.php(951): App\Controllers\ApiController->buscarPersonaPorApellido()
 6 SYSTEMPATH\CodeIgniter.php(497): CodeIgniter\CodeIgniter->runController(Object(App\Controllers\ApiController))
 7 SYSTEMPATH\CodeIgniter.php(340): CodeIgniter\CodeIgniter->handleRequest(null, Object(Config\Cache), false)
 8 SYSTEMPATH\Boot.php(417): CodeIgniter\CodeIgniter->run()
 9 SYSTEMPATH\Boot.php(68): CodeIgniter\Boot::runCodeIgniter(Object(CodeIgniter\CodeIgniter))
10 FCPATH\index.php(54): CodeIgniter\Boot::bootWeb(Object(Config\Paths))
CRITICAL - 2026-05-06 13:47:12 --> ErrorException: Uncaught CodeIgniter\Format\Exceptions\FormatException: Failed to parse JSON string. Error: Malformed UTF-8 characters, possibly incorrectly encoded in C:\Users\pablo\OneDrive\Documentos\GitHub\JuseaRepository\vendor\codeigniter4\framework\system\Format\JSONFormatter.php:47
Stack trace:
#0 C:\Users\pablo\OneDrive\Documentos\GitHub\JuseaRepository\vendor\codeigniter4\framework\system\Format\JSONFormatter.php(47): CodeIgniter\Format\Exceptions\FormatException::forInvalidJSON('Malformed UTF-8...')
#1 C:\Users\pablo\OneDrive\Documentos\GitHub\JuseaRepository\vendor\codeigniter4\framework\system\API\ResponseTrait.php(352): CodeIgniter\Format\JSONFormatter->format(Array)
#2 C:\Users\pablo\OneDrive\Documentos\GitHub\JuseaRepository\vendor\codeigniter4\framework\system\API\ResponseTrait.php(111): CodeIgniter\Debug\ExceptionHandler->format(Array)
#3 C:\Users\pablo\OneDrive\Documentos\GitHub\JuseaRepository\vendor\codeigniter4\framework\system\Debug\ExceptionHandler.php(95): CodeIgniter\Debug\ExceptionHandler->respond(Array, 500)
#4 C:\Users\pablo\OneDrive\Documentos\GitHub\JuseaRepository\vendor\codeigniter4\framework\system\Debug\Exceptions.php(151): CodeIgniter\Debug\ExceptionHandler->handle(Object(CodeIgniter\Format\Exceptions\FormatException), Object(CodeIgniter\HTTP\IncomingRequest), Object(CodeIgniter\HTTP\Response), 500, 1)
#5 [internal function]: CodeIgniter\Debug\Exceptions->exceptionHandler(Object(CodeIgniter\Format\Exceptions\FormatException))
#6 {main}
  thrown
【Previous Exception】
CodeIgniter\Format\Exceptions\FormatException
Failed to parse JSON string. Error: Malformed UTF-8 characters, possibly incorrectly encoded
#0 C:\Users\pablo\OneDrive\Documentos\GitHub\JuseaRepository\vendor\codeigniter4\framework\system\Format\JSONFormatter.php(47): CodeIgniter\Format\Exceptions\FormatException::forInvalidJSON('Malformed UTF-8...')
#1 C:\Users\pablo\OneDrive\Documentos\GitHub\JuseaRepository\vendor\codeigniter4\framework\system\HTTP\ResponseTrait.php(252): CodeIgniter\Format\JSONFormatter->format(Array)
#2 C:\Users\pablo\OneDrive\Documentos\GitHub\JuseaRepository\vendor\codeigniter4\framework\system\HTTP\ResponseTrait.php(178): CodeIgniter\HTTP\Response->formatBody(Array, 'json')
#3 C:\Users\pablo\OneDrive\Documentos\GitHub\JuseaRepository\app\Controllers\ApiController.php(51): CodeIgniter\HTTP\Response->setJSON(Array)
#4 C:\Users\pablo\OneDrive\Documentos\GitHub\JuseaRepository\vendor\codeigniter4\framework\system\CodeIgniter.php(951): App\Controllers\ApiController->buscarPersonaPorApellido()
#5 C:\Users\pablo\OneDrive\Documentos\GitHub\JuseaRepository\vendor\codeigniter4\framework\system\CodeIgniter.php(497): CodeIgniter\CodeIgniter->runController(Object(App\Controllers\ApiController))
#6 C:\Users\pablo\OneDrive\Documentos\GitHub\JuseaRepository\vendor\codeigniter4\framework\system\CodeIgniter.php(340): CodeIgniter\CodeIgniter->handleRequest(NULL, Object(Config\Cache), false)
#7 C:\Users\pablo\OneDrive\Documentos\GitHub\JuseaRepository\vendor\codeigniter4\framework\system\Boot.php(417): CodeIgniter\CodeIgniter->run()
#8 C:\Users\pablo\OneDrive\Documentos\GitHub\JuseaRepository\vendor\codeigniter4\framework\system\Boot.php(68): CodeIgniter\Boot::runCodeIgniter(Object(CodeIgniter\CodeIgniter))
#9 C:\Users\pablo\OneDrive\Documentos\GitHub\JuseaRepository\public\index.php(54): CodeIgniter\Boot::bootWeb(Object(Config\Paths))
#10 {main}
[Method: GET, Route: api/persona/buscar-apellido]
in SYSTEMPATH\Format\JSONFormatter.php on line 47.
 1 [internal function]: CodeIgniter\Debug\Exceptions->shutdownHandler()
CRITICAL - 2026-05-06 13:47:12 --> CodeIgniter\Format\Exceptions\FormatException: Failed to parse JSON string. Error: Malformed UTF-8 characters, possibly incorrectly encoded
[Method: GET, Route: api/persona/buscar-apellido]
in SYSTEMPATH\Format\JSONFormatter.php on line 47.
 1 SYSTEMPATH\Format\JSONFormatter.php(47): CodeIgniter\Format\Exceptions\FormatException::forInvalidJSON('Malformed UTF-8 characters, possibly incorrectly encoded')
 2 SYSTEMPATH\HTTP\ResponseTrait.php(252): CodeIgniter\Format\JSONFormatter->format([...])
 3 SYSTEMPATH\HTTP\ResponseTrait.php(178): CodeIgniter\HTTP\Response->formatBody([...], 'json')
 4 APPPATH\Controllers\ApiController.php(51): CodeIgniter\HTTP\Response->setJSON([...])
 5 SYSTEMPATH\CodeIgniter.php(951): App\Controllers\ApiController->buscarPersonaPorApellido()
 6 SYSTEMPATH\CodeIgniter.php(497): CodeIgniter\CodeIgniter->runController(Object(App\Controllers\ApiController))
 7 SYSTEMPATH\CodeIgniter.php(340): CodeIgniter\CodeIgniter->handleRequest(null, Object(Config\Cache), false)
 8 SYSTEMPATH\Boot.php(417): CodeIgniter\CodeIgniter->run()
 9 SYSTEMPATH\Boot.php(68): CodeIgniter\Boot::runCodeIgniter(Object(CodeIgniter\CodeIgniter))
10 FCPATH\index.php(54): CodeIgniter\Boot::bootWeb(Object(Config\Paths))
CRITICAL - 2026-05-06 13:47:12 --> ErrorException: Uncaught CodeIgniter\Format\Exceptions\FormatException: Failed to parse JSON string. Error: Malformed UTF-8 characters, possibly incorrectly encoded in C:\Users\pablo\OneDrive\Documentos\GitHub\JuseaRepository\vendor\codeigniter4\framework\system\Format\JSONFormatter.php:47
Stack trace:
#0 C:\Users\pablo\OneDrive\Documentos\GitHub\JuseaRepository\vendor\codeigniter4\framework\system\Format\JSONFormatter.php(47): CodeIgniter\Format\Exceptions\FormatException::forInvalidJSON('Malformed UTF-8...')
#1 C:\Users\pablo\OneDrive\Documentos\GitHub\JuseaRepository\vendor\codeigniter4\framework\system\API\ResponseTrait.php(352): CodeIgniter\Format\JSONFormatter->format(Array)
#2 C:\Users\pablo\OneDrive\Documentos\GitHub\JuseaRepository\vendor\codeigniter4\framework\system\API\ResponseTrait.php(111): CodeIgniter\Debug\ExceptionHandler->format(Array)
#3 C:\Users\pablo\OneDrive\Documentos\GitHub\JuseaRepository\vendor\codeigniter4\framework\system\Debug\ExceptionHandler.php(95): CodeIgniter\Debug\ExceptionHandler->respond(Array, 500)
#4 C:\Users\pablo\OneDrive\Documentos\GitHub\JuseaRepository\vendor\codeigniter4\framework\system\Debug\Exceptions.php(151): CodeIgniter\Debug\ExceptionHandler->handle(Object(CodeIgniter\Format\Exceptions\FormatException), Object(CodeIgniter\HTTP\IncomingRequest), Object(CodeIgniter\HTTP\Response), 500, 1)
#5 [internal function]: CodeIgniter\Debug\Exceptions->exceptionHandler(Object(CodeIgniter\Format\Exceptions\FormatException))
#6 {main}
  thrown
【Previous Exception】
CodeIgniter\Format\Exceptions\FormatException
Failed to parse JSON string. Error: Malformed UTF-8 characters, possibly incorrectly encoded
#0 C:\Users\pablo\OneDrive\Documentos\GitHub\JuseaRepository\vendor\codeigniter4\framework\system\Format\JSONFormatter.php(47): CodeIgniter\Format\Exceptions\FormatException::forInvalidJSON('Malformed UTF-8...')
#1 C:\Users\pablo\OneDrive\Documentos\GitHub\JuseaRepository\vendor\codeigniter4\framework\system\HTTP\ResponseTrait.php(252): CodeIgniter\Format\JSONFormatter->format(Array)
#2 C:\Users\pablo\OneDrive\Documentos\GitHub\JuseaRepository\vendor\codeigniter4\framework\system\HTTP\ResponseTrait.php(178): CodeIgniter\HTTP\Response->formatBody(Array, 'json')
#3 C:\Users\pablo\OneDrive\Documentos\GitHub\JuseaRepository\app\Controllers\ApiController.php(51): CodeIgniter\HTTP\Response->setJSON(Array)
#4 C:\Users\pablo\OneDrive\Documentos\GitHub\JuseaRepository\vendor\codeigniter4\framework\system\CodeIgniter.php(951): App\Controllers\ApiController->buscarPersonaPorApellido()
#5 C:\Users\pablo\OneDrive\Documentos\GitHub\JuseaRepository\vendor\codeigniter4\framework\system\CodeIgniter.php(497): CodeIgniter\CodeIgniter->runController(Object(App\Controllers\ApiController))
#6 C:\Users\pablo\OneDrive\Documentos\GitHub\JuseaRepository\vendor\codeigniter4\framework\system\CodeIgniter.php(340): CodeIgniter\CodeIgniter->handleRequest(NULL, Object(Config\Cache), false)
#7 C:\Users\pablo\OneDrive\Documentos\GitHub\JuseaRepository\vendor\codeigniter4\framework\system\Boot.php(417): CodeIgniter\CodeIgniter->run()
#8 C:\Users\pablo\OneDrive\Documentos\GitHub\JuseaRepository\vendor\codeigniter4\framework\system\Boot.php(68): CodeIgniter\Boot::runCodeIgniter(Object(CodeIgniter\CodeIgniter))
#9 C:\Users\pablo\OneDrive\Documentos\GitHub\JuseaRepository\public\index.php(54): CodeIgniter\Boot::bootWeb(Object(Config\Paths))
#10 {main}
[Method: GET, Route: api/persona/buscar-apellido]
in SYSTEMPATH\Format\JSONFormatter.php on line 47.
 1 [internal function]: CodeIgniter\Debug\Exceptions->shutdownHandler()
CRITICAL - 2026-05-06 13:47:27 --> CodeIgniter\Format\Exceptions\FormatException: Failed to parse JSON string. Error: Malformed UTF-8 characters, possibly incorrectly encoded
[Method: GET, Route: api/persona/buscar-apellido]
in SYSTEMPATH\Format\JSONFormatter.php on line 47.
 1 SYSTEMPATH\Format\JSONFormatter.php(47): CodeIgniter\Format\Exceptions\FormatException::forInvalidJSON('Malformed UTF-8 characters, possibly incorrectly encoded')
 2 SYSTEMPATH\HTTP\ResponseTrait.php(252): CodeIgniter\Format\JSONFormatter->format([...])
 3 SYSTEMPATH\HTTP\ResponseTrait.php(178): CodeIgniter\HTTP\Response->formatBody([...], 'json')
 4 APPPATH\Controllers\ApiController.php(51): CodeIgniter\HTTP\Response->setJSON([...])
 5 SYSTEMPATH\CodeIgniter.php(951): App\Controllers\ApiController->buscarPersonaPorApellido()
 6 SYSTEMPATH\CodeIgniter.php(497): CodeIgniter\CodeIgniter->runController(Object(App\Controllers\ApiController))
 7 SYSTEMPATH\CodeIgniter.php(340): CodeIgniter\CodeIgniter->handleRequest(null, Object(Config\Cache), false)
 8 SYSTEMPATH\Boot.php(417): CodeIgniter\CodeIgniter->run()
 9 SYSTEMPATH\Boot.php(68): CodeIgniter\Boot::runCodeIgniter(Object(CodeIgniter\CodeIgniter))
10 FCPATH\index.php(54): CodeIgniter\Boot::bootWeb(Object(Config\Paths))
CRITICAL - 2026-05-06 13:47:27 --> ErrorException: Uncaught CodeIgniter\Format\Exceptions\FormatException: Failed to parse JSON string. Error: Malformed UTF-8 characters, possibly incorrectly encoded in C:\Users\pablo\OneDrive\Documentos\GitHub\JuseaRepository\vendor\codeigniter4\framework\system\Format\JSONFormatter.php:47
Stack trace:
#0 C:\Users\pablo\OneDrive\Documentos\GitHub\JuseaRepository\vendor\codeigniter4\framework\system\Format\JSONFormatter.php(47): CodeIgniter\Format\Exceptions\FormatException::forInvalidJSON('Malformed UTF-8...')
#1 C:\Users\pablo\OneDrive\Documentos\GitHub\JuseaRepository\vendor\codeigniter4\framework\system\API\ResponseTrait.php(352): CodeIgniter\Format\JSONFormatter->format(Array)
#2 C:\Users\pablo\OneDrive\Documentos\GitHub\JuseaRepository\vendor\codeigniter4\framework\system\API\ResponseTrait.php(111): CodeIgniter\Debug\ExceptionHandler->format(Array)
#3 C:\Users\pablo\OneDrive\Documentos\GitHub\JuseaRepository\vendor\codeigniter4\framework\system\Debug\ExceptionHandler.php(95): CodeIgniter\Debug\ExceptionHandler->respond(Array, 500)
#4 C:\Users\pablo\OneDrive\Documentos\GitHub\JuseaRepository\vendor\codeigniter4\framework\system\Debug\Exceptions.php(151): CodeIgniter\Debug\ExceptionHandler->handle(Object(CodeIgniter\Format\Exceptions\FormatException), Object(CodeIgniter\HTTP\IncomingRequest), Object(CodeIgniter\HTTP\Response), 500, 1)
#5 [internal function]: CodeIgniter\Debug\Exceptions->exceptionHandler(Object(CodeIgniter\Format\Exceptions\FormatException))
#6 {main}
  thrown
【Previous Exception】
CodeIgniter\Format\Exceptions\FormatException
Failed to parse JSON string. Error: Malformed UTF-8 characters, possibly incorrectly encoded
#0 C:\Users\pablo\OneDrive\Documentos\GitHub\JuseaRepository\vendor\codeigniter4\framework\system\Format\JSONFormatter.php(47): CodeIgniter\Format\Exceptions\FormatException::forInvalidJSON('Malformed UTF-8...')
#1 C:\Users\pablo\OneDrive\Documentos\GitHub\JuseaRepository\vendor\codeigniter4\framework\system\HTTP\ResponseTrait.php(252): CodeIgniter\Format\JSONFormatter->format(Array)
#2 C:\Users\pablo\OneDrive\Documentos\GitHub\JuseaRepository\vendor\codeigniter4\framework\system\HTTP\ResponseTrait.php(178): CodeIgniter\HTTP\Response->formatBody(Array, 'json')
#3 C:\Users\pablo\OneDrive\Documentos\GitHub\JuseaRepository\app\Controllers\ApiController.php(51): CodeIgniter\HTTP\Response->setJSON(Array)
#4 C:\Users\pablo\OneDrive\Documentos\GitHub\JuseaRepository\vendor\codeigniter4\framework\system\CodeIgniter.php(951): App\Controllers\ApiController->buscarPersonaPorApellido()
#5 C:\Users\pablo\OneDrive\Documentos\GitHub\JuseaRepository\vendor\codeigniter4\framework\system\CodeIgniter.php(497): CodeIgniter\CodeIgniter->runController(Object(App\Controllers\ApiController))
#6 C:\Users\pablo\OneDrive\Documentos\GitHub\JuseaRepository\vendor\codeigniter4\framework\system\CodeIgniter.php(340): CodeIgniter\CodeIgniter->handleRequest(NULL, Object(Config\Cache), false)
#7 C:\Users\pablo\OneDrive\Documentos\GitHub\JuseaRepository\vendor\codeigniter4\framework\system\Boot.php(417): CodeIgniter\CodeIgniter->run()
#8 C:\Users\pablo\OneDrive\Documentos\GitHub\JuseaRepository\vendor\codeigniter4\framework\system\Boot.php(68): CodeIgniter\Boot::runCodeIgniter(Object(CodeIgniter\CodeIgniter))
#9 C:\Users\pablo\OneDrive\Documentos\GitHub\JuseaRepository\public\index.php(54): CodeIgniter\Boot::bootWeb(Object(Config\Paths))
#10 {main}
[Method: GET, Route: api/persona/buscar-apellido]
in SYSTEMPATH\Format\JSONFormatter.php on line 47.
 1 [internal function]: CodeIgniter\Debug\Exceptions->shutdownHandler()
CRITICAL - 2026-05-06 13:47:27 --> CodeIgniter\Format\Exceptions\FormatException: Failed to parse JSON string. Error: Malformed UTF-8 characters, possibly incorrectly encoded
[Method: GET, Route: api/persona/buscar-apellido]
in SYSTEMPATH\Format\JSONFormatter.php on line 47.
 1 SYSTEMPATH\Format\JSONFormatter.php(47): CodeIgniter\Format\Exceptions\FormatException::forInvalidJSON('Malformed UTF-8 characters, possibly incorrectly encoded')
 2 SYSTEMPATH\HTTP\ResponseTrait.php(252): CodeIgniter\Format\JSONFormatter->format([...])
 3 SYSTEMPATH\HTTP\ResponseTrait.php(178): CodeIgniter\HTTP\Response->formatBody([...], 'json')
 4 APPPATH\Controllers\ApiController.php(51): CodeIgniter\HTTP\Response->setJSON([...])
 5 SYSTEMPATH\CodeIgniter.php(951): App\Controllers\ApiController->buscarPersonaPorApellido()
 6 SYSTEMPATH\CodeIgniter.php(497): CodeIgniter\CodeIgniter->runController(Object(App\Controllers\ApiController))
 7 SYSTEMPATH\CodeIgniter.php(340): CodeIgniter\CodeIgniter->handleRequest(null, Object(Config\Cache), false)
 8 SYSTEMPATH\Boot.php(417): CodeIgniter\CodeIgniter->run()
 9 SYSTEMPATH\Boot.php(68): CodeIgniter\Boot::runCodeIgniter(Object(CodeIgniter\CodeIgniter))
10 FCPATH\index.php(54): CodeIgniter\Boot::bootWeb(Object(Config\Paths))
CRITICAL - 2026-05-06 13:47:27 --> ErrorException: Uncaught CodeIgniter\Format\Exceptions\FormatException: Failed to parse JSON string. Error: Malformed UTF-8 characters, possibly incorrectly encoded in C:\Users\pablo\OneDrive\Documentos\GitHub\JuseaRepository\vendor\codeigniter4\framework\system\Format\JSONFormatter.php:47
Stack trace:
#0 C:\Users\pablo\OneDrive\Documentos\GitHub\JuseaRepository\vendor\codeigniter4\framework\system\Format\JSONFormatter.php(47): CodeIgniter\Format\Exceptions\FormatException::forInvalidJSON('Malformed UTF-8...')
#1 C:\Users\pablo\OneDrive\Documentos\GitHub\JuseaRepository\vendor\codeigniter4\framework\system\API\ResponseTrait.php(352): CodeIgniter\Format\JSONFormatter->format(Array)
#2 C:\Users\pablo\OneDrive\Documentos\GitHub\JuseaRepository\vendor\codeigniter4\framework\system\API\ResponseTrait.php(111): CodeIgniter\Debug\ExceptionHandler->format(Array)
#3 C:\Users\pablo\OneDrive\Documentos\GitHub\JuseaRepository\vendor\codeigniter4\framework\system\Debug\ExceptionHandler.php(95): CodeIgniter\Debug\ExceptionHandler->respond(Array, 500)
#4 C:\Users\pablo\OneDrive\Documentos\GitHub\JuseaRepository\vendor\codeigniter4\framework\system\Debug\Exceptions.php(151): CodeIgniter\Debug\ExceptionHandler->handle(Object(CodeIgniter\Format\Exceptions\FormatException), Object(CodeIgniter\HTTP\IncomingRequest), Object(CodeIgniter\HTTP\Response), 500, 1)
#5 [internal function]: CodeIgniter\Debug\Exceptions->exceptionHandler(Object(CodeIgniter\Format\Exceptions\FormatException))
#6 {main}
  thrown
【Previous Exception】
CodeIgniter\Format\Exceptions\FormatException
Failed to parse JSON string. Error: Malformed UTF-8 characters, possibly incorrectly encoded
#0 C:\Users\pablo\OneDrive\Documentos\GitHub\JuseaRepository\vendor\codeigniter4\framework\system\Format\JSONFormatter.php(47): CodeIgniter\Format\Exceptions\FormatException::forInvalidJSON('Malformed UTF-8...')
#1 C:\Users\pablo\OneDrive\Documentos\GitHub\JuseaRepository\vendor\codeigniter4\framework\system\HTTP\ResponseTrait.php(252): CodeIgniter\Format\JSONFormatter->format(Array)
#2 C:\Users\pablo\OneDrive\Documentos\GitHub\JuseaRepository\vendor\codeigniter4\framework\system\HTTP\ResponseTrait.php(178): CodeIgniter\HTTP\Response->formatBody(Array, 'json')
#3 C:\Users\pablo\OneDrive\Documentos\GitHub\JuseaRepository\app\Controllers\ApiController.php(51): CodeIgniter\HTTP\Response->setJSON(Array)
#4 C:\Users\pablo\OneDrive\Documentos\GitHub\JuseaRepository\vendor\codeigniter4\framework\system\CodeIgniter.php(951): App\Controllers\ApiController->buscarPersonaPorApellido()
#5 C:\Users\pablo\OneDrive\Documentos\GitHub\JuseaRepository\vendor\codeigniter4\framework\system\CodeIgniter.php(497): CodeIgniter\CodeIgniter->runController(Object(App\Controllers\ApiController))
#6 C:\Users\pablo\OneDrive\Documentos\GitHub\JuseaRepository\vendor\codeigniter4\framework\system\CodeIgniter.php(340): CodeIgniter\CodeIgniter->handleRequest(NULL, Object(Config\Cache), false)
#7 C:\Users\pablo\OneDrive\Documentos\GitHub\JuseaRepository\vendor\codeigniter4\framework\system\Boot.php(417): CodeIgniter\CodeIgniter->run()
#8 C:\Users\pablo\OneDrive\Documentos\GitHub\JuseaRepository\vendor\codeigniter4\framework\system\Boot.php(68): CodeIgniter\Boot::runCodeIgniter(Object(CodeIgniter\CodeIgniter))
#9 C:\Users\pablo\OneDrive\Documentos\GitHub\JuseaRepository\public\index.php(54): CodeIgniter\Boot::bootWeb(Object(Config\Paths))
#10 {main}
[Method: GET, Route: api/persona/buscar-apellido]
in SYSTEMPATH\Format\JSONFormatter.php on line 47.
 1 [internal function]: CodeIgniter\Debug\Exceptions->shutdownHandler()
CRITICAL - 2026-05-06 13:47:48 --> CodeIgniter\Format\Exceptions\FormatException: Failed to parse JSON string. Error: Malformed UTF-8 characters, possibly incorrectly encoded
[Method: GET, Route: api/persona/buscar-apellido]
in SYSTEMPATH\Format\JSONFormatter.php on line 47.
 1 SYSTEMPATH\Format\JSONFormatter.php(47): CodeIgniter\Format\Exceptions\FormatException::forInvalidJSON('Malformed UTF-8 characters, possibly incorrectly encoded')
 2 SYSTEMPATH\HTTP\ResponseTrait.php(252): CodeIgniter\Format\JSONFormatter->format([...])
 3 SYSTEMPATH\HTTP\ResponseTrait.php(178): CodeIgniter\HTTP\Response->formatBody([...], 'json')
 4 APPPATH\Controllers\ApiController.php(51): CodeIgniter\HTTP\Response->setJSON([...])
 5 SYSTEMPATH\CodeIgniter.php(951): App\Controllers\ApiController->buscarPersonaPorApellido()
 6 SYSTEMPATH\CodeIgniter.php(497): CodeIgniter\CodeIgniter->runController(Object(App\Controllers\ApiController))
 7 SYSTEMPATH\CodeIgniter.php(340): CodeIgniter\CodeIgniter->handleRequest(null, Object(Config\Cache), false)
 8 SYSTEMPATH\Boot.php(417): CodeIgniter\CodeIgniter->run()
 9 SYSTEMPATH\Boot.php(68): CodeIgniter\Boot::runCodeIgniter(Object(CodeIgniter\CodeIgniter))
10 FCPATH\index.php(54): CodeIgniter\Boot::bootWeb(Object(Config\Paths))
CRITICAL - 2026-05-06 13:47:48 --> ErrorException: Uncaught CodeIgniter\Format\Exceptions\FormatException: Failed to parse JSON string. Error: Malformed UTF-8 characters, possibly incorrectly encoded in C:\Users\pablo\OneDrive\Documentos\GitHub\JuseaRepository\vendor\codeigniter4\framework\system\Format\JSONFormatter.php:47
Stack trace:
#0 C:\Users\pablo\OneDrive\Documentos\GitHub\JuseaRepository\vendor\codeigniter4\framework\system\Format\JSONFormatter.php(47): CodeIgniter\Format\Exceptions\FormatException::forInvalidJSON('Malformed UTF-8...')
#1 C:\Users\pablo\OneDrive\Documentos\GitHub\JuseaRepository\vendor\codeigniter4\framework\system\API\ResponseTrait.php(352): CodeIgniter\Format\JSONFormatter->format(Array)
#2 C:\Users\pablo\OneDrive\Documentos\GitHub\JuseaRepository\vendor\codeigniter4\framework\system\API\ResponseTrait.php(111): CodeIgniter\Debug\ExceptionHandler->format(Array)
#3 C:\Users\pablo\OneDrive\Documentos\GitHub\JuseaRepository\vendor\codeigniter4\framework\system\Debug\ExceptionHandler.php(95): CodeIgniter\Debug\ExceptionHandler->respond(Array, 500)
#4 C:\Users\pablo\OneDrive\Documentos\GitHub\JuseaRepository\vendor\codeigniter4\framework\system\Debug\Exceptions.php(151): CodeIgniter\Debug\ExceptionHandler->handle(Object(CodeIgniter\Format\Exceptions\FormatException), Object(CodeIgniter\HTTP\IncomingRequest), Object(CodeIgniter\HTTP\Response), 500, 1)
#5 [internal function]: CodeIgniter\Debug\Exceptions->exceptionHandler(Object(CodeIgniter\Format\Exceptions\FormatException))
#6 {main}
  thrown
【Previous Exception】
CodeIgniter\Format\Exceptions\FormatException
Failed to parse JSON string. Error: Malformed UTF-8 characters, possibly incorrectly encoded
#0 C:\Users\pablo\OneDrive\Documentos\GitHub\JuseaRepository\vendor\codeigniter4\framework\system\Format\JSONFormatter.php(47): CodeIgniter\Format\Exceptions\FormatException::forInvalidJSON('Malformed UTF-8...')
#1 C:\Users\pablo\OneDrive\Documentos\GitHub\JuseaRepository\vendor\codeigniter4\framework\system\HTTP\ResponseTrait.php(252): CodeIgniter\Format\JSONFormatter->format(Array)
#2 C:\Users\pablo\OneDrive\Documentos\GitHub\JuseaRepository\vendor\codeigniter4\framework\system\HTTP\ResponseTrait.php(178): CodeIgniter\HTTP\Response->formatBody(Array, 'json')
#3 C:\Users\pablo\OneDrive\Documentos\GitHub\JuseaRepository\app\Controllers\ApiController.php(51): CodeIgniter\HTTP\Response->setJSON(Array)
#4 C:\Users\pablo\OneDrive\Documentos\GitHub\JuseaRepository\vendor\codeigniter4\framework\system\CodeIgniter.php(951): App\Controllers\ApiController->buscarPersonaPorApellido()
#5 C:\Users\pablo\OneDrive\Documentos\GitHub\JuseaRepository\vendor\codeigniter4\framework\system\CodeIgniter.php(497): CodeIgniter\CodeIgniter->runController(Object(App\Controllers\ApiController))
#6 C:\Users\pablo\OneDrive\Documentos\GitHub\JuseaRepository\vendor\codeigniter4\framework\system\CodeIgniter.php(340): CodeIgniter\CodeIgniter->handleRequest(NULL, Object(Config\Cache), false)
#7 C:\Users\pablo\OneDrive\Documentos\GitHub\JuseaRepository\vendor\codeigniter4\framework\system\Boot.php(417): CodeIgniter\CodeIgniter->run()
#8 C:\Users\pablo\OneDrive\Documentos\GitHub\JuseaRepository\vendor\codeigniter4\framework\system\Boot.php(68): CodeIgniter\Boot::runCodeIgniter(Object(CodeIgniter\CodeIgniter))
#9 C:\Users\pablo\OneDrive\Documentos\GitHub\JuseaRepository\public\index.php(54): CodeIgniter\Boot::bootWeb(Object(Config\Paths))
#10 {main}
[Method: GET, Route: api/persona/buscar-apellido]
in SYSTEMPATH\Format\JSONFormatter.php on line 47.
 1 [internal function]: CodeIgniter\Debug\Exceptions->shutdownHandler()
CRITICAL - 2026-05-06 13:47:48 --> CodeIgniter\Format\Exceptions\FormatException: Failed to parse JSON string. Error: Malformed UTF-8 characters, possibly incorrectly encoded
[Method: GET, Route: api/persona/buscar-apellido]
in SYSTEMPATH\Format\JSONFormatter.php on line 47.
 1 SYSTEMPATH\Format\JSONFormatter.php(47): CodeIgniter\Format\Exceptions\FormatException::forInvalidJSON('Malformed UTF-8 characters, possibly incorrectly encoded')
 2 SYSTEMPATH\HTTP\ResponseTrait.php(252): CodeIgniter\Format\JSONFormatter->format([...])
 3 SYSTEMPATH\HTTP\ResponseTrait.php(178): CodeIgniter\HTTP\Response->formatBody([...], 'json')
 4 APPPATH\Controllers\ApiController.php(51): CodeIgniter\HTTP\Response->setJSON([...])
 5 SYSTEMPATH\CodeIgniter.php(951): App\Controllers\ApiController->buscarPersonaPorApellido()
 6 SYSTEMPATH\CodeIgniter.php(497): CodeIgniter\CodeIgniter->runController(Object(App\Controllers\ApiController))
 7 SYSTEMPATH\CodeIgniter.php(340): CodeIgniter\CodeIgniter->handleRequest(null, Object(Config\Cache), false)
 8 SYSTEMPATH\Boot.php(417): CodeIgniter\CodeIgniter->run()
 9 SYSTEMPATH\Boot.php(68): CodeIgniter\Boot::runCodeIgniter(Object(CodeIgniter\CodeIgniter))
10 FCPATH\index.php(54): CodeIgniter\Boot::bootWeb(Object(Config\Paths))
CRITICAL - 2026-05-06 13:47:48 --> ErrorException: Uncaught CodeIgniter\Format\Exceptions\FormatException: Failed to parse JSON string. Error: Malformed UTF-8 characters, possibly incorrectly encoded in C:\Users\pablo\OneDrive\Documentos\GitHub\JuseaRepository\vendor\codeigniter4\framework\system\Format\JSONFormatter.php:47
Stack trace:
#0 C:\Users\pablo\OneDrive\Documentos\GitHub\JuseaRepository\vendor\codeigniter4\framework\system\Format\JSONFormatter.php(47): CodeIgniter\Format\Exceptions\FormatException::forInvalidJSON('Malformed UTF-8...')
#1 C:\Users\pablo\OneDrive\Documentos\GitHub\JuseaRepository\vendor\codeigniter4\framework\system\API\ResponseTrait.php(352): CodeIgniter\Format\JSONFormatter->format(Array)
#2 C:\Users\pablo\OneDrive\Documentos\GitHub\JuseaRepository\vendor\codeigniter4\framework\system\API\ResponseTrait.php(111): CodeIgniter\Debug\ExceptionHandler->format(Array)
#3 C:\Users\pablo\OneDrive\Documentos\GitHub\JuseaRepository\vendor\codeigniter4\framework\system\Debug\ExceptionHandler.php(95): CodeIgniter\Debug\ExceptionHandler->respond(Array, 500)
#4 C:\Users\pablo\OneDrive\Documentos\GitHub\JuseaRepository\vendor\codeigniter4\framework\system\Debug\Exceptions.php(151): CodeIgniter\Debug\ExceptionHandler->handle(Object(CodeIgniter\Format\Exceptions\FormatException), Object(CodeIgniter\HTTP\IncomingRequest), Object(CodeIgniter\HTTP\Response), 500, 1)
#5 [internal function]: CodeIgniter\Debug\Exceptions->exceptionHandler(Object(CodeIgniter\Format\Exceptions\FormatException))
#6 {main}
  thrown
【Previous Exception】
CodeIgniter\Format\Exceptions\FormatException
Failed to parse JSON string. Error: Malformed UTF-8 characters, possibly incorrectly encoded
#0 C:\Users\pablo\OneDrive\Documentos\GitHub\JuseaRepository\vendor\codeigniter4\framework\system\Format\JSONFormatter.php(47): CodeIgniter\Format\Exceptions\FormatException::forInvalidJSON('Malformed UTF-8...')
#1 C:\Users\pablo\OneDrive\Documentos\GitHub\JuseaRepository\vendor\codeigniter4\framework\system\HTTP\ResponseTrait.php(252): CodeIgniter\Format\JSONFormatter->format(Array)
#2 C:\Users\pablo\OneDrive\Documentos\GitHub\JuseaRepository\vendor\codeigniter4\framework\system\HTTP\ResponseTrait.php(178): CodeIgniter\HTTP\Response->formatBody(Array, 'json')
#3 C:\Users\pablo\OneDrive\Documentos\GitHub\JuseaRepository\app\Controllers\ApiController.php(51): CodeIgniter\HTTP\Response->setJSON(Array)
#4 C:\Users\pablo\OneDrive\Documentos\GitHub\JuseaRepository\vendor\codeigniter4\framework\system\CodeIgniter.php(951): App\Controllers\ApiController->buscarPersonaPorApellido()
#5 C:\Users\pablo\OneDrive\Documentos\GitHub\JuseaRepository\vendor\codeigniter4\framework\system\CodeIgniter.php(497): CodeIgniter\CodeIgniter->runController(Object(App\Controllers\ApiController))
#6 C:\Users\pablo\OneDrive\Documentos\GitHub\JuseaRepository\vendor\codeigniter4\framework\system\CodeIgniter.php(340): CodeIgniter\CodeIgniter->handleRequest(NULL, Object(Config\Cache), false)
#7 C:\Users\pablo\OneDrive\Documentos\GitHub\JuseaRepository\vendor\codeigniter4\framework\system\Boot.php(417): CodeIgniter\CodeIgniter->run()
#8 C:\Users\pablo\OneDrive\Documentos\GitHub\JuseaRepository\vendor\codeigniter4\framework\system\Boot.php(68): CodeIgniter\Boot::runCodeIgniter(Object(CodeIgniter\CodeIgniter))
#9 C:\Users\pablo\OneDrive\Documentos\GitHub\JuseaRepository\public\index.php(54): CodeIgniter\Boot::bootWeb(Object(Config\Paths))
#10 {main}
[Method: GET, Route: api/persona/buscar-apellido]
in SYSTEMPATH\Format\JSONFormatter.php on line 47.
 1 [internal function]: CodeIgniter\Debug\Exceptions->shutdownHandler()
CRITICAL - 2026-05-06 13:49:05 --> CodeIgniter\Format\Exceptions\FormatException: Failed to parse JSON string. Error: Malformed UTF-8 characters, possibly incorrectly encoded
[Method: GET, Route: api/persona/buscar-apellido]
in SYSTEMPATH\Format\JSONFormatter.php on line 47.
 1 SYSTEMPATH\Format\JSONFormatter.php(47): CodeIgniter\Format\Exceptions\FormatException::forInvalidJSON('Malformed UTF-8 characters, possibly incorrectly encoded')
 2 SYSTEMPATH\HTTP\ResponseTrait.php(252): CodeIgniter\Format\JSONFormatter->format([...])
 3 SYSTEMPATH\HTTP\ResponseTrait.php(178): CodeIgniter\HTTP\Response->formatBody([...], 'json')
 4 APPPATH\Controllers\ApiController.php(51): CodeIgniter\HTTP\Response->setJSON([...])
 5 SYSTEMPATH\CodeIgniter.php(951): App\Controllers\ApiController->buscarPersonaPorApellido()
 6 SYSTEMPATH\CodeIgniter.php(497): CodeIgniter\CodeIgniter->runController(Object(App\Controllers\ApiController))
 7 SYSTEMPATH\CodeIgniter.php(340): CodeIgniter\CodeIgniter->handleRequest(null, Object(Config\Cache), false)
 8 SYSTEMPATH\Boot.php(417): CodeIgniter\CodeIgniter->run()
 9 SYSTEMPATH\Boot.php(68): CodeIgniter\Boot::runCodeIgniter(Object(CodeIgniter\CodeIgniter))
10 FCPATH\index.php(54): CodeIgniter\Boot::bootWeb(Object(Config\Paths))
CRITICAL - 2026-05-06 13:49:05 --> ErrorException: Uncaught CodeIgniter\Format\Exceptions\FormatException: Failed to parse JSON string. Error: Malformed UTF-8 characters, possibly incorrectly encoded in C:\Users\pablo\OneDrive\Documentos\GitHub\JuseaRepository\vendor\codeigniter4\framework\system\Format\JSONFormatter.php:47
Stack trace:
#0 C:\Users\pablo\OneDrive\Documentos\GitHub\JuseaRepository\vendor\codeigniter4\framework\system\Format\JSONFormatter.php(47): CodeIgniter\Format\Exceptions\FormatException::forInvalidJSON('Malformed UTF-8...')
#1 C:\Users\pablo\OneDrive\Documentos\GitHub\JuseaRepository\vendor\codeigniter4\framework\system\API\ResponseTrait.php(352): CodeIgniter\Format\JSONFormatter->format(Array)
#2 C:\Users\pablo\OneDrive\Documentos\GitHub\JuseaRepository\vendor\codeigniter4\framework\system\API\ResponseTrait.php(111): CodeIgniter\Debug\ExceptionHandler->format(Array)
#3 C:\Users\pablo\OneDrive\Documentos\GitHub\JuseaRepository\vendor\codeigniter4\framework\system\Debug\ExceptionHandler.php(95): CodeIgniter\Debug\ExceptionHandler->respond(Array, 500)
#4 C:\Users\pablo\OneDrive\Documentos\GitHub\JuseaRepository\vendor\codeigniter4\framework\system\Debug\Exceptions.php(151): CodeIgniter\Debug\ExceptionHandler->handle(Object(CodeIgniter\Format\Exceptions\FormatException), Object(CodeIgniter\HTTP\IncomingRequest), Object(CodeIgniter\HTTP\Response), 500, 1)
#5 [internal function]: CodeIgniter\Debug\Exceptions->exceptionHandler(Object(CodeIgniter\Format\Exceptions\FormatException))
#6 {main}
  thrown
【Previous Exception】
CodeIgniter\Format\Exceptions\FormatException
Failed to parse JSON string. Error: Malformed UTF-8 characters, possibly incorrectly encoded
#0 C:\Users\pablo\OneDrive\Documentos\GitHub\JuseaRepository\vendor\codeigniter4\framework\system\Format\JSONFormatter.php(47): CodeIgniter\Format\Exceptions\FormatException::forInvalidJSON('Malformed UTF-8...')
#1 C:\Users\pablo\OneDrive\Documentos\GitHub\JuseaRepository\vendor\codeigniter4\framework\system\HTTP\ResponseTrait.php(252): CodeIgniter\Format\JSONFormatter->format(Array)
#2 C:\Users\pablo\OneDrive\Documentos\GitHub\JuseaRepository\vendor\codeigniter4\framework\system\HTTP\ResponseTrait.php(178): CodeIgniter\HTTP\Response->formatBody(Array, 'json')
#3 C:\Users\pablo\OneDrive\Documentos\GitHub\JuseaRepository\app\Controllers\ApiController.php(51): CodeIgniter\HTTP\Response->setJSON(Array)
#4 C:\Users\pablo\OneDrive\Documentos\GitHub\JuseaRepository\vendor\codeigniter4\framework\system\CodeIgniter.php(951): App\Controllers\ApiController->buscarPersonaPorApellido()
#5 C:\Users\pablo\OneDrive\Documentos\GitHub\JuseaRepository\vendor\codeigniter4\framework\system\CodeIgniter.php(497): CodeIgniter\CodeIgniter->runController(Object(App\Controllers\ApiController))
#6 C:\Users\pablo\OneDrive\Documentos\GitHub\JuseaRepository\vendor\codeigniter4\framework\system\CodeIgniter.php(340): CodeIgniter\CodeIgniter->handleRequest(NULL, Object(Config\Cache), false)
#7 C:\Users\pablo\OneDrive\Documentos\GitHub\JuseaRepository\vendor\codeigniter4\framework\system\Boot.php(417): CodeIgniter\CodeIgniter->run()
#8 C:\Users\pablo\OneDrive\Documentos\GitHub\JuseaRepository\vendor\codeigniter4\framework\system\Boot.php(68): CodeIgniter\Boot::runCodeIgniter(Object(CodeIgniter\CodeIgniter))
#9 C:\Users\pablo\OneDrive\Documentos\GitHub\JuseaRepository\public\index.php(54): CodeIgniter\Boot::bootWeb(Object(Config\Paths))
#10 {main}
[Method: GET, Route: api/persona/buscar-apellido]
in SYSTEMPATH\Format\JSONFormatter.php on line 47.
 1 [internal function]: CodeIgniter\Debug\Exceptions->shutdownHandler()
CRITICAL - 2026-05-06 13:50:21 --> TypeError: App\Libraries\DocumentGenerator::generarSancion(): Argument #2 ($encabezado) must be of type object, null given, called in C:\Users\pablo\OneDrive\Documentos\GitHub\JuseaRepository\app\Controllers\SancionController.php on line 170
[Method: GET, Route: sancion/cuadros/descargar/1/pdf]
in APPPATH\Libraries\DocumentGenerator.php on line 49.
 1 APPPATH\Controllers\SancionController.php(170): App\Libraries\DocumentGenerator->generarSancion([...], null, 'cuadros', 'pdf')
 2 APPPATH\Controllers\SancionController.php(135): App\Controllers\SancionController->generarDocumento(1, 'cuadros', 'pdf')
 3 SYSTEMPATH\CodeIgniter.php(951): App\Controllers\SancionController->descargarCuadros(1, 'pdf')
 4 SYSTEMPATH\CodeIgniter.php(497): CodeIgniter\CodeIgniter->runController(Object(App\Controllers\SancionController))
 5 SYSTEMPATH\CodeIgniter.php(340): CodeIgniter\CodeIgniter->handleRequest(null, Object(Config\Cache), false)
 6 SYSTEMPATH\Boot.php(417): CodeIgniter\CodeIgniter->run()
 7 SYSTEMPATH\Boot.php(68): CodeIgniter\Boot::runCodeIgniter(Object(CodeIgniter\CodeIgniter))
 8 FCPATH\index.php(54): CodeIgniter\Boot::bootWeb(Object(Config\Paths))
CRITICAL - 2026-05-06 13:53:17 --> TypeError: App\Libraries\DocumentGenerator::generarSancion(): Argument #2 ($encabezado) must be of type object, null given, called in C:\Users\pablo\OneDrive\Documentos\GitHub\JuseaRepository\app\Controllers\SancionController.php on line 170
[Method: GET, Route: sancion/cuadros/descargar/1/docx]
in APPPATH\Libraries\DocumentGenerator.php on line 49.
 1 APPPATH\Controllers\SancionController.php(170): App\Libraries\DocumentGenerator->generarSancion([...], null, 'cuadros', 'docx')
 2 APPPATH\Controllers\SancionController.php(135): App\Controllers\SancionController->generarDocumento(1, 'cuadros', 'docx')
 3 SYSTEMPATH\CodeIgniter.php(951): App\Controllers\SancionController->descargarCuadros(1, 'docx')
 4 SYSTEMPATH\CodeIgniter.php(497): CodeIgniter\CodeIgniter->runController(Object(App\Controllers\SancionController))
 5 SYSTEMPATH\CodeIgniter.php(340): CodeIgniter\CodeIgniter->handleRequest(null, Object(Config\Cache), false)
 6 SYSTEMPATH\Boot.php(417): CodeIgniter\CodeIgniter->run()
 7 SYSTEMPATH\Boot.php(68): CodeIgniter\Boot::runCodeIgniter(Object(CodeIgniter\CodeIgniter))
 8 FCPATH\index.php(54): CodeIgniter\Boot::bootWeb(Object(Config\Paths))
ERROR - 2026-05-06 13:55:08 --> [Microsoft][ODBC Driver 17 for SQL Server][SQL Server]Invalid object name 'Partes.dbo.documentos_generados'. SQLSTATE: 42S02, code: 208
in SYSTEMPATH\Database\BaseConnection.php on line 910.
 1 SYSTEMPATH\Database\BaseConnection.php(827): CodeIgniter\Database\BaseConnection->simpleQuery('INSERT INTO "Partes"."dbo"."documentos_generados" ("tipo_documento","referencia_id","formato","nombre_archivo","generado_por") VALUES (\'sancion_cuadros\', 0, \'docx\', \'Sancion_cuadros_32539437.docx\', \'32630429\')')
 2 SYSTEMPATH\Database\BaseBuilder.php(2345): CodeIgniter\Database\BaseConnection->query('INSERT INTO "Partes"."dbo"."documentos_generados" ("tipo_documento","referencia_id","formato","nombre_archivo","generado_por") VALUES (:tipo_documento:, :referencia_id:, :formato:, :nombre_archivo:, :generado_por:)', [...], false)
 3 APPPATH\Libraries\DocumentGenerator.php(1443): CodeIgniter\Database\BaseBuilder->insert([...])
 4 APPPATH\Libraries\DocumentGenerator.php(1399): App\Libraries\DocumentGenerator->registrarDocumento('Sancion_cuadros_32539437.docx', 'docx')
 5 APPPATH\Libraries\DocumentGenerator.php(232): App\Libraries\DocumentGenerator->descargarDocx(Object(PhpOffice\PhpWord\PhpWord), 'Sancion_cuadros_32539437')
 6 APPPATH\Libraries\DocumentGenerator.php(63): App\Libraries\DocumentGenerator->generarSancionCuadrosDocx([...], Object(stdClass))
 7 APPPATH\Libraries\DocumentGenerator.php(55): App\Libraries\DocumentGenerator->generarSancionDocx([...], Object(stdClass), 'cuadros')
 8 APPPATH\Controllers\SancionController.php(170): App\Libraries\DocumentGenerator->generarSancion([...], Object(stdClass), 'cuadros', 'docx')
 9 APPPATH\Controllers\SancionController.php(135): App\Controllers\SancionController->generarDocumento(1, 'cuadros', 'docx')
10 SYSTEMPATH\CodeIgniter.php(951): App\Controllers\SancionController->descargarCuadros(1, 'docx')
11 SYSTEMPATH\CodeIgniter.php(497): CodeIgniter\CodeIgniter->runController(Object(App\Controllers\SancionController))
12 SYSTEMPATH\CodeIgniter.php(340): CodeIgniter\CodeIgniter->handleRequest(null, Object(Config\Cache), false)
13 SYSTEMPATH\Boot.php(417): CodeIgniter\CodeIgniter->run()
14 SYSTEMPATH\Boot.php(68): CodeIgniter\Boot::runCodeIgniter(Object(CodeIgniter\CodeIgniter))
15 FCPATH\index.php(54): CodeIgniter\Boot::bootWeb(Object(Config\Paths))
ERROR - 2026-05-06 13:56:11 --> [Microsoft][ODBC Driver 17 for SQL Server][SQL Server]Invalid object name 'Partes.dbo.documentos_generados'. SQLSTATE: 42S02, code: 208
in SYSTEMPATH\Database\BaseConnection.php on line 910.
 1 SYSTEMPATH\Database\BaseConnection.php(827): CodeIgniter\Database\BaseConnection->simpleQuery('INSERT INTO "Partes"."dbo"."documentos_generados" ("tipo_documento","referencia_id","formato","nombre_archivo","generado_por") VALUES (\'sancion_cuadros\', 0, \'pdf\', \'Sancion_cuadros_32539437.pdf\', \'32630429\')')
 2 SYSTEMPATH\Database\BaseBuilder.php(2345): CodeIgniter\Database\BaseConnection->query('INSERT INTO "Partes"."dbo"."documentos_generados" ("tipo_documento","referencia_id","formato","nombre_archivo","generado_por") VALUES (:tipo_documento:, :referencia_id:, :formato:, :nombre_archivo:, :generado_por:)', [...], false)
 3 APPPATH\Libraries\DocumentGenerator.php(1443): CodeIgniter\Database\BaseBuilder->insert([...])
 4 APPPATH\Libraries\DocumentGenerator.php(1422): App\Libraries\DocumentGenerator->registrarDocumento('Sancion_cuadros_32539437.pdf', 'pdf')
 5 APPPATH\Libraries\DocumentGenerator.php(699): App\Libraries\DocumentGenerator->descargarPDF(Object(TCPDF), 'Sancion_cuadros_32539437')
 6 APPPATH\Libraries\DocumentGenerator.php(52): App\Libraries\DocumentGenerator->generarSancionPDF([...], Object(stdClass), 'cuadros')
 7 APPPATH\Controllers\SancionController.php(170): App\Libraries\DocumentGenerator->generarSancion([...], Object(stdClass), 'cuadros', 'pdf')
 8 APPPATH\Controllers\SancionController.php(135): App\Controllers\SancionController->generarDocumento(2, 'cuadros', 'pdf')
 9 SYSTEMPATH\CodeIgniter.php(951): App\Controllers\SancionController->descargarCuadros(2, 'pdf')
10 SYSTEMPATH\CodeIgniter.php(497): CodeIgniter\CodeIgniter->runController(Object(App\Controllers\SancionController))
11 SYSTEMPATH\CodeIgniter.php(340): CodeIgniter\CodeIgniter->handleRequest(null, Object(Config\Cache), false)
12 SYSTEMPATH\Boot.php(417): CodeIgniter\CodeIgniter->run()
13 SYSTEMPATH\Boot.php(68): CodeIgniter\Boot::runCodeIgniter(Object(CodeIgniter\CodeIgniter))
14 FCPATH\index.php(54): CodeIgniter\Boot::bootWeb(Object(Config\Paths))
ERROR - 2026-05-06 13:58:00 --> [Microsoft][ODBC Driver 17 for SQL Server][SQL Server]Invalid object name 'Partes.dbo.documentos_generados'. SQLSTATE: 42S02, code: 208
in SYSTEMPATH\Database\BaseConnection.php on line 910.
 1 SYSTEMPATH\Database\BaseConnection.php(827): CodeIgniter\Database\BaseConnection->simpleQuery('INSERT INTO "Partes"."dbo"."documentos_generados" ("tipo_documento","referencia_id","formato","nombre_archivo","generado_por") VALUES (\'sancion_cuadros\', 0, \'pdf\', \'Sancion_cuadros_32539437.pdf\', \'32630429\')')
 2 SYSTEMPATH\Database\BaseBuilder.php(2345): CodeIgniter\Database\BaseConnection->query('INSERT INTO "Partes"."dbo"."documentos_generados" ("tipo_documento","referencia_id","formato","nombre_archivo","generado_por") VALUES (:tipo_documento:, :referencia_id:, :formato:, :nombre_archivo:, :generado_por:)', [...], false)
 3 APPPATH\Libraries\DocumentGenerator.php(1443): CodeIgniter\Database\BaseBuilder->insert([...])
 4 APPPATH\Libraries\DocumentGenerator.php(1422): App\Libraries\DocumentGenerator->registrarDocumento('Sancion_cuadros_32539437.pdf', 'pdf')
 5 APPPATH\Libraries\DocumentGenerator.php(699): App\Libraries\DocumentGenerator->descargarPDF(Object(TCPDF), 'Sancion_cuadros_32539437')
 6 APPPATH\Libraries\DocumentGenerator.php(52): App\Libraries\DocumentGenerator->generarSancionPDF([...], Object(stdClass), 'cuadros')
 7 APPPATH\Controllers\SancionController.php(170): App\Libraries\DocumentGenerator->generarSancion([...], Object(stdClass), 'cuadros', 'pdf')
 8 APPPATH\Controllers\SancionController.php(135): App\Controllers\SancionController->generarDocumento(2, 'cuadros', 'pdf')
 9 SYSTEMPATH\CodeIgniter.php(951): App\Controllers\SancionController->descargarCuadros(2, 'pdf')
10 SYSTEMPATH\CodeIgniter.php(497): CodeIgniter\CodeIgniter->runController(Object(App\Controllers\SancionController))
11 SYSTEMPATH\CodeIgniter.php(340): CodeIgniter\CodeIgniter->handleRequest(null, Object(Config\Cache), false)
12 SYSTEMPATH\Boot.php(417): CodeIgniter\CodeIgniter->run()
13 SYSTEMPATH\Boot.php(68): CodeIgniter\Boot::runCodeIgniter(Object(CodeIgniter\CodeIgniter))
14 FCPATH\index.php(54): CodeIgniter\Boot::bootWeb(Object(Config\Paths))
ERROR - 2026-05-06 13:58:19 --> [Microsoft][ODBC Driver 17 for SQL Server][SQL Server]Invalid object name 'Partes.dbo.documentos_generados'. SQLSTATE: 42S02, code: 208
in SYSTEMPATH\Database\BaseConnection.php on line 910.
 1 SYSTEMPATH\Database\BaseConnection.php(827): CodeIgniter\Database\BaseConnection->simpleQuery('INSERT INTO "Partes"."dbo"."documentos_generados" ("tipo_documento","referencia_id","formato","nombre_archivo","generado_por") VALUES (\'sancion_cuadros\', 0, \'docx\', \'Revision_cuadros_32539437.docx\', \'32630429\')')
 2 SYSTEMPATH\Database\BaseBuilder.php(2345): CodeIgniter\Database\BaseConnection->query('INSERT INTO "Partes"."dbo"."documentos_generados" ("tipo_documento","referencia_id","formato","nombre_archivo","generado_por") VALUES (:tipo_documento:, :referencia_id:, :formato:, :nombre_archivo:, :generado_por:)', [...], false)
 3 APPPATH\Libraries\DocumentGenerator.php(1443): CodeIgniter\Database\BaseBuilder->insert([...])
 4 APPPATH\Libraries\DocumentGenerator.php(1399): App\Libraries\DocumentGenerator->registrarDocumento('Revision_cuadros_32539437.docx', 'docx')
 5 APPPATH\Libraries\DocumentGenerator.php(663): App\Libraries\DocumentGenerator->descargarDocx(Object(PhpOffice\PhpWord\PhpWord), 'Revision_cuadros_32539437')
 6 APPPATH\Controllers\SancionController.php(156): App\Libraries\DocumentGenerator->generarSancionRevisionCuadrosDocx([...], Object(stdClass))
 7 SYSTEMPATH\CodeIgniter.php(951): App\Controllers\SancionController->descargarRevisionCuadros(2)
 8 SYSTEMPATH\CodeIgniter.php(497): CodeIgniter\CodeIgniter->runController(Object(App\Controllers\SancionController))
 9 SYSTEMPATH\CodeIgniter.php(340): CodeIgniter\CodeIgniter->handleRequest(null, Object(Config\Cache), false)
10 SYSTEMPATH\Boot.php(417): CodeIgniter\CodeIgniter->run()
11 SYSTEMPATH\Boot.php(68): CodeIgniter\Boot::runCodeIgniter(Object(CodeIgniter\CodeIgniter))
12 FCPATH\index.php(54): CodeIgniter\Boot::bootWeb(Object(Config\Paths))
ERROR - 2026-05-06 13:58:23 --> [Microsoft][ODBC Driver 17 for SQL Server][SQL Server]Invalid object name 'Partes.dbo.documentos_generados'. SQLSTATE: 42S02, code: 208
in SYSTEMPATH\Database\BaseConnection.php on line 910.
 1 SYSTEMPATH\Database\BaseConnection.php(827): CodeIgniter\Database\BaseConnection->simpleQuery('INSERT INTO "Partes"."dbo"."documentos_generados" ("tipo_documento","referencia_id","formato","nombre_archivo","generado_por") VALUES (\'sancion_cuadros\', 0, \'pdf\', \'Sancion_cuadros_32539437.pdf\', \'32630429\')')
 2 SYSTEMPATH\Database\BaseBuilder.php(2345): CodeIgniter\Database\BaseConnection->query('INSERT INTO "Partes"."dbo"."documentos_generados" ("tipo_documento","referencia_id","formato","nombre_archivo","generado_por") VALUES (:tipo_documento:, :referencia_id:, :formato:, :nombre_archivo:, :generado_por:)', [...], false)
 3 APPPATH\Libraries\DocumentGenerator.php(1443): CodeIgniter\Database\BaseBuilder->insert([...])
 4 APPPATH\Libraries\DocumentGenerator.php(1422): App\Libraries\DocumentGenerator->registrarDocumento('Sancion_cuadros_32539437.pdf', 'pdf')
 5 APPPATH\Libraries\DocumentGenerator.php(699): App\Libraries\DocumentGenerator->descargarPDF(Object(TCPDF), 'Sancion_cuadros_32539437')
 6 APPPATH\Libraries\DocumentGenerator.php(52): App\Libraries\DocumentGenerator->generarSancionPDF([...], Object(stdClass), 'cuadros')
 7 APPPATH\Controllers\SancionController.php(170): App\Libraries\DocumentGenerator->generarSancion([...], Object(stdClass), 'cuadros', 'pdf')
 8 APPPATH\Controllers\SancionController.php(135): App\Controllers\SancionController->generarDocumento(2, 'cuadros', 'pdf')
 9 SYSTEMPATH\CodeIgniter.php(951): App\Controllers\SancionController->descargarCuadros(2, 'pdf')
10 SYSTEMPATH\CodeIgniter.php(497): CodeIgniter\CodeIgniter->runController(Object(App\Controllers\SancionController))
11 SYSTEMPATH\CodeIgniter.php(340): CodeIgniter\CodeIgniter->handleRequest(null, Object(Config\Cache), false)
12 SYSTEMPATH\Boot.php(417): CodeIgniter\CodeIgniter->run()
13 SYSTEMPATH\Boot.php(68): CodeIgniter\Boot::runCodeIgniter(Object(CodeIgniter\CodeIgniter))
14 FCPATH\index.php(54): CodeIgniter\Boot::bootWeb(Object(Config\Paths))
ERROR - 2026-05-06 13:58:30 --> [Microsoft][ODBC Driver 17 for SQL Server][SQL Server]Invalid object name 'Partes.dbo.documentos_generados'. SQLSTATE: 42S02, code: 208
in SYSTEMPATH\Database\BaseConnection.php on line 910.
 1 SYSTEMPATH\Database\BaseConnection.php(827): CodeIgniter\Database\BaseConnection->simpleQuery('INSERT INTO "Partes"."dbo"."documentos_generados" ("tipo_documento","referencia_id","formato","nombre_archivo","generado_por") VALUES (\'sancion_cuadros\', 0, \'pdf\', \'Sancion_cuadros_32539437.pdf\', \'32630429\')')
 2 SYSTEMPATH\Database\BaseBuilder.php(2345): CodeIgniter\Database\BaseConnection->query('INSERT INTO "Partes"."dbo"."documentos_generados" ("tipo_documento","referencia_id","formato","nombre_archivo","generado_por") VALUES (:tipo_documento:, :referencia_id:, :formato:, :nombre_archivo:, :generado_por:)', [...], false)
 3 APPPATH\Libraries\DocumentGenerator.php(1443): CodeIgniter\Database\BaseBuilder->insert([...])
 4 APPPATH\Libraries\DocumentGenerator.php(1422): App\Libraries\DocumentGenerator->registrarDocumento('Sancion_cuadros_32539437.pdf', 'pdf')
 5 APPPATH\Libraries\DocumentGenerator.php(699): App\Libraries\DocumentGenerator->descargarPDF(Object(TCPDF), 'Sancion_cuadros_32539437')
 6 APPPATH\Libraries\DocumentGenerator.php(52): App\Libraries\DocumentGenerator->generarSancionPDF([...], Object(stdClass), 'cuadros')
 7 APPPATH\Controllers\SancionController.php(170): App\Libraries\DocumentGenerator->generarSancion([...], Object(stdClass), 'cuadros', 'pdf')
 8 APPPATH\Controllers\SancionController.php(135): App\Controllers\SancionController->generarDocumento(2, 'cuadros', 'pdf')
 9 SYSTEMPATH\CodeIgniter.php(951): App\Controllers\SancionController->descargarCuadros(2, 'pdf')
10 SYSTEMPATH\CodeIgniter.php(497): CodeIgniter\CodeIgniter->runController(Object(App\Controllers\SancionController))
11 SYSTEMPATH\CodeIgniter.php(340): CodeIgniter\CodeIgniter->handleRequest(null, Object(Config\Cache), false)
12 SYSTEMPATH\Boot.php(417): CodeIgniter\CodeIgniter->run()
13 SYSTEMPATH\Boot.php(68): CodeIgniter\Boot::runCodeIgniter(Object(CodeIgniter\CodeIgniter))
14 FCPATH\index.php(54): CodeIgniter\Boot::bootWeb(Object(Config\Paths))
ERROR - 2026-05-06 13:58:37 --> [Microsoft][ODBC Driver 17 for SQL Server][SQL Server]Invalid object name 'Partes.dbo.documentos_generados'. SQLSTATE: 42S02, code: 208
in SYSTEMPATH\Database\BaseConnection.php on line 910.
 1 SYSTEMPATH\Database\BaseConnection.php(827): CodeIgniter\Database\BaseConnection->simpleQuery('INSERT INTO "Partes"."dbo"."documentos_generados" ("tipo_documento","referencia_id","formato","nombre_archivo","generado_por") VALUES (\'sancion_cuadros\', 0, \'docx\', \'Sancion_cuadros_32539437.docx\', \'32630429\')')
 2 SYSTEMPATH\Database\BaseBuilder.php(2345): CodeIgniter\Database\BaseConnection->query('INSERT INTO "Partes"."dbo"."documentos_generados" ("tipo_documento","referencia_id","formato","nombre_archivo","generado_por") VALUES (:tipo_documento:, :referencia_id:, :formato:, :nombre_archivo:, :generado_por:)', [...], false)
 3 APPPATH\Libraries\DocumentGenerator.php(1443): CodeIgniter\Database\BaseBuilder->insert([...])
 4 APPPATH\Libraries\DocumentGenerator.php(1399): App\Libraries\DocumentGenerator->registrarDocumento('Sancion_cuadros_32539437.docx', 'docx')
 5 APPPATH\Libraries\DocumentGenerator.php(232): App\Libraries\DocumentGenerator->descargarDocx(Object(PhpOffice\PhpWord\PhpWord), 'Sancion_cuadros_32539437')
 6 APPPATH\Libraries\DocumentGenerator.php(63): App\Libraries\DocumentGenerator->generarSancionCuadrosDocx([...], Object(stdClass))
 7 APPPATH\Libraries\DocumentGenerator.php(55): App\Libraries\DocumentGenerator->generarSancionDocx([...], Object(stdClass), 'cuadros')
 8 APPPATH\Controllers\SancionController.php(170): App\Libraries\DocumentGenerator->generarSancion([...], Object(stdClass), 'cuadros', 'docx')
 9 APPPATH\Controllers\SancionController.php(135): App\Controllers\SancionController->generarDocumento(2, 'cuadros', 'docx')
10 SYSTEMPATH\CodeIgniter.php(951): App\Controllers\SancionController->descargarCuadros(2, 'docx')
11 SYSTEMPATH\CodeIgniter.php(497): CodeIgniter\CodeIgniter->runController(Object(App\Controllers\SancionController))
12 SYSTEMPATH\CodeIgniter.php(340): CodeIgniter\CodeIgniter->handleRequest(null, Object(Config\Cache), false)
13 SYSTEMPATH\Boot.php(417): CodeIgniter\CodeIgniter->run()
14 SYSTEMPATH\Boot.php(68): CodeIgniter\Boot::runCodeIgniter(Object(CodeIgniter\CodeIgniter))
15 FCPATH\index.php(54): CodeIgniter\Boot::bootWeb(Object(Config\Paths))
ERROR - 2026-05-06 13:58:39 --> [Microsoft][ODBC Driver 17 for SQL Server][SQL Server]Invalid object name 'Partes.dbo.documentos_generados'. SQLSTATE: 42S02, code: 208
in SYSTEMPATH\Database\BaseConnection.php on line 910.
 1 SYSTEMPATH\Database\BaseConnection.php(827): CodeIgniter\Database\BaseConnection->simpleQuery('INSERT INTO "Partes"."dbo"."documentos_generados" ("tipo_documento","referencia_id","formato","nombre_archivo","generado_por") VALUES (\'sancion_cuadros\', 0, \'pdf\', \'Sancion_cuadros_32539437.pdf\', \'32630429\')')
 2 SYSTEMPATH\Database\BaseBuilder.php(2345): CodeIgniter\Database\BaseConnection->query('INSERT INTO "Partes"."dbo"."documentos_generados" ("tipo_documento","referencia_id","formato","nombre_archivo","generado_por") VALUES (:tipo_documento:, :referencia_id:, :formato:, :nombre_archivo:, :generado_por:)', [...], false)
 3 APPPATH\Libraries\DocumentGenerator.php(1443): CodeIgniter\Database\BaseBuilder->insert([...])
 4 APPPATH\Libraries\DocumentGenerator.php(1422): App\Libraries\DocumentGenerator->registrarDocumento('Sancion_cuadros_32539437.pdf', 'pdf')
 5 APPPATH\Libraries\DocumentGenerator.php(699): App\Libraries\DocumentGenerator->descargarPDF(Object(TCPDF), 'Sancion_cuadros_32539437')
 6 APPPATH\Libraries\DocumentGenerator.php(52): App\Libraries\DocumentGenerator->generarSancionPDF([...], Object(stdClass), 'cuadros')
 7 APPPATH\Controllers\SancionController.php(170): App\Libraries\DocumentGenerator->generarSancion([...], Object(stdClass), 'cuadros', 'pdf')
 8 APPPATH\Controllers\SancionController.php(135): App\Controllers\SancionController->generarDocumento(2, 'cuadros', 'pdf')
 9 SYSTEMPATH\CodeIgniter.php(951): App\Controllers\SancionController->descargarCuadros(2, 'pdf')
10 SYSTEMPATH\CodeIgniter.php(497): CodeIgniter\CodeIgniter->runController(Object(App\Controllers\SancionController))
11 SYSTEMPATH\CodeIgniter.php(340): CodeIgniter\CodeIgniter->handleRequest(null, Object(Config\Cache), false)
12 SYSTEMPATH\Boot.php(417): CodeIgniter\CodeIgniter->run()
13 SYSTEMPATH\Boot.php(68): CodeIgniter\Boot::runCodeIgniter(Object(CodeIgniter\CodeIgniter))
14 FCPATH\index.php(54): CodeIgniter\Boot::bootWeb(Object(Config\Paths))
ERROR - 2026-05-06 14:01:30 --> [Microsoft][ODBC Driver 17 for SQL Server][SQL Server]Invalid object name 'Partes.dbo.documentos_generados'. SQLSTATE: 42S02, code: 208
in SYSTEMPATH\Database\BaseConnection.php on line 910.
 1 SYSTEMPATH\Database\BaseConnection.php(827): CodeIgniter\Database\BaseConnection->simpleQuery('INSERT INTO "Partes"."dbo"."documentos_generados" ("tipo_documento","referencia_id","formato","nombre_archivo","generado_por") VALUES (\'sancion_cuadros\', 0, \'pdf\', \'Sancion_cuadros_32539437.pdf\', \'32630429\')')
 2 SYSTEMPATH\Database\BaseBuilder.php(2345): CodeIgniter\Database\BaseConnection->query('INSERT INTO "Partes"."dbo"."documentos_generados" ("tipo_documento","referencia_id","formato","nombre_archivo","generado_por") VALUES (:tipo_documento:, :referencia_id:, :formato:, :nombre_archivo:, :generado_por:)', [...], false)
 3 APPPATH\Libraries\DocumentGenerator.php(1443): CodeIgniter\Database\BaseBuilder->insert([...])
 4 APPPATH\Libraries\DocumentGenerator.php(1422): App\Libraries\DocumentGenerator->registrarDocumento('Sancion_cuadros_32539437.pdf', 'pdf')
 5 APPPATH\Libraries\DocumentGenerator.php(699): App\Libraries\DocumentGenerator->descargarPDF(Object(TCPDF), 'Sancion_cuadros_32539437')
 6 APPPATH\Libraries\DocumentGenerator.php(52): App\Libraries\DocumentGenerator->generarSancionPDF([...], Object(stdClass), 'cuadros')
 7 APPPATH\Controllers\SancionController.php(170): App\Libraries\DocumentGenerator->generarSancion([...], Object(stdClass), 'cuadros', 'pdf')
 8 APPPATH\Controllers\SancionController.php(135): App\Controllers\SancionController->generarDocumento(2, 'cuadros', 'pdf')
 9 SYSTEMPATH\CodeIgniter.php(951): App\Controllers\SancionController->descargarCuadros(2, 'pdf')
10 SYSTEMPATH\CodeIgniter.php(497): CodeIgniter\CodeIgniter->runController(Object(App\Controllers\SancionController))
11 SYSTEMPATH\CodeIgniter.php(340): CodeIgniter\CodeIgniter->handleRequest(null, Object(Config\Cache), false)
12 SYSTEMPATH\Boot.php(417): CodeIgniter\CodeIgniter->run()
13 SYSTEMPATH\Boot.php(68): CodeIgniter\Boot::runCodeIgniter(Object(CodeIgniter\CodeIgniter))
14 FCPATH\index.php(54): CodeIgniter\Boot::bootWeb(Object(Config\Paths))
ERROR - 2026-05-06 14:01:41 --> [Microsoft][ODBC Driver 17 for SQL Server][SQL Server]Invalid object name 'Partes.dbo.documentos_generados'. SQLSTATE: 42S02, code: 208
in SYSTEMPATH\Database\BaseConnection.php on line 910.
 1 SYSTEMPATH\Database\BaseConnection.php(827): CodeIgniter\Database\BaseConnection->simpleQuery('INSERT INTO "Partes"."dbo"."documentos_generados" ("tipo_documento","referencia_id","formato","nombre_archivo","generado_por") VALUES (\'sancion_cuadros\', 0, \'pdf\', \'Sancion_cuadros_32539437.pdf\', \'32630429\')')
 2 SYSTEMPATH\Database\BaseBuilder.php(2345): CodeIgniter\Database\BaseConnection->query('INSERT INTO "Partes"."dbo"."documentos_generados" ("tipo_documento","referencia_id","formato","nombre_archivo","generado_por") VALUES (:tipo_documento:, :referencia_id:, :formato:, :nombre_archivo:, :generado_por:)', [...], false)
 3 APPPATH\Libraries\DocumentGenerator.php(1443): CodeIgniter\Database\BaseBuilder->insert([...])
 4 APPPATH\Libraries\DocumentGenerator.php(1422): App\Libraries\DocumentGenerator->registrarDocumento('Sancion_cuadros_32539437.pdf', 'pdf')
 5 APPPATH\Libraries\DocumentGenerator.php(699): App\Libraries\DocumentGenerator->descargarPDF(Object(TCPDF), 'Sancion_cuadros_32539437')
 6 APPPATH\Libraries\DocumentGenerator.php(52): App\Libraries\DocumentGenerator->generarSancionPDF([...], Object(stdClass), 'cuadros')
 7 APPPATH\Controllers\SancionController.php(170): App\Libraries\DocumentGenerator->generarSancion([...], Object(stdClass), 'cuadros', 'pdf')
 8 APPPATH\Controllers\SancionController.php(135): App\Controllers\SancionController->generarDocumento(1, 'cuadros', 'pdf')
 9 SYSTEMPATH\CodeIgniter.php(951): App\Controllers\SancionController->descargarCuadros(1, 'pdf')
10 SYSTEMPATH\CodeIgniter.php(497): CodeIgniter\CodeIgniter->runController(Object(App\Controllers\SancionController))
11 SYSTEMPATH\CodeIgniter.php(340): CodeIgniter\CodeIgniter->handleRequest(null, Object(Config\Cache), false)
12 SYSTEMPATH\Boot.php(417): CodeIgniter\CodeIgniter->run()
13 SYSTEMPATH\Boot.php(68): CodeIgniter\Boot::runCodeIgniter(Object(CodeIgniter\CodeIgniter))
14 FCPATH\index.php(54): CodeIgniter\Boot::bootWeb(Object(Config\Paths))
CRITICAL - 2026-05-06 14:02:58 --> CodeIgniter\Format\Exceptions\FormatException: Failed to parse JSON string. Error: Malformed UTF-8 characters, possibly incorrectly encoded
[Method: GET, Route: api/persona/buscar-apellido]
in SYSTEMPATH\Format\JSONFormatter.php on line 47.
 1 SYSTEMPATH\Format\JSONFormatter.php(47): CodeIgniter\Format\Exceptions\FormatException::forInvalidJSON('Malformed UTF-8 characters, possibly incorrectly encoded')
 2 SYSTEMPATH\HTTP\ResponseTrait.php(252): CodeIgniter\Format\JSONFormatter->format([...])
 3 SYSTEMPATH\HTTP\ResponseTrait.php(178): CodeIgniter\HTTP\Response->formatBody([...], 'json')
 4 APPPATH\Controllers\ApiController.php(51): CodeIgniter\HTTP\Response->setJSON([...])
 5 SYSTEMPATH\CodeIgniter.php(951): App\Controllers\ApiController->buscarPersonaPorApellido()
 6 SYSTEMPATH\CodeIgniter.php(497): CodeIgniter\CodeIgniter->runController(Object(App\Controllers\ApiController))
 7 SYSTEMPATH\CodeIgniter.php(340): CodeIgniter\CodeIgniter->handleRequest(null, Object(Config\Cache), false)
 8 SYSTEMPATH\Boot.php(417): CodeIgniter\CodeIgniter->run()
 9 SYSTEMPATH\Boot.php(68): CodeIgniter\Boot::runCodeIgniter(Object(CodeIgniter\CodeIgniter))
10 FCPATH\index.php(54): CodeIgniter\Boot::bootWeb(Object(Config\Paths))
CRITICAL - 2026-05-06 14:02:58 --> ErrorException: Uncaught CodeIgniter\Format\Exceptions\FormatException: Failed to parse JSON string. Error: Malformed UTF-8 characters, possibly incorrectly encoded in C:\Users\pablo\OneDrive\Documentos\GitHub\JuseaRepository\vendor\codeigniter4\framework\system\Format\JSONFormatter.php:47
Stack trace:
#0 C:\Users\pablo\OneDrive\Documentos\GitHub\JuseaRepository\vendor\codeigniter4\framework\system\Format\JSONFormatter.php(47): CodeIgniter\Format\Exceptions\FormatException::forInvalidJSON('Malformed UTF-8...')
#1 C:\Users\pablo\OneDrive\Documentos\GitHub\JuseaRepository\vendor\codeigniter4\framework\system\API\ResponseTrait.php(352): CodeIgniter\Format\JSONFormatter->format(Array)
#2 C:\Users\pablo\OneDrive\Documentos\GitHub\JuseaRepository\vendor\codeigniter4\framework\system\API\ResponseTrait.php(111): CodeIgniter\Debug\ExceptionHandler->format(Array)
#3 C:\Users\pablo\OneDrive\Documentos\GitHub\JuseaRepository\vendor\codeigniter4\framework\system\Debug\ExceptionHandler.php(95): CodeIgniter\Debug\ExceptionHandler->respond(Array, 500)
#4 C:\Users\pablo\OneDrive\Documentos\GitHub\JuseaRepository\vendor\codeigniter4\framework\system\Debug\Exceptions.php(151): CodeIgniter\Debug\ExceptionHandler->handle(Object(CodeIgniter\Format\Exceptions\FormatException), Object(CodeIgniter\HTTP\IncomingRequest), Object(CodeIgniter\HTTP\Response), 500, 1)
#5 [internal function]: CodeIgniter\Debug\Exceptions->exceptionHandler(Object(CodeIgniter\Format\Exceptions\FormatException))
#6 {main}
  thrown
【Previous Exception】
CodeIgniter\Format\Exceptions\FormatException
Failed to parse JSON string. Error: Malformed UTF-8 characters, possibly incorrectly encoded
#0 C:\Users\pablo\OneDrive\Documentos\GitHub\JuseaRepository\vendor\codeigniter4\framework\system\Format\JSONFormatter.php(47): CodeIgniter\Format\Exceptions\FormatException::forInvalidJSON('Malformed UTF-8...')
#1 C:\Users\pablo\OneDrive\Documentos\GitHub\JuseaRepository\vendor\codeigniter4\framework\system\HTTP\ResponseTrait.php(252): CodeIgniter\Format\JSONFormatter->format(Array)
#2 C:\Users\pablo\OneDrive\Documentos\GitHub\JuseaRepository\vendor\codeigniter4\framework\system\HTTP\ResponseTrait.php(178): CodeIgniter\HTTP\Response->formatBody(Array, 'json')
#3 C:\Users\pablo\OneDrive\Documentos\GitHub\JuseaRepository\app\Controllers\ApiController.php(51): CodeIgniter\HTTP\Response->setJSON(Array)
#4 C:\Users\pablo\OneDrive\Documentos\GitHub\JuseaRepository\vendor\codeigniter4\framework\system\CodeIgniter.php(951): App\Controllers\ApiController->buscarPersonaPorApellido()
#5 C:\Users\pablo\OneDrive\Documentos\GitHub\JuseaRepository\vendor\codeigniter4\framework\system\CodeIgniter.php(497): CodeIgniter\CodeIgniter->runController(Object(App\Controllers\ApiController))
#6 C:\Users\pablo\OneDrive\Documentos\GitHub\JuseaRepository\vendor\codeigniter4\framework\system\CodeIgniter.php(340): CodeIgniter\CodeIgniter->handleRequest(NULL, Object(Config\Cache), false)
#7 C:\Users\pablo\OneDrive\Documentos\GitHub\JuseaRepository\vendor\codeigniter4\framework\system\Boot.php(417): CodeIgniter\CodeIgniter->run()
#8 C:\Users\pablo\OneDrive\Documentos\GitHub\JuseaRepository\vendor\codeigniter4\framework\system\Boot.php(68): CodeIgniter\Boot::runCodeIgniter(Object(CodeIgniter\CodeIgniter))
#9 C:\Users\pablo\OneDrive\Documentos\GitHub\JuseaRepository\public\index.php(54): CodeIgniter\Boot::bootWeb(Object(Config\Paths))
#10 {main}
[Method: GET, Route: api/persona/buscar-apellido]
in SYSTEMPATH\Format\JSONFormatter.php on line 47.
 1 [internal function]: CodeIgniter\Debug\Exceptions->shutdownHandler()
CRITICAL - 2026-05-06 14:03:11 --> CodeIgniter\Format\Exceptions\FormatException: Failed to parse JSON string. Error: Malformed UTF-8 characters, possibly incorrectly encoded
[Method: GET, Route: api/persona/buscar-apellido]
in SYSTEMPATH\Format\JSONFormatter.php on line 47.
 1 SYSTEMPATH\Format\JSONFormatter.php(47): CodeIgniter\Format\Exceptions\FormatException::forInvalidJSON('Malformed UTF-8 characters, possibly incorrectly encoded')
 2 SYSTEMPATH\HTTP\ResponseTrait.php(252): CodeIgniter\Format\JSONFormatter->format([...])
 3 SYSTEMPATH\HTTP\ResponseTrait.php(178): CodeIgniter\HTTP\Response->formatBody([...], 'json')
 4 APPPATH\Controllers\ApiController.php(51): CodeIgniter\HTTP\Response->setJSON([...])
 5 SYSTEMPATH\CodeIgniter.php(951): App\Controllers\ApiController->buscarPersonaPorApellido()
 6 SYSTEMPATH\CodeIgniter.php(497): CodeIgniter\CodeIgniter->runController(Object(App\Controllers\ApiController))
 7 SYSTEMPATH\CodeIgniter.php(340): CodeIgniter\CodeIgniter->handleRequest(null, Object(Config\Cache), false)
 8 SYSTEMPATH\Boot.php(417): CodeIgniter\CodeIgniter->run()
 9 SYSTEMPATH\Boot.php(68): CodeIgniter\Boot::runCodeIgniter(Object(CodeIgniter\CodeIgniter))
10 FCPATH\index.php(54): CodeIgniter\Boot::bootWeb(Object(Config\Paths))
CRITICAL - 2026-05-06 14:03:11 --> ErrorException: Uncaught CodeIgniter\Format\Exceptions\FormatException: Failed to parse JSON string. Error: Malformed UTF-8 characters, possibly incorrectly encoded in C:\Users\pablo\OneDrive\Documentos\GitHub\JuseaRepository\vendor\codeigniter4\framework\system\Format\JSONFormatter.php:47
Stack trace:
#0 C:\Users\pablo\OneDrive\Documentos\GitHub\JuseaRepository\vendor\codeigniter4\framework\system\Format\JSONFormatter.php(47): CodeIgniter\Format\Exceptions\FormatException::forInvalidJSON('Malformed UTF-8...')
#1 C:\Users\pablo\OneDrive\Documentos\GitHub\JuseaRepository\vendor\codeigniter4\framework\system\API\ResponseTrait.php(352): CodeIgniter\Format\JSONFormatter->format(Array)
#2 C:\Users\pablo\OneDrive\Documentos\GitHub\JuseaRepository\vendor\codeigniter4\framework\system\API\ResponseTrait.php(111): CodeIgniter\Debug\ExceptionHandler->format(Array)
#3 C:\Users\pablo\OneDrive\Documentos\GitHub\JuseaRepository\vendor\codeigniter4\framework\system\Debug\ExceptionHandler.php(95): CodeIgniter\Debug\ExceptionHandler->respond(Array, 500)
#4 C:\Users\pablo\OneDrive\Documentos\GitHub\JuseaRepository\vendor\codeigniter4\framework\system\Debug\Exceptions.php(151): CodeIgniter\Debug\ExceptionHandler->handle(Object(CodeIgniter\Format\Exceptions\FormatException), Object(CodeIgniter\HTTP\IncomingRequest), Object(CodeIgniter\HTTP\Response), 500, 1)
#5 [internal function]: CodeIgniter\Debug\Exceptions->exceptionHandler(Object(CodeIgniter\Format\Exceptions\FormatException))
#6 {main}
  thrown
【Previous Exception】
CodeIgniter\Format\Exceptions\FormatException
Failed to parse JSON string. Error: Malformed UTF-8 characters, possibly incorrectly encoded
#0 C:\Users\pablo\OneDrive\Documentos\GitHub\JuseaRepository\vendor\codeigniter4\framework\system\Format\JSONFormatter.php(47): CodeIgniter\Format\Exceptions\FormatException::forInvalidJSON('Malformed UTF-8...')
#1 C:\Users\pablo\OneDrive\Documentos\GitHub\JuseaRepository\vendor\codeigniter4\framework\system\HTTP\ResponseTrait.php(252): CodeIgniter\Format\JSONFormatter->format(Array)
#2 C:\Users\pablo\OneDrive\Documentos\GitHub\JuseaRepository\vendor\codeigniter4\framework\system\HTTP\ResponseTrait.php(178): CodeIgniter\HTTP\Response->formatBody(Array, 'json')
#3 C:\Users\pablo\OneDrive\Documentos\GitHub\JuseaRepository\app\Controllers\ApiController.php(51): CodeIgniter\HTTP\Response->setJSON(Array)
#4 C:\Users\pablo\OneDrive\Documentos\GitHub\JuseaRepository\vendor\codeigniter4\framework\system\CodeIgniter.php(951): App\Controllers\ApiController->buscarPersonaPorApellido()
#5 C:\Users\pablo\OneDrive\Documentos\GitHub\JuseaRepository\vendor\codeigniter4\framework\system\CodeIgniter.php(497): CodeIgniter\CodeIgniter->runController(Object(App\Controllers\ApiController))
#6 C:\Users\pablo\OneDrive\Documentos\GitHub\JuseaRepository\vendor\codeigniter4\framework\system\CodeIgniter.php(340): CodeIgniter\CodeIgniter->handleRequest(NULL, Object(Config\Cache), false)
#7 C:\Users\pablo\OneDrive\Documentos\GitHub\JuseaRepository\vendor\codeigniter4\framework\system\Boot.php(417): CodeIgniter\CodeIgniter->run()
#8 C:\Users\pablo\OneDrive\Documentos\GitHub\JuseaRepository\vendor\codeigniter4\framework\system\Boot.php(68): CodeIgniter\Boot::runCodeIgniter(Object(CodeIgniter\CodeIgniter))
#9 C:\Users\pablo\OneDrive\Documentos\GitHub\JuseaRepository\public\index.php(54): CodeIgniter\Boot::bootWeb(Object(Config\Paths))
#10 {main}
[Method: GET, Route: api/persona/buscar-apellido]
in SYSTEMPATH\Format\JSONFormatter.php on line 47.
 1 [internal function]: CodeIgniter\Debug\Exceptions->shutdownHandler()
CRITICAL - 2026-05-06 14:03:11 --> CodeIgniter\Format\Exceptions\FormatException: Failed to parse JSON string. Error: Malformed UTF-8 characters, possibly incorrectly encoded
[Method: GET, Route: api/persona/buscar-apellido]
in SYSTEMPATH\Format\JSONFormatter.php on line 47.
 1 SYSTEMPATH\Format\JSONFormatter.php(47): CodeIgniter\Format\Exceptions\FormatException::forInvalidJSON('Malformed UTF-8 characters, possibly incorrectly encoded')
 2 SYSTEMPATH\HTTP\ResponseTrait.php(252): CodeIgniter\Format\JSONFormatter->format([...])
 3 SYSTEMPATH\HTTP\ResponseTrait.php(178): CodeIgniter\HTTP\Response->formatBody([...], 'json')
 4 APPPATH\Controllers\ApiController.php(51): CodeIgniter\HTTP\Response->setJSON([...])
 5 SYSTEMPATH\CodeIgniter.php(951): App\Controllers\ApiController->buscarPersonaPorApellido()
 6 SYSTEMPATH\CodeIgniter.php(497): CodeIgniter\CodeIgniter->runController(Object(App\Controllers\ApiController))
 7 SYSTEMPATH\CodeIgniter.php(340): CodeIgniter\CodeIgniter->handleRequest(null, Object(Config\Cache), false)
 8 SYSTEMPATH\Boot.php(417): CodeIgniter\CodeIgniter->run()
 9 SYSTEMPATH\Boot.php(68): CodeIgniter\Boot::runCodeIgniter(Object(CodeIgniter\CodeIgniter))
10 FCPATH\index.php(54): CodeIgniter\Boot::bootWeb(Object(Config\Paths))
CRITICAL - 2026-05-06 14:03:11 --> ErrorException: Uncaught CodeIgniter\Format\Exceptions\FormatException: Failed to parse JSON string. Error: Malformed UTF-8 characters, possibly incorrectly encoded in C:\Users\pablo\OneDrive\Documentos\GitHub\JuseaRepository\vendor\codeigniter4\framework\system\Format\JSONFormatter.php:47
Stack trace:
#0 C:\Users\pablo\OneDrive\Documentos\GitHub\JuseaRepository\vendor\codeigniter4\framework\system\Format\JSONFormatter.php(47): CodeIgniter\Format\Exceptions\FormatException::forInvalidJSON('Malformed UTF-8...')
#1 C:\Users\pablo\OneDrive\Documentos\GitHub\JuseaRepository\vendor\codeigniter4\framework\system\API\ResponseTrait.php(352): CodeIgniter\Format\JSONFormatter->format(Array)
#2 C:\Users\pablo\OneDrive\Documentos\GitHub\JuseaRepository\vendor\codeigniter4\framework\system\API\ResponseTrait.php(111): CodeIgniter\Debug\ExceptionHandler->format(Array)
#3 C:\Users\pablo\OneDrive\Documentos\GitHub\JuseaRepository\vendor\codeigniter4\framework\system\Debug\ExceptionHandler.php(95): CodeIgniter\Debug\ExceptionHandler->respond(Array, 500)
#4 C:\Users\pablo\OneDrive\Documentos\GitHub\JuseaRepository\vendor\codeigniter4\framework\system\Debug\Exceptions.php(151): CodeIgniter\Debug\ExceptionHandler->handle(Object(CodeIgniter\Format\Exceptions\FormatException), Object(CodeIgniter\HTTP\IncomingRequest), Object(CodeIgniter\HTTP\Response), 500, 1)
#5 [internal function]: CodeIgniter\Debug\Exceptions->exceptionHandler(Object(CodeIgniter\Format\Exceptions\FormatException))
#6 {main}
  thrown
【Previous Exception】
CodeIgniter\Format\Exceptions\FormatException
Failed to parse JSON string. Error: Malformed UTF-8 characters, possibly incorrectly encoded
#0 C:\Users\pablo\OneDrive\Documentos\GitHub\JuseaRepository\vendor\codeigniter4\framework\system\Format\JSONFormatter.php(47): CodeIgniter\Format\Exceptions\FormatException::forInvalidJSON('Malformed UTF-8...')
#1 C:\Users\pablo\OneDrive\Documentos\GitHub\JuseaRepository\vendor\codeigniter4\framework\system\HTTP\ResponseTrait.php(252): CodeIgniter\Format\JSONFormatter->format(Array)
#2 C:\Users\pablo\OneDrive\Documentos\GitHub\JuseaRepository\vendor\codeigniter4\framework\system\HTTP\ResponseTrait.php(178): CodeIgniter\HTTP\Response->formatBody(Array, 'json')
#3 C:\Users\pablo\OneDrive\Documentos\GitHub\JuseaRepository\app\Controllers\ApiController.php(51): CodeIgniter\HTTP\Response->setJSON(Array)
#4 C:\Users\pablo\OneDrive\Documentos\GitHub\JuseaRepository\vendor\codeigniter4\framework\system\CodeIgniter.php(951): App\Controllers\ApiController->buscarPersonaPorApellido()
#5 C:\Users\pablo\OneDrive\Documentos\GitHub\JuseaRepository\vendor\codeigniter4\framework\system\CodeIgniter.php(497): CodeIgniter\CodeIgniter->runController(Object(App\Controllers\ApiController))
#6 C:\Users\pablo\OneDrive\Documentos\GitHub\JuseaRepository\vendor\codeigniter4\framework\system\CodeIgniter.php(340): CodeIgniter\CodeIgniter->handleRequest(NULL, Object(Config\Cache), false)
#7 C:\Users\pablo\OneDrive\Documentos\GitHub\JuseaRepository\vendor\codeigniter4\framework\system\Boot.php(417): CodeIgniter\CodeIgniter->run()
#8 C:\Users\pablo\OneDrive\Documentos\GitHub\JuseaRepository\vendor\codeigniter4\framework\system\Boot.php(68): CodeIgniter\Boot::runCodeIgniter(Object(CodeIgniter\CodeIgniter))
#9 C:\Users\pablo\OneDrive\Documentos\GitHub\JuseaRepository\public\index.php(54): CodeIgniter\Boot::bootWeb(Object(Config\Paths))
#10 {main}
[Method: GET, Route: api/persona/buscar-apellido]
in SYSTEMPATH\Format\JSONFormatter.php on line 47.
 1 [internal function]: CodeIgniter\Debug\Exceptions->shutdownHandler()
CRITICAL - 2026-05-06 14:03:12 --> CodeIgniter\Format\Exceptions\FormatException: Failed to parse JSON string. Error: Malformed UTF-8 characters, possibly incorrectly encoded
[Method: GET, Route: api/persona/buscar-apellido]
in SYSTEMPATH\Format\JSONFormatter.php on line 47.
 1 SYSTEMPATH\Format\JSONFormatter.php(47): CodeIgniter\Format\Exceptions\FormatException::forInvalidJSON('Malformed UTF-8 characters, possibly incorrectly encoded')
 2 SYSTEMPATH\HTTP\ResponseTrait.php(252): CodeIgniter\Format\JSONFormatter->format([...])
 3 SYSTEMPATH\HTTP\ResponseTrait.php(178): CodeIgniter\HTTP\Response->formatBody([...], 'json')
 4 APPPATH\Controllers\ApiController.php(51): CodeIgniter\HTTP\Response->setJSON([...])
 5 SYSTEMPATH\CodeIgniter.php(951): App\Controllers\ApiController->buscarPersonaPorApellido()
 6 SYSTEMPATH\CodeIgniter.php(497): CodeIgniter\CodeIgniter->runController(Object(App\Controllers\ApiController))
 7 SYSTEMPATH\CodeIgniter.php(340): CodeIgniter\CodeIgniter->handleRequest(null, Object(Config\Cache), false)
 8 SYSTEMPATH\Boot.php(417): CodeIgniter\CodeIgniter->run()
 9 SYSTEMPATH\Boot.php(68): CodeIgniter\Boot::runCodeIgniter(Object(CodeIgniter\CodeIgniter))
10 FCPATH\index.php(54): CodeIgniter\Boot::bootWeb(Object(Config\Paths))
CRITICAL - 2026-05-06 14:03:12 --> ErrorException: Uncaught CodeIgniter\Format\Exceptions\FormatException: Failed to parse JSON string. Error: Malformed UTF-8 characters, possibly incorrectly encoded in C:\Users\pablo\OneDrive\Documentos\GitHub\JuseaRepository\vendor\codeigniter4\framework\system\Format\JSONFormatter.php:47
Stack trace:
#0 C:\Users\pablo\OneDrive\Documentos\GitHub\JuseaRepository\vendor\codeigniter4\framework\system\Format\JSONFormatter.php(47): CodeIgniter\Format\Exceptions\FormatException::forInvalidJSON('Malformed UTF-8...')
#1 C:\Users\pablo\OneDrive\Documentos\GitHub\JuseaRepository\vendor\codeigniter4\framework\system\API\ResponseTrait.php(352): CodeIgniter\Format\JSONFormatter->format(Array)
#2 C:\Users\pablo\OneDrive\Documentos\GitHub\JuseaRepository\vendor\codeigniter4\framework\system\API\ResponseTrait.php(111): CodeIgniter\Debug\ExceptionHandler->format(Array)
#3 C:\Users\pablo\OneDrive\Documentos\GitHub\JuseaRepository\vendor\codeigniter4\framework\system\Debug\ExceptionHandler.php(95): CodeIgniter\Debug\ExceptionHandler->respond(Array, 500)
#4 C:\Users\pablo\OneDrive\Documentos\GitHub\JuseaRepository\vendor\codeigniter4\framework\system\Debug\Exceptions.php(151): CodeIgniter\Debug\ExceptionHandler->handle(Object(CodeIgniter\Format\Exceptions\FormatException), Object(CodeIgniter\HTTP\IncomingRequest), Object(CodeIgniter\HTTP\Response), 500, 1)
#5 [internal function]: CodeIgniter\Debug\Exceptions->exceptionHandler(Object(CodeIgniter\Format\Exceptions\FormatException))
#6 {main}
  thrown
【Previous Exception】
CodeIgniter\Format\Exceptions\FormatException
Failed to parse JSON string. Error: Malformed UTF-8 characters, possibly incorrectly encoded
#0 C:\Users\pablo\OneDrive\Documentos\GitHub\JuseaRepository\vendor\codeigniter4\framework\system\Format\JSONFormatter.php(47): CodeIgniter\Format\Exceptions\FormatException::forInvalidJSON('Malformed UTF-8...')
#1 C:\Users\pablo\OneDrive\Documentos\GitHub\JuseaRepository\vendor\codeigniter4\framework\system\HTTP\ResponseTrait.php(252): CodeIgniter\Format\JSONFormatter->format(Array)
#2 C:\Users\pablo\OneDrive\Documentos\GitHub\JuseaRepository\vendor\codeigniter4\framework\system\HTTP\ResponseTrait.php(178): CodeIgniter\HTTP\Response->formatBody(Array, 'json')
#3 C:\Users\pablo\OneDrive\Documentos\GitHub\JuseaRepository\app\Controllers\ApiController.php(51): CodeIgniter\HTTP\Response->setJSON(Array)
#4 C:\Users\pablo\OneDrive\Documentos\GitHub\JuseaRepository\vendor\codeigniter4\framework\system\CodeIgniter.php(951): App\Controllers\ApiController->buscarPersonaPorApellido()
#5 C:\Users\pablo\OneDrive\Documentos\GitHub\JuseaRepository\vendor\codeigniter4\framework\system\CodeIgniter.php(497): CodeIgniter\CodeIgniter->runController(Object(App\Controllers\ApiController))
#6 C:\Users\pablo\OneDrive\Documentos\GitHub\JuseaRepository\vendor\codeigniter4\framework\system\CodeIgniter.php(340): CodeIgniter\CodeIgniter->handleRequest(NULL, Object(Config\Cache), false)
#7 C:\Users\pablo\OneDrive\Documentos\GitHub\JuseaRepository\vendor\codeigniter4\framework\system\Boot.php(417): CodeIgniter\CodeIgniter->run()
#8 C:\Users\pablo\OneDrive\Documentos\GitHub\JuseaRepository\vendor\codeigniter4\framework\system\Boot.php(68): CodeIgniter\Boot::runCodeIgniter(Object(CodeIgniter\CodeIgniter))
#9 C:\Users\pablo\OneDrive\Documentos\GitHub\JuseaRepository\public\index.php(54): CodeIgniter\Boot::bootWeb(Object(Config\Paths))
#10 {main}
[Method: GET, Route: api/persona/buscar-apellido]
in SYSTEMPATH\Format\JSONFormatter.php on line 47.
 1 [internal function]: CodeIgniter\Debug\Exceptions->shutdownHandler()
CRITICAL - 2026-05-06 14:03:13 --> CodeIgniter\Format\Exceptions\FormatException: Failed to parse JSON string. Error: Malformed UTF-8 characters, possibly incorrectly encoded
[Method: GET, Route: api/persona/buscar-apellido]
in SYSTEMPATH\Format\JSONFormatter.php on line 47.
 1 SYSTEMPATH\Format\JSONFormatter.php(47): CodeIgniter\Format\Exceptions\FormatException::forInvalidJSON('Malformed UTF-8 characters, possibly incorrectly encoded')
 2 SYSTEMPATH\HTTP\ResponseTrait.php(252): CodeIgniter\Format\JSONFormatter->format([...])
 3 SYSTEMPATH\HTTP\ResponseTrait.php(178): CodeIgniter\HTTP\Response->formatBody([...], 'json')
 4 APPPATH\Controllers\ApiController.php(51): CodeIgniter\HTTP\Response->setJSON([...])
 5 SYSTEMPATH\CodeIgniter.php(951): App\Controllers\ApiController->buscarPersonaPorApellido()
 6 SYSTEMPATH\CodeIgniter.php(497): CodeIgniter\CodeIgniter->runController(Object(App\Controllers\ApiController))
 7 SYSTEMPATH\CodeIgniter.php(340): CodeIgniter\CodeIgniter->handleRequest(null, Object(Config\Cache), false)
 8 SYSTEMPATH\Boot.php(417): CodeIgniter\CodeIgniter->run()
 9 SYSTEMPATH\Boot.php(68): CodeIgniter\Boot::runCodeIgniter(Object(CodeIgniter\CodeIgniter))
10 FCPATH\index.php(54): CodeIgniter\Boot::bootWeb(Object(Config\Paths))
CRITICAL - 2026-05-06 14:03:13 --> ErrorException: Uncaught CodeIgniter\Format\Exceptions\FormatException: Failed to parse JSON string. Error: Malformed UTF-8 characters, possibly incorrectly encoded in C:\Users\pablo\OneDrive\Documentos\GitHub\JuseaRepository\vendor\codeigniter4\framework\system\Format\JSONFormatter.php:47
Stack trace:
#0 C:\Users\pablo\OneDrive\Documentos\GitHub\JuseaRepository\vendor\codeigniter4\framework\system\Format\JSONFormatter.php(47): CodeIgniter\Format\Exceptions\FormatException::forInvalidJSON('Malformed UTF-8...')
#1 C:\Users\pablo\OneDrive\Documentos\GitHub\JuseaRepository\vendor\codeigniter4\framework\system\API\ResponseTrait.php(352): CodeIgniter\Format\JSONFormatter->format(Array)
#2 C:\Users\pablo\OneDrive\Documentos\GitHub\JuseaRepository\vendor\codeigniter4\framework\system\API\ResponseTrait.php(111): CodeIgniter\Debug\ExceptionHandler->format(Array)
#3 C:\Users\pablo\OneDrive\Documentos\GitHub\JuseaRepository\vendor\codeigniter4\framework\system\Debug\ExceptionHandler.php(95): CodeIgniter\Debug\ExceptionHandler->respond(Array, 500)
#4 C:\Users\pablo\OneDrive\Documentos\GitHub\JuseaRepository\vendor\codeigniter4\framework\system\Debug\Exceptions.php(151): CodeIgniter\Debug\ExceptionHandler->handle(Object(CodeIgniter\Format\Exceptions\FormatException), Object(CodeIgniter\HTTP\IncomingRequest), Object(CodeIgniter\HTTP\Response), 500, 1)
#5 [internal function]: CodeIgniter\Debug\Exceptions->exceptionHandler(Object(CodeIgniter\Format\Exceptions\FormatException))
#6 {main}
  thrown
【Previous Exception】
CodeIgniter\Format\Exceptions\FormatException
Failed to parse JSON string. Error: Malformed UTF-8 characters, possibly incorrectly encoded
#0 C:\Users\pablo\OneDrive\Documentos\GitHub\JuseaRepository\vendor\codeigniter4\framework\system\Format\JSONFormatter.php(47): CodeIgniter\Format\Exceptions\FormatException::forInvalidJSON('Malformed UTF-8...')
#1 C:\Users\pablo\OneDrive\Documentos\GitHub\JuseaRepository\vendor\codeigniter4\framework\system\HTTP\ResponseTrait.php(252): CodeIgniter\Format\JSONFormatter->format(Array)
#2 C:\Users\pablo\OneDrive\Documentos\GitHub\JuseaRepository\vendor\codeigniter4\framework\system\HTTP\ResponseTrait.php(178): CodeIgniter\HTTP\Response->formatBody(Array, 'json')
#3 C:\Users\pablo\OneDrive\Documentos\GitHub\JuseaRepository\app\Controllers\ApiController.php(51): CodeIgniter\HTTP\Response->setJSON(Array)
#4 C:\Users\pablo\OneDrive\Documentos\GitHub\JuseaRepository\vendor\codeigniter4\framework\system\CodeIgniter.php(951): App\Controllers\ApiController->buscarPersonaPorApellido()
#5 C:\Users\pablo\OneDrive\Documentos\GitHub\JuseaRepository\vendor\codeigniter4\framework\system\CodeIgniter.php(497): CodeIgniter\CodeIgniter->runController(Object(App\Controllers\ApiController))
#6 C:\Users\pablo\OneDrive\Documentos\GitHub\JuseaRepository\vendor\codeigniter4\framework\system\CodeIgniter.php(340): CodeIgniter\CodeIgniter->handleRequest(NULL, Object(Config\Cache), false)
#7 C:\Users\pablo\OneDrive\Documentos\GitHub\JuseaRepository\vendor\codeigniter4\framework\system\Boot.php(417): CodeIgniter\CodeIgniter->run()
#8 C:\Users\pablo\OneDrive\Documentos\GitHub\JuseaRepository\vendor\codeigniter4\framework\system\Boot.php(68): CodeIgniter\Boot::runCodeIgniter(Object(CodeIgniter\CodeIgniter))
#9 C:\Users\pablo\OneDrive\Documentos\GitHub\JuseaRepository\public\index.php(54): CodeIgniter\Boot::bootWeb(Object(Config\Paths))
#10 {main}
[Method: GET, Route: api/persona/buscar-apellido]
in SYSTEMPATH\Format\JSONFormatter.php on line 47.
 1 [internal function]: CodeIgniter\Debug\Exceptions->shutdownHandler()
CRITICAL - 2026-05-06 14:03:13 --> CodeIgniter\Format\Exceptions\FormatException: Failed to parse JSON string. Error: Malformed UTF-8 characters, possibly incorrectly encoded
[Method: GET, Route: api/persona/buscar-apellido]
in SYSTEMPATH\Format\JSONFormatter.php on line 47.
 1 SYSTEMPATH\Format\JSONFormatter.php(47): CodeIgniter\Format\Exceptions\FormatException::forInvalidJSON('Malformed UTF-8 characters, possibly incorrectly encoded')
 2 SYSTEMPATH\HTTP\ResponseTrait.php(252): CodeIgniter\Format\JSONFormatter->format([...])
 3 SYSTEMPATH\HTTP\ResponseTrait.php(178): CodeIgniter\HTTP\Response->formatBody([...], 'json')
 4 APPPATH\Controllers\ApiController.php(51): CodeIgniter\HTTP\Response->setJSON([...])
 5 SYSTEMPATH\CodeIgniter.php(951): App\Controllers\ApiController->buscarPersonaPorApellido()
 6 SYSTEMPATH\CodeIgniter.php(497): CodeIgniter\CodeIgniter->runController(Object(App\Controllers\ApiController))
 7 SYSTEMPATH\CodeIgniter.php(340): CodeIgniter\CodeIgniter->handleRequest(null, Object(Config\Cache), false)
 8 SYSTEMPATH\Boot.php(417): CodeIgniter\CodeIgniter->run()
 9 SYSTEMPATH\Boot.php(68): CodeIgniter\Boot::runCodeIgniter(Object(CodeIgniter\CodeIgniter))
10 FCPATH\index.php(54): CodeIgniter\Boot::bootWeb(Object(Config\Paths))
CRITICAL - 2026-05-06 14:03:13 --> ErrorException: Uncaught CodeIgniter\Format\Exceptions\FormatException: Failed to parse JSON string. Error: Malformed UTF-8 characters, possibly incorrectly encoded in C:\Users\pablo\OneDrive\Documentos\GitHub\JuseaRepository\vendor\codeigniter4\framework\system\Format\JSONFormatter.php:47
Stack trace:
#0 C:\Users\pablo\OneDrive\Documentos\GitHub\JuseaRepository\vendor\codeigniter4\framework\system\Format\JSONFormatter.php(47): CodeIgniter\Format\Exceptions\FormatException::forInvalidJSON('Malformed UTF-8...')
#1 C:\Users\pablo\OneDrive\Documentos\GitHub\JuseaRepository\vendor\codeigniter4\framework\system\API\ResponseTrait.php(352): CodeIgniter\Format\JSONFormatter->format(Array)
#2 C:\Users\pablo\OneDrive\Documentos\GitHub\JuseaRepository\vendor\codeigniter4\framework\system\API\ResponseTrait.php(111): CodeIgniter\Debug\ExceptionHandler->format(Array)
#3 C:\Users\pablo\OneDrive\Documentos\GitHub\JuseaRepository\vendor\codeigniter4\framework\system\Debug\ExceptionHandler.php(95): CodeIgniter\Debug\ExceptionHandler->respond(Array, 500)
#4 C:\Users\pablo\OneDrive\Documentos\GitHub\JuseaRepository\vendor\codeigniter4\framework\system\Debug\Exceptions.php(151): CodeIgniter\Debug\ExceptionHandler->handle(Object(CodeIgniter\Format\Exceptions\FormatException), Object(CodeIgniter\HTTP\IncomingRequest), Object(CodeIgniter\HTTP\Response), 500, 1)
#5 [internal function]: CodeIgniter\Debug\Exceptions->exceptionHandler(Object(CodeIgniter\Format\Exceptions\FormatException))
#6 {main}
  thrown
【Previous Exception】
CodeIgniter\Format\Exceptions\FormatException
Failed to parse JSON string. Error: Malformed UTF-8 characters, possibly incorrectly encoded
#0 C:\Users\pablo\OneDrive\Documentos\GitHub\JuseaRepository\vendor\codeigniter4\framework\system\Format\JSONFormatter.php(47): CodeIgniter\Format\Exceptions\FormatException::forInvalidJSON('Malformed UTF-8...')
#1 C:\Users\pablo\OneDrive\Documentos\GitHub\JuseaRepository\vendor\codeigniter4\framework\system\HTTP\ResponseTrait.php(252): CodeIgniter\Format\JSONFormatter->format(Array)
#2 C:\Users\pablo\OneDrive\Documentos\GitHub\JuseaRepository\vendor\codeigniter4\framework\system\HTTP\ResponseTrait.php(178): CodeIgniter\HTTP\Response->formatBody(Array, 'json')
#3 C:\Users\pablo\OneDrive\Documentos\GitHub\JuseaRepository\app\Controllers\ApiController.php(51): CodeIgniter\HTTP\Response->setJSON(Array)
#4 C:\Users\pablo\OneDrive\Documentos\GitHub\JuseaRepository\vendor\codeigniter4\framework\system\CodeIgniter.php(951): App\Controllers\ApiController->buscarPersonaPorApellido()
#5 C:\Users\pablo\OneDrive\Documentos\GitHub\JuseaRepository\vendor\codeigniter4\framework\system\CodeIgniter.php(497): CodeIgniter\CodeIgniter->runController(Object(App\Controllers\ApiController))
#6 C:\Users\pablo\OneDrive\Documentos\GitHub\JuseaRepository\vendor\codeigniter4\framework\system\CodeIgniter.php(340): CodeIgniter\CodeIgniter->handleRequest(NULL, Object(Config\Cache), false)
#7 C:\Users\pablo\OneDrive\Documentos\GitHub\JuseaRepository\vendor\codeigniter4\framework\system\Boot.php(417): CodeIgniter\CodeIgniter->run()
#8 C:\Users\pablo\OneDrive\Documentos\GitHub\JuseaRepository\vendor\codeigniter4\framework\system\Boot.php(68): CodeIgniter\Boot::runCodeIgniter(Object(CodeIgniter\CodeIgniter))
#9 C:\Users\pablo\OneDrive\Documentos\GitHub\JuseaRepository\public\index.php(54): CodeIgniter\Boot::bootWeb(Object(Config\Paths))
#10 {main}
[Method: GET, Route: api/persona/buscar-apellido]
in SYSTEMPATH\Format\JSONFormatter.php on line 47.
 1 [internal function]: CodeIgniter\Debug\Exceptions->shutdownHandler()
CRITICAL - 2026-05-06 14:03:13 --> CodeIgniter\Format\Exceptions\FormatException: Failed to parse JSON string. Error: Malformed UTF-8 characters, possibly incorrectly encoded
[Method: GET, Route: api/persona/buscar-apellido]
in SYSTEMPATH\Format\JSONFormatter.php on line 47.
 1 SYSTEMPATH\Format\JSONFormatter.php(47): CodeIgniter\Format\Exceptions\FormatException::forInvalidJSON('Malformed UTF-8 characters, possibly incorrectly encoded')
 2 SYSTEMPATH\HTTP\ResponseTrait.php(252): CodeIgniter\Format\JSONFormatter->format([...])
 3 SYSTEMPATH\HTTP\ResponseTrait.php(178): CodeIgniter\HTTP\Response->formatBody([...], 'json')
 4 APPPATH\Controllers\ApiController.php(51): CodeIgniter\HTTP\Response->setJSON([...])
 5 SYSTEMPATH\CodeIgniter.php(951): App\Controllers\ApiController->buscarPersonaPorApellido()
 6 SYSTEMPATH\CodeIgniter.php(497): CodeIgniter\CodeIgniter->runController(Object(App\Controllers\ApiController))
 7 SYSTEMPATH\CodeIgniter.php(340): CodeIgniter\CodeIgniter->handleRequest(null, Object(Config\Cache), false)
 8 SYSTEMPATH\Boot.php(417): CodeIgniter\CodeIgniter->run()
 9 SYSTEMPATH\Boot.php(68): CodeIgniter\Boot::runCodeIgniter(Object(CodeIgniter\CodeIgniter))
10 FCPATH\index.php(54): CodeIgniter\Boot::bootWeb(Object(Config\Paths))
CRITICAL - 2026-05-06 14:03:13 --> ErrorException: Uncaught CodeIgniter\Format\Exceptions\FormatException: Failed to parse JSON string. Error: Malformed UTF-8 characters, possibly incorrectly encoded in C:\Users\pablo\OneDrive\Documentos\GitHub\JuseaRepository\vendor\codeigniter4\framework\system\Format\JSONFormatter.php:47
Stack trace:
#0 C:\Users\pablo\OneDrive\Documentos\GitHub\JuseaRepository\vendor\codeigniter4\framework\system\Format\JSONFormatter.php(47): CodeIgniter\Format\Exceptions\FormatException::forInvalidJSON('Malformed UTF-8...')
#1 C:\Users\pablo\OneDrive\Documentos\GitHub\JuseaRepository\vendor\codeigniter4\framework\system\API\ResponseTrait.php(352): CodeIgniter\Format\JSONFormatter->format(Array)
#2 C:\Users\pablo\OneDrive\Documentos\GitHub\JuseaRepository\vendor\codeigniter4\framework\system\API\ResponseTrait.php(111): CodeIgniter\Debug\ExceptionHandler->format(Array)
#3 C:\Users\pablo\OneDrive\Documentos\GitHub\JuseaRepository\vendor\codeigniter4\framework\system\Debug\ExceptionHandler.php(95): CodeIgniter\Debug\ExceptionHandler->respond(Array, 500)
#4 C:\Users\pablo\OneDrive\Documentos\GitHub\JuseaRepository\vendor\codeigniter4\framework\system\Debug\Exceptions.php(151): CodeIgniter\Debug\ExceptionHandler->handle(Object(CodeIgniter\Format\Exceptions\FormatException), Object(CodeIgniter\HTTP\IncomingRequest), Object(CodeIgniter\HTTP\Response), 500, 1)
#5 [internal function]: CodeIgniter\Debug\Exceptions->exceptionHandler(Object(CodeIgniter\Format\Exceptions\FormatException))
#6 {main}
  thrown
【Previous Exception】
CodeIgniter\Format\Exceptions\FormatException
Failed to parse JSON string. Error: Malformed UTF-8 characters, possibly incorrectly encoded
#0 C:\Users\pablo\OneDrive\Documentos\GitHub\JuseaRepository\vendor\codeigniter4\framework\system\Format\JSONFormatter.php(47): CodeIgniter\Format\Exceptions\FormatException::forInvalidJSON('Malformed UTF-8...')
#1 C:\Users\pablo\OneDrive\Documentos\GitHub\JuseaRepository\vendor\codeigniter4\framework\system\HTTP\ResponseTrait.php(252): CodeIgniter\Format\JSONFormatter->format(Array)
#2 C:\Users\pablo\OneDrive\Documentos\GitHub\JuseaRepository\vendor\codeigniter4\framework\system\HTTP\ResponseTrait.php(178): CodeIgniter\HTTP\Response->formatBody(Array, 'json')
#3 C:\Users\pablo\OneDrive\Documentos\GitHub\JuseaRepository\app\Controllers\ApiController.php(51): CodeIgniter\HTTP\Response->setJSON(Array)
#4 C:\Users\pablo\OneDrive\Documentos\GitHub\JuseaRepository\vendor\codeigniter4\framework\system\CodeIgniter.php(951): App\Controllers\ApiController->buscarPersonaPorApellido()
#5 C:\Users\pablo\OneDrive\Documentos\GitHub\JuseaRepository\vendor\codeigniter4\framework\system\CodeIgniter.php(497): CodeIgniter\CodeIgniter->runController(Object(App\Controllers\ApiController))
#6 C:\Users\pablo\OneDrive\Documentos\GitHub\JuseaRepository\vendor\codeigniter4\framework\system\CodeIgniter.php(340): CodeIgniter\CodeIgniter->handleRequest(NULL, Object(Config\Cache), false)
#7 C:\Users\pablo\OneDrive\Documentos\GitHub\JuseaRepository\vendor\codeigniter4\framework\system\Boot.php(417): CodeIgniter\CodeIgniter->run()
#8 C:\Users\pablo\OneDrive\Documentos\GitHub\JuseaRepository\vendor\codeigniter4\framework\system\Boot.php(68): CodeIgniter\Boot::runCodeIgniter(Object(CodeIgniter\CodeIgniter))
#9 C:\Users\pablo\OneDrive\Documentos\GitHub\JuseaRepository\public\index.php(54): CodeIgniter\Boot::bootWeb(Object(Config\Paths))
#10 {main}
[Method: GET, Route: api/persona/buscar-apellido]
in SYSTEMPATH\Format\JSONFormatter.php on line 47.
 1 [internal function]: CodeIgniter\Debug\Exceptions->shutdownHandler()
CRITICAL - 2026-05-06 14:03:20 --> CodeIgniter\Format\Exceptions\FormatException: Failed to parse JSON string. Error: Malformed UTF-8 characters, possibly incorrectly encoded
[Method: GET, Route: api/persona/buscar-apellido]
in SYSTEMPATH\Format\JSONFormatter.php on line 47.
 1 SYSTEMPATH\Format\JSONFormatter.php(47): CodeIgniter\Format\Exceptions\FormatException::forInvalidJSON('Malformed UTF-8 characters, possibly incorrectly encoded')
 2 SYSTEMPATH\HTTP\ResponseTrait.php(252): CodeIgniter\Format\JSONFormatter->format([...])
 3 SYSTEMPATH\HTTP\ResponseTrait.php(178): CodeIgniter\HTTP\Response->formatBody([...], 'json')
 4 APPPATH\Controllers\ApiController.php(51): CodeIgniter\HTTP\Response->setJSON([...])
 5 SYSTEMPATH\CodeIgniter.php(951): App\Controllers\ApiController->buscarPersonaPorApellido()
 6 SYSTEMPATH\CodeIgniter.php(497): CodeIgniter\CodeIgniter->runController(Object(App\Controllers\ApiController))
 7 SYSTEMPATH\CodeIgniter.php(340): CodeIgniter\CodeIgniter->handleRequest(null, Object(Config\Cache), false)
 8 SYSTEMPATH\Boot.php(417): CodeIgniter\CodeIgniter->run()
 9 SYSTEMPATH\Boot.php(68): CodeIgniter\Boot::runCodeIgniter(Object(CodeIgniter\CodeIgniter))
10 FCPATH\index.php(54): CodeIgniter\Boot::bootWeb(Object(Config\Paths))
CRITICAL - 2026-05-06 14:03:20 --> ErrorException: Uncaught CodeIgniter\Format\Exceptions\FormatException: Failed to parse JSON string. Error: Malformed UTF-8 characters, possibly incorrectly encoded in C:\Users\pablo\OneDrive\Documentos\GitHub\JuseaRepository\vendor\codeigniter4\framework\system\Format\JSONFormatter.php:47
Stack trace:
#0 C:\Users\pablo\OneDrive\Documentos\GitHub\JuseaRepository\vendor\codeigniter4\framework\system\Format\JSONFormatter.php(47): CodeIgniter\Format\Exceptions\FormatException::forInvalidJSON('Malformed UTF-8...')
#1 C:\Users\pablo\OneDrive\Documentos\GitHub\JuseaRepository\vendor\codeigniter4\framework\system\API\ResponseTrait.php(352): CodeIgniter\Format\JSONFormatter->format(Array)
#2 C:\Users\pablo\OneDrive\Documentos\GitHub\JuseaRepository\vendor\codeigniter4\framework\system\API\ResponseTrait.php(111): CodeIgniter\Debug\ExceptionHandler->format(Array)
#3 C:\Users\pablo\OneDrive\Documentos\GitHub\JuseaRepository\vendor\codeigniter4\framework\system\Debug\ExceptionHandler.php(95): CodeIgniter\Debug\ExceptionHandler->respond(Array, 500)
#4 C:\Users\pablo\OneDrive\Documentos\GitHub\JuseaRepository\vendor\codeigniter4\framework\system\Debug\Exceptions.php(151): CodeIgniter\Debug\ExceptionHandler->handle(Object(CodeIgniter\Format\Exceptions\FormatException), Object(CodeIgniter\HTTP\IncomingRequest), Object(CodeIgniter\HTTP\Response), 500, 1)
#5 [internal function]: CodeIgniter\Debug\Exceptions->exceptionHandler(Object(CodeIgniter\Format\Exceptions\FormatException))
#6 {main}
  thrown
【Previous Exception】
CodeIgniter\Format\Exceptions\FormatException
Failed to parse JSON string. Error: Malformed UTF-8 characters, possibly incorrectly encoded
#0 C:\Users\pablo\OneDrive\Documentos\GitHub\JuseaRepository\vendor\codeigniter4\framework\system\Format\JSONFormatter.php(47): CodeIgniter\Format\Exceptions\FormatException::forInvalidJSON('Malformed UTF-8...')
#1 C:\Users\pablo\OneDrive\Documentos\GitHub\JuseaRepository\vendor\codeigniter4\framework\system\HTTP\ResponseTrait.php(252): CodeIgniter\Format\JSONFormatter->format(Array)
#2 C:\Users\pablo\OneDrive\Documentos\GitHub\JuseaRepository\vendor\codeigniter4\framework\system\HTTP\ResponseTrait.php(178): CodeIgniter\HTTP\Response->formatBody(Array, 'json')
#3 C:\Users\pablo\OneDrive\Documentos\GitHub\JuseaRepository\app\Controllers\ApiController.php(51): CodeIgniter\HTTP\Response->setJSON(Array)
#4 C:\Users\pablo\OneDrive\Documentos\GitHub\JuseaRepository\vendor\codeigniter4\framework\system\CodeIgniter.php(951): App\Controllers\ApiController->buscarPersonaPorApellido()
#5 C:\Users\pablo\OneDrive\Documentos\GitHub\JuseaRepository\vendor\codeigniter4\framework\system\CodeIgniter.php(497): CodeIgniter\CodeIgniter->runController(Object(App\Controllers\ApiController))
#6 C:\Users\pablo\OneDrive\Documentos\GitHub\JuseaRepository\vendor\codeigniter4\framework\system\CodeIgniter.php(340): CodeIgniter\CodeIgniter->handleRequest(NULL, Object(Config\Cache), false)
#7 C:\Users\pablo\OneDrive\Documentos\GitHub\JuseaRepository\vendor\codeigniter4\framework\system\Boot.php(417): CodeIgniter\CodeIgniter->run()
#8 C:\Users\pablo\OneDrive\Documentos\GitHub\JuseaRepository\vendor\codeigniter4\framework\system\Boot.php(68): CodeIgniter\Boot::runCodeIgniter(Object(CodeIgniter\CodeIgniter))
#9 C:\Users\pablo\OneDrive\Documentos\GitHub\JuseaRepository\public\index.php(54): CodeIgniter\Boot::bootWeb(Object(Config\Paths))
#10 {main}
[Method: GET, Route: api/persona/buscar-apellido]
in SYSTEMPATH\Format\JSONFormatter.php on line 47.
 1 [internal function]: CodeIgniter\Debug\Exceptions->shutdownHandler()
CRITICAL - 2026-05-06 14:03:20 --> CodeIgniter\Format\Exceptions\FormatException: Failed to parse JSON string. Error: Malformed UTF-8 characters, possibly incorrectly encoded
[Method: GET, Route: api/persona/buscar-apellido]
in SYSTEMPATH\Format\JSONFormatter.php on line 47.
 1 SYSTEMPATH\Format\JSONFormatter.php(47): CodeIgniter\Format\Exceptions\FormatException::forInvalidJSON('Malformed UTF-8 characters, possibly incorrectly encoded')
 2 SYSTEMPATH\HTTP\ResponseTrait.php(252): CodeIgniter\Format\JSONFormatter->format([...])
 3 SYSTEMPATH\HTTP\ResponseTrait.php(178): CodeIgniter\HTTP\Response->formatBody([...], 'json')
 4 APPPATH\Controllers\ApiController.php(51): CodeIgniter\HTTP\Response->setJSON([...])
 5 SYSTEMPATH\CodeIgniter.php(951): App\Controllers\ApiController->buscarPersonaPorApellido()
 6 SYSTEMPATH\CodeIgniter.php(497): CodeIgniter\CodeIgniter->runController(Object(App\Controllers\ApiController))
 7 SYSTEMPATH\CodeIgniter.php(340): CodeIgniter\CodeIgniter->handleRequest(null, Object(Config\Cache), false)
 8 SYSTEMPATH\Boot.php(417): CodeIgniter\CodeIgniter->run()
 9 SYSTEMPATH\Boot.php(68): CodeIgniter\Boot::runCodeIgniter(Object(CodeIgniter\CodeIgniter))
10 FCPATH\index.php(54): CodeIgniter\Boot::bootWeb(Object(Config\Paths))
CRITICAL - 2026-05-06 14:03:20 --> ErrorException: Uncaught CodeIgniter\Format\Exceptions\FormatException: Failed to parse JSON string. Error: Malformed UTF-8 characters, possibly incorrectly encoded in C:\Users\pablo\OneDrive\Documentos\GitHub\JuseaRepository\vendor\codeigniter4\framework\system\Format\JSONFormatter.php:47
Stack trace:
#0 C:\Users\pablo\OneDrive\Documentos\GitHub\JuseaRepository\vendor\codeigniter4\framework\system\Format\JSONFormatter.php(47): CodeIgniter\Format\Exceptions\FormatException::forInvalidJSON('Malformed UTF-8...')
#1 C:\Users\pablo\OneDrive\Documentos\GitHub\JuseaRepository\vendor\codeigniter4\framework\system\API\ResponseTrait.php(352): CodeIgniter\Format\JSONFormatter->format(Array)
#2 C:\Users\pablo\OneDrive\Documentos\GitHub\JuseaRepository\vendor\codeigniter4\framework\system\API\ResponseTrait.php(111): CodeIgniter\Debug\ExceptionHandler->format(Array)
#3 C:\Users\pablo\OneDrive\Documentos\GitHub\JuseaRepository\vendor\codeigniter4\framework\system\Debug\ExceptionHandler.php(95): CodeIgniter\Debug\ExceptionHandler->respond(Array, 500)
#4 C:\Users\pablo\OneDrive\Documentos\GitHub\JuseaRepository\vendor\codeigniter4\framework\system\Debug\Exceptions.php(151): CodeIgniter\Debug\ExceptionHandler->handle(Object(CodeIgniter\Format\Exceptions\FormatException), Object(CodeIgniter\HTTP\IncomingRequest), Object(CodeIgniter\HTTP\Response), 500, 1)
#5 [internal function]: CodeIgniter\Debug\Exceptions->exceptionHandler(Object(CodeIgniter\Format\Exceptions\FormatException))
#6 {main}
  thrown
【Previous Exception】
CodeIgniter\Format\Exceptions\FormatException
Failed to parse JSON string. Error: Malformed UTF-8 characters, possibly incorrectly encoded
#0 C:\Users\pablo\OneDrive\Documentos\GitHub\JuseaRepository\vendor\codeigniter4\framework\system\Format\JSONFormatter.php(47): CodeIgniter\Format\Exceptions\FormatException::forInvalidJSON('Malformed UTF-8...')
#1 C:\Users\pablo\OneDrive\Documentos\GitHub\JuseaRepository\vendor\codeigniter4\framework\system\HTTP\ResponseTrait.php(252): CodeIgniter\Format\JSONFormatter->format(Array)
#2 C:\Users\pablo\OneDrive\Documentos\GitHub\JuseaRepository\vendor\codeigniter4\framework\system\HTTP\ResponseTrait.php(178): CodeIgniter\HTTP\Response->formatBody(Array, 'json')
#3 C:\Users\pablo\OneDrive\Documentos\GitHub\JuseaRepository\app\Controllers\ApiController.php(51): CodeIgniter\HTTP\Response->setJSON(Array)
#4 C:\Users\pablo\OneDrive\Documentos\GitHub\JuseaRepository\vendor\codeigniter4\framework\system\CodeIgniter.php(951): App\Controllers\ApiController->buscarPersonaPorApellido()
#5 C:\Users\pablo\OneDrive\Documentos\GitHub\JuseaRepository\vendor\codeigniter4\framework\system\CodeIgniter.php(497): CodeIgniter\CodeIgniter->runController(Object(App\Controllers\ApiController))
#6 C:\Users\pablo\OneDrive\Documentos\GitHub\JuseaRepository\vendor\codeigniter4\framework\system\CodeIgniter.php(340): CodeIgniter\CodeIgniter->handleRequest(NULL, Object(Config\Cache), false)
#7 C:\Users\pablo\OneDrive\Documentos\GitHub\JuseaRepository\vendor\codeigniter4\framework\system\Boot.php(417): CodeIgniter\CodeIgniter->run()
#8 C:\Users\pablo\OneDrive\Documentos\GitHub\JuseaRepository\vendor\codeigniter4\framework\system\Boot.php(68): CodeIgniter\Boot::runCodeIgniter(Object(CodeIgniter\CodeIgniter))
#9 C:\Users\pablo\OneDrive\Documentos\GitHub\JuseaRepository\public\index.php(54): CodeIgniter\Boot::bootWeb(Object(Config\Paths))
#10 {main}
[Method: GET, Route: api/persona/buscar-apellido]
in SYSTEMPATH\Format\JSONFormatter.php on line 47.
 1 [internal function]: CodeIgniter\Debug\Exceptions->shutdownHandler()
CRITICAL - 2026-05-06 14:03:21 --> CodeIgniter\Format\Exceptions\FormatException: Failed to parse JSON string. Error: Malformed UTF-8 characters, possibly incorrectly encoded
[Method: GET, Route: api/persona/buscar-apellido]
in SYSTEMPATH\Format\JSONFormatter.php on line 47.
 1 SYSTEMPATH\Format\JSONFormatter.php(47): CodeIgniter\Format\Exceptions\FormatException::forInvalidJSON('Malformed UTF-8 characters, possibly incorrectly encoded')
 2 SYSTEMPATH\HTTP\ResponseTrait.php(252): CodeIgniter\Format\JSONFormatter->format([...])
 3 SYSTEMPATH\HTTP\ResponseTrait.php(178): CodeIgniter\HTTP\Response->formatBody([...], 'json')
 4 APPPATH\Controllers\ApiController.php(51): CodeIgniter\HTTP\Response->setJSON([...])
 5 SYSTEMPATH\CodeIgniter.php(951): App\Controllers\ApiController->buscarPersonaPorApellido()
 6 SYSTEMPATH\CodeIgniter.php(497): CodeIgniter\CodeIgniter->runController(Object(App\Controllers\ApiController))
 7 SYSTEMPATH\CodeIgniter.php(340): CodeIgniter\CodeIgniter->handleRequest(null, Object(Config\Cache), false)
 8 SYSTEMPATH\Boot.php(417): CodeIgniter\CodeIgniter->run()
 9 SYSTEMPATH\Boot.php(68): CodeIgniter\Boot::runCodeIgniter(Object(CodeIgniter\CodeIgniter))
10 FCPATH\index.php(54): CodeIgniter\Boot::bootWeb(Object(Config\Paths))
CRITICAL - 2026-05-06 14:03:21 --> ErrorException: Uncaught CodeIgniter\Format\Exceptions\FormatException: Failed to parse JSON string. Error: Malformed UTF-8 characters, possibly incorrectly encoded in C:\Users\pablo\OneDrive\Documentos\GitHub\JuseaRepository\vendor\codeigniter4\framework\system\Format\JSONFormatter.php:47
Stack trace:
#0 C:\Users\pablo\OneDrive\Documentos\GitHub\JuseaRepository\vendor\codeigniter4\framework\system\Format\JSONFormatter.php(47): CodeIgniter\Format\Exceptions\FormatException::forInvalidJSON('Malformed UTF-8...')
#1 C:\Users\pablo\OneDrive\Documentos\GitHub\JuseaRepository\vendor\codeigniter4\framework\system\API\ResponseTrait.php(352): CodeIgniter\Format\JSONFormatter->format(Array)
#2 C:\Users\pablo\OneDrive\Documentos\GitHub\JuseaRepository\vendor\codeigniter4\framework\system\API\ResponseTrait.php(111): CodeIgniter\Debug\ExceptionHandler->format(Array)
#3 C:\Users\pablo\OneDrive\Documentos\GitHub\JuseaRepository\vendor\codeigniter4\framework\system\Debug\ExceptionHandler.php(95): CodeIgniter\Debug\ExceptionHandler->respond(Array, 500)
#4 C:\Users\pablo\OneDrive\Documentos\GitHub\JuseaRepository\vendor\codeigniter4\framework\system\Debug\Exceptions.php(151): CodeIgniter\Debug\ExceptionHandler->handle(Object(CodeIgniter\Format\Exceptions\FormatException), Object(CodeIgniter\HTTP\IncomingRequest), Object(CodeIgniter\HTTP\Response), 500, 1)
#5 [internal function]: CodeIgniter\Debug\Exceptions->exceptionHandler(Object(CodeIgniter\Format\Exceptions\FormatException))
#6 {main}
  thrown
【Previous Exception】
CodeIgniter\Format\Exceptions\FormatException
Failed to parse JSON string. Error: Malformed UTF-8 characters, possibly incorrectly encoded
#0 C:\Users\pablo\OneDrive\Documentos\GitHub\JuseaRepository\vendor\codeigniter4\framework\system\Format\JSONFormatter.php(47): CodeIgniter\Format\Exceptions\FormatException::forInvalidJSON('Malformed UTF-8...')
#1 C:\Users\pablo\OneDrive\Documentos\GitHub\JuseaRepository\vendor\codeigniter4\framework\system\HTTP\ResponseTrait.php(252): CodeIgniter\Format\JSONFormatter->format(Array)
#2 C:\Users\pablo\OneDrive\Documentos\GitHub\JuseaRepository\vendor\codeigniter4\framework\system\HTTP\ResponseTrait.php(178): CodeIgniter\HTTP\Response->formatBody(Array, 'json')
#3 C:\Users\pablo\OneDrive\Documentos\GitHub\JuseaRepository\app\Controllers\ApiController.php(51): CodeIgniter\HTTP\Response->setJSON(Array)
#4 C:\Users\pablo\OneDrive\Documentos\GitHub\JuseaRepository\vendor\codeigniter4\framework\system\CodeIgniter.php(951): App\Controllers\ApiController->buscarPersonaPorApellido()
#5 C:\Users\pablo\OneDrive\Documentos\GitHub\JuseaRepository\vendor\codeigniter4\framework\system\CodeIgniter.php(497): CodeIgniter\CodeIgniter->runController(Object(App\Controllers\ApiController))
#6 C:\Users\pablo\OneDrive\Documentos\GitHub\JuseaRepository\vendor\codeigniter4\framework\system\CodeIgniter.php(340): CodeIgniter\CodeIgniter->handleRequest(NULL, Object(Config\Cache), false)
#7 C:\Users\pablo\OneDrive\Documentos\GitHub\JuseaRepository\vendor\codeigniter4\framework\system\Boot.php(417): CodeIgniter\CodeIgniter->run()
#8 C:\Users\pablo\OneDrive\Documentos\GitHub\JuseaRepository\vendor\codeigniter4\framework\system\Boot.php(68): CodeIgniter\Boot::runCodeIgniter(Object(CodeIgniter\CodeIgniter))
#9 C:\Users\pablo\OneDrive\Documentos\GitHub\JuseaRepository\public\index.php(54): CodeIgniter\Boot::bootWeb(Object(Config\Paths))
#10 {main}
[Method: GET, Route: api/persona/buscar-apellido]
in SYSTEMPATH\Format\JSONFormatter.php on line 47.
 1 [internal function]: CodeIgniter\Debug\Exceptions->shutdownHandler()
CRITICAL - 2026-05-06 14:03:26 --> CodeIgniter\Format\Exceptions\FormatException: Failed to parse JSON string. Error: Malformed UTF-8 characters, possibly incorrectly encoded
[Method: GET, Route: api/persona/buscar-apellido]
in SYSTEMPATH\Format\JSONFormatter.php on line 47.
 1 SYSTEMPATH\Format\JSONFormatter.php(47): CodeIgniter\Format\Exceptions\FormatException::forInvalidJSON('Malformed UTF-8 characters, possibly incorrectly encoded')
 2 SYSTEMPATH\HTTP\ResponseTrait.php(252): CodeIgniter\Format\JSONFormatter->format([...])
 3 SYSTEMPATH\HTTP\ResponseTrait.php(178): CodeIgniter\HTTP\Response->formatBody([...], 'json')
 4 APPPATH\Controllers\ApiController.php(51): CodeIgniter\HTTP\Response->setJSON([...])
 5 SYSTEMPATH\CodeIgniter.php(951): App\Controllers\ApiController->buscarPersonaPorApellido()
 6 SYSTEMPATH\CodeIgniter.php(497): CodeIgniter\CodeIgniter->runController(Object(App\Controllers\ApiController))
 7 SYSTEMPATH\CodeIgniter.php(340): CodeIgniter\CodeIgniter->handleRequest(null, Object(Config\Cache), false)
 8 SYSTEMPATH\Boot.php(417): CodeIgniter\CodeIgniter->run()
 9 SYSTEMPATH\Boot.php(68): CodeIgniter\Boot::runCodeIgniter(Object(CodeIgniter\CodeIgniter))
10 FCPATH\index.php(54): CodeIgniter\Boot::bootWeb(Object(Config\Paths))
CRITICAL - 2026-05-06 14:03:26 --> ErrorException: Uncaught CodeIgniter\Format\Exceptions\FormatException: Failed to parse JSON string. Error: Malformed UTF-8 characters, possibly incorrectly encoded in C:\Users\pablo\OneDrive\Documentos\GitHub\JuseaRepository\vendor\codeigniter4\framework\system\Format\JSONFormatter.php:47
Stack trace:
#0 C:\Users\pablo\OneDrive\Documentos\GitHub\JuseaRepository\vendor\codeigniter4\framework\system\Format\JSONFormatter.php(47): CodeIgniter\Format\Exceptions\FormatException::forInvalidJSON('Malformed UTF-8...')
#1 C:\Users\pablo\OneDrive\Documentos\GitHub\JuseaRepository\vendor\codeigniter4\framework\system\API\ResponseTrait.php(352): CodeIgniter\Format\JSONFormatter->format(Array)
#2 C:\Users\pablo\OneDrive\Documentos\GitHub\JuseaRepository\vendor\codeigniter4\framework\system\API\ResponseTrait.php(111): CodeIgniter\Debug\ExceptionHandler->format(Array)
#3 C:\Users\pablo\OneDrive\Documentos\GitHub\JuseaRepository\vendor\codeigniter4\framework\system\Debug\ExceptionHandler.php(95): CodeIgniter\Debug\ExceptionHandler->respond(Array, 500)
#4 C:\Users\pablo\OneDrive\Documentos\GitHub\JuseaRepository\vendor\codeigniter4\framework\system\Debug\Exceptions.php(151): CodeIgniter\Debug\ExceptionHandler->handle(Object(CodeIgniter\Format\Exceptions\FormatException), Object(CodeIgniter\HTTP\IncomingRequest), Object(CodeIgniter\HTTP\Response), 500, 1)
#5 [internal function]: CodeIgniter\Debug\Exceptions->exceptionHandler(Object(CodeIgniter\Format\Exceptions\FormatException))
#6 {main}
  thrown
【Previous Exception】
CodeIgniter\Format\Exceptions\FormatException
Failed to parse JSON string. Error: Malformed UTF-8 characters, possibly incorrectly encoded
#0 C:\Users\pablo\OneDrive\Documentos\GitHub\JuseaRepository\vendor\codeigniter4\framework\system\Format\JSONFormatter.php(47): CodeIgniter\Format\Exceptions\FormatException::forInvalidJSON('Malformed UTF-8...')
#1 C:\Users\pablo\OneDrive\Documentos\GitHub\JuseaRepository\vendor\codeigniter4\framework\system\HTTP\ResponseTrait.php(252): CodeIgniter\Format\JSONFormatter->format(Array)
#2 C:\Users\pablo\OneDrive\Documentos\GitHub\JuseaRepository\vendor\codeigniter4\framework\system\HTTP\ResponseTrait.php(178): CodeIgniter\HTTP\Response->formatBody(Array, 'json')
#3 C:\Users\pablo\OneDrive\Documentos\GitHub\JuseaRepository\app\Controllers\ApiController.php(51): CodeIgniter\HTTP\Response->setJSON(Array)
#4 C:\Users\pablo\OneDrive\Documentos\GitHub\JuseaRepository\vendor\codeigniter4\framework\system\CodeIgniter.php(951): App\Controllers\ApiController->buscarPersonaPorApellido()
#5 C:\Users\pablo\OneDrive\Documentos\GitHub\JuseaRepository\vendor\codeigniter4\framework\system\CodeIgniter.php(497): CodeIgniter\CodeIgniter->runController(Object(App\Controllers\ApiController))
#6 C:\Users\pablo\OneDrive\Documentos\GitHub\JuseaRepository\vendor\codeigniter4\framework\system\CodeIgniter.php(340): CodeIgniter\CodeIgniter->handleRequest(NULL, Object(Config\Cache), false)
#7 C:\Users\pablo\OneDrive\Documentos\GitHub\JuseaRepository\vendor\codeigniter4\framework\system\Boot.php(417): CodeIgniter\CodeIgniter->run()
#8 C:\Users\pablo\OneDrive\Documentos\GitHub\JuseaRepository\vendor\codeigniter4\framework\system\Boot.php(68): CodeIgniter\Boot::runCodeIgniter(Object(CodeIgniter\CodeIgniter))
#9 C:\Users\pablo\OneDrive\Documentos\GitHub\JuseaRepository\public\index.php(54): CodeIgniter\Boot::bootWeb(Object(Config\Paths))
#10 {main}
[Method: GET, Route: api/persona/buscar-apellido]
in SYSTEMPATH\Format\JSONFormatter.php on line 47.
 1 [internal function]: CodeIgniter\Debug\Exceptions->shutdownHandler()
CRITICAL - 2026-05-06 14:03:26 --> CodeIgniter\Format\Exceptions\FormatException: Failed to parse JSON string. Error: Malformed UTF-8 characters, possibly incorrectly encoded
[Method: GET, Route: api/persona/buscar-apellido]
in SYSTEMPATH\Format\JSONFormatter.php on line 47.
 1 SYSTEMPATH\Format\JSONFormatter.php(47): CodeIgniter\Format\Exceptions\FormatException::forInvalidJSON('Malformed UTF-8 characters, possibly incorrectly encoded')
 2 SYSTEMPATH\HTTP\ResponseTrait.php(252): CodeIgniter\Format\JSONFormatter->format([...])
 3 SYSTEMPATH\HTTP\ResponseTrait.php(178): CodeIgniter\HTTP\Response->formatBody([...], 'json')
 4 APPPATH\Controllers\ApiController.php(51): CodeIgniter\HTTP\Response->setJSON([...])
 5 SYSTEMPATH\CodeIgniter.php(951): App\Controllers\ApiController->buscarPersonaPorApellido()
 6 SYSTEMPATH\CodeIgniter.php(497): CodeIgniter\CodeIgniter->runController(Object(App\Controllers\ApiController))
 7 SYSTEMPATH\CodeIgniter.php(340): CodeIgniter\CodeIgniter->handleRequest(null, Object(Config\Cache), false)
 8 SYSTEMPATH\Boot.php(417): CodeIgniter\CodeIgniter->run()
 9 SYSTEMPATH\Boot.php(68): CodeIgniter\Boot::runCodeIgniter(Object(CodeIgniter\CodeIgniter))
10 FCPATH\index.php(54): CodeIgniter\Boot::bootWeb(Object(Config\Paths))
CRITICAL - 2026-05-06 14:03:26 --> ErrorException: Uncaught CodeIgniter\Format\Exceptions\FormatException: Failed to parse JSON string. Error: Malformed UTF-8 characters, possibly incorrectly encoded in C:\Users\pablo\OneDrive\Documentos\GitHub\JuseaRepository\vendor\codeigniter4\framework\system\Format\JSONFormatter.php:47
Stack trace:
#0 C:\Users\pablo\OneDrive\Documentos\GitHub\JuseaRepository\vendor\codeigniter4\framework\system\Format\JSONFormatter.php(47): CodeIgniter\Format\Exceptions\FormatException::forInvalidJSON('Malformed UTF-8...')
#1 C:\Users\pablo\OneDrive\Documentos\GitHub\JuseaRepository\vendor\codeigniter4\framework\system\API\ResponseTrait.php(352): CodeIgniter\Format\JSONFormatter->format(Array)
#2 C:\Users\pablo\OneDrive\Documentos\GitHub\JuseaRepository\vendor\codeigniter4\framework\system\API\ResponseTrait.php(111): CodeIgniter\Debug\ExceptionHandler->format(Array)
#3 C:\Users\pablo\OneDrive\Documentos\GitHub\JuseaRepository\vendor\codeigniter4\framework\system\Debug\ExceptionHandler.php(95): CodeIgniter\Debug\ExceptionHandler->respond(Array, 500)
#4 C:\Users\pablo\OneDrive\Documentos\GitHub\JuseaRepository\vendor\codeigniter4\framework\system\Debug\Exceptions.php(151): CodeIgniter\Debug\ExceptionHandler->handle(Object(CodeIgniter\Format\Exceptions\FormatException), Object(CodeIgniter\HTTP\IncomingRequest), Object(CodeIgniter\HTTP\Response), 500, 1)
#5 [internal function]: CodeIgniter\Debug\Exceptions->exceptionHandler(Object(CodeIgniter\Format\Exceptions\FormatException))
#6 {main}
  thrown
【Previous Exception】
CodeIgniter\Format\Exceptions\FormatException
Failed to parse JSON string. Error: Malformed UTF-8 characters, possibly incorrectly encoded
#0 C:\Users\pablo\OneDrive\Documentos\GitHub\JuseaRepository\vendor\codeigniter4\framework\system\Format\JSONFormatter.php(47): CodeIgniter\Format\Exceptions\FormatException::forInvalidJSON('Malformed UTF-8...')
#1 C:\Users\pablo\OneDrive\Documentos\GitHub\JuseaRepository\vendor\codeigniter4\framework\system\HTTP\ResponseTrait.php(252): CodeIgniter\Format\JSONFormatter->format(Array)
#2 C:\Users\pablo\OneDrive\Documentos\GitHub\JuseaRepository\vendor\codeigniter4\framework\system\HTTP\ResponseTrait.php(178): CodeIgniter\HTTP\Response->formatBody(Array, 'json')
#3 C:\Users\pablo\OneDrive\Documentos\GitHub\JuseaRepository\app\Controllers\ApiController.php(51): CodeIgniter\HTTP\Response->setJSON(Array)
#4 C:\Users\pablo\OneDrive\Documentos\GitHub\JuseaRepository\vendor\codeigniter4\framework\system\CodeIgniter.php(951): App\Controllers\ApiController->buscarPersonaPorApellido()
#5 C:\Users\pablo\OneDrive\Documentos\GitHub\JuseaRepository\vendor\codeigniter4\framework\system\CodeIgniter.php(497): CodeIgniter\CodeIgniter->runController(Object(App\Controllers\ApiController))
#6 C:\Users\pablo\OneDrive\Documentos\GitHub\JuseaRepository\vendor\codeigniter4\framework\system\CodeIgniter.php(340): CodeIgniter\CodeIgniter->handleRequest(NULL, Object(Config\Cache), false)
#7 C:\Users\pablo\OneDrive\Documentos\GitHub\JuseaRepository\vendor\codeigniter4\framework\system\Boot.php(417): CodeIgniter\CodeIgniter->run()
#8 C:\Users\pablo\OneDrive\Documentos\GitHub\JuseaRepository\vendor\codeigniter4\framework\system\Boot.php(68): CodeIgniter\Boot::runCodeIgniter(Object(CodeIgniter\CodeIgniter))
#9 C:\Users\pablo\OneDrive\Documentos\GitHub\JuseaRepository\public\index.php(54): CodeIgniter\Boot::bootWeb(Object(Config\Paths))
#10 {main}
[Method: GET, Route: api/persona/buscar-apellido]
in SYSTEMPATH\Format\JSONFormatter.php on line 47.
 1 [internal function]: CodeIgniter\Debug\Exceptions->shutdownHandler()
CRITICAL - 2026-05-06 14:03:26 --> CodeIgniter\Format\Exceptions\FormatException: Failed to parse JSON string. Error: Malformed UTF-8 characters, possibly incorrectly encoded
[Method: GET, Route: api/persona/buscar-apellido]
in SYSTEMPATH\Format\JSONFormatter.php on line 47.
 1 SYSTEMPATH\Format\JSONFormatter.php(47): CodeIgniter\Format\Exceptions\FormatException::forInvalidJSON('Malformed UTF-8 characters, possibly incorrectly encoded')
 2 SYSTEMPATH\HTTP\ResponseTrait.php(252): CodeIgniter\Format\JSONFormatter->format([...])
 3 SYSTEMPATH\HTTP\ResponseTrait.php(178): CodeIgniter\HTTP\Response->formatBody([...], 'json')
 4 APPPATH\Controllers\ApiController.php(51): CodeIgniter\HTTP\Response->setJSON([...])
 5 SYSTEMPATH\CodeIgniter.php(951): App\Controllers\ApiController->buscarPersonaPorApellido()
 6 SYSTEMPATH\CodeIgniter.php(497): CodeIgniter\CodeIgniter->runController(Object(App\Controllers\ApiController))
 7 SYSTEMPATH\CodeIgniter.php(340): CodeIgniter\CodeIgniter->handleRequest(null, Object(Config\Cache), false)
 8 SYSTEMPATH\Boot.php(417): CodeIgniter\CodeIgniter->run()
 9 SYSTEMPATH\Boot.php(68): CodeIgniter\Boot::runCodeIgniter(Object(CodeIgniter\CodeIgniter))
10 FCPATH\index.php(54): CodeIgniter\Boot::bootWeb(Object(Config\Paths))
CRITICAL - 2026-05-06 14:03:26 --> ErrorException: Uncaught CodeIgniter\Format\Exceptions\FormatException: Failed to parse JSON string. Error: Malformed UTF-8 characters, possibly incorrectly encoded in C:\Users\pablo\OneDrive\Documentos\GitHub\JuseaRepository\vendor\codeigniter4\framework\system\Format\JSONFormatter.php:47
Stack trace:
#0 C:\Users\pablo\OneDrive\Documentos\GitHub\JuseaRepository\vendor\codeigniter4\framework\system\Format\JSONFormatter.php(47): CodeIgniter\Format\Exceptions\FormatException::forInvalidJSON('Malformed UTF-8...')
#1 C:\Users\pablo\OneDrive\Documentos\GitHub\JuseaRepository\vendor\codeigniter4\framework\system\API\ResponseTrait.php(352): CodeIgniter\Format\JSONFormatter->format(Array)
#2 C:\Users\pablo\OneDrive\Documentos\GitHub\JuseaRepository\vendor\codeigniter4\framework\system\API\ResponseTrait.php(111): CodeIgniter\Debug\ExceptionHandler->format(Array)
#3 C:\Users\pablo\OneDrive\Documentos\GitHub\JuseaRepository\vendor\codeigniter4\framework\system\Debug\ExceptionHandler.php(95): CodeIgniter\Debug\ExceptionHandler->respond(Array, 500)
#4 C:\Users\pablo\OneDrive\Documentos\GitHub\JuseaRepository\vendor\codeigniter4\framework\system\Debug\Exceptions.php(151): CodeIgniter\Debug\ExceptionHandler->handle(Object(CodeIgniter\Format\Exceptions\FormatException), Object(CodeIgniter\HTTP\IncomingRequest), Object(CodeIgniter\HTTP\Response), 500, 1)
#5 [internal function]: CodeIgniter\Debug\Exceptions->exceptionHandler(Object(CodeIgniter\Format\Exceptions\FormatException))
#6 {main}
  thrown
【Previous Exception】
CodeIgniter\Format\Exceptions\FormatException
Failed to parse JSON string. Error: Malformed UTF-8 characters, possibly incorrectly encoded
#0 C:\Users\pablo\OneDrive\Documentos\GitHub\JuseaRepository\vendor\codeigniter4\framework\system\Format\JSONFormatter.php(47): CodeIgniter\Format\Exceptions\FormatException::forInvalidJSON('Malformed UTF-8...')
#1 C:\Users\pablo\OneDrive\Documentos\GitHub\JuseaRepository\vendor\codeigniter4\framework\system\HTTP\ResponseTrait.php(252): CodeIgniter\Format\JSONFormatter->format(Array)
#2 C:\Users\pablo\OneDrive\Documentos\GitHub\JuseaRepository\vendor\codeigniter4\framework\system\HTTP\ResponseTrait.php(178): CodeIgniter\HTTP\Response->formatBody(Array, 'json')
#3 C:\Users\pablo\OneDrive\Documentos\GitHub\JuseaRepository\app\Controllers\ApiController.php(51): CodeIgniter\HTTP\Response->setJSON(Array)
#4 C:\Users\pablo\OneDrive\Documentos\GitHub\JuseaRepository\vendor\codeigniter4\framework\system\CodeIgniter.php(951): App\Controllers\ApiController->buscarPersonaPorApellido()
#5 C:\Users\pablo\OneDrive\Documentos\GitHub\JuseaRepository\vendor\codeigniter4\framework\system\CodeIgniter.php(497): CodeIgniter\CodeIgniter->runController(Object(App\Controllers\ApiController))
#6 C:\Users\pablo\OneDrive\Documentos\GitHub\JuseaRepository\vendor\codeigniter4\framework\system\CodeIgniter.php(340): CodeIgniter\CodeIgniter->handleRequest(NULL, Object(Config\Cache), false)
#7 C:\Users\pablo\OneDrive\Documentos\GitHub\JuseaRepository\vendor\codeigniter4\framework\system\Boot.php(417): CodeIgniter\CodeIgniter->run()
#8 C:\Users\pablo\OneDrive\Documentos\GitHub\JuseaRepository\vendor\codeigniter4\framework\system\Boot.php(68): CodeIgniter\Boot::runCodeIgniter(Object(CodeIgniter\CodeIgniter))
#9 C:\Users\pablo\OneDrive\Documentos\GitHub\JuseaRepository\public\index.php(54): CodeIgniter\Boot::bootWeb(Object(Config\Paths))
#10 {main}
[Method: GET, Route: api/persona/buscar-apellido]
in SYSTEMPATH\Format\JSONFormatter.php on line 47.
 1 [internal function]: CodeIgniter\Debug\Exceptions->shutdownHandler()
CRITICAL - 2026-05-06 14:03:36 --> CodeIgniter\Format\Exceptions\FormatException: Failed to parse JSON string. Error: Malformed UTF-8 characters, possibly incorrectly encoded
[Method: GET, Route: api/persona/buscar-apellido]
in SYSTEMPATH\Format\JSONFormatter.php on line 47.
 1 SYSTEMPATH\Format\JSONFormatter.php(47): CodeIgniter\Format\Exceptions\FormatException::forInvalidJSON('Malformed UTF-8 characters, possibly incorrectly encoded')
 2 SYSTEMPATH\HTTP\ResponseTrait.php(252): CodeIgniter\Format\JSONFormatter->format([...])
 3 SYSTEMPATH\HTTP\ResponseTrait.php(178): CodeIgniter\HTTP\Response->formatBody([...], 'json')
 4 APPPATH\Controllers\ApiController.php(51): CodeIgniter\HTTP\Response->setJSON([...])
 5 SYSTEMPATH\CodeIgniter.php(951): App\Controllers\ApiController->buscarPersonaPorApellido()
 6 SYSTEMPATH\CodeIgniter.php(497): CodeIgniter\CodeIgniter->runController(Object(App\Controllers\ApiController))
 7 SYSTEMPATH\CodeIgniter.php(340): CodeIgniter\CodeIgniter->handleRequest(null, Object(Config\Cache), false)
 8 SYSTEMPATH\Boot.php(417): CodeIgniter\CodeIgniter->run()
 9 SYSTEMPATH\Boot.php(68): CodeIgniter\Boot::runCodeIgniter(Object(CodeIgniter\CodeIgniter))
10 FCPATH\index.php(54): CodeIgniter\Boot::bootWeb(Object(Config\Paths))
CRITICAL - 2026-05-06 14:03:36 --> ErrorException: Uncaught CodeIgniter\Format\Exceptions\FormatException: Failed to parse JSON string. Error: Malformed UTF-8 characters, possibly incorrectly encoded in C:\Users\pablo\OneDrive\Documentos\GitHub\JuseaRepository\vendor\codeigniter4\framework\system\Format\JSONFormatter.php:47
Stack trace:
#0 C:\Users\pablo\OneDrive\Documentos\GitHub\JuseaRepository\vendor\codeigniter4\framework\system\Format\JSONFormatter.php(47): CodeIgniter\Format\Exceptions\FormatException::forInvalidJSON('Malformed UTF-8...')
#1 C:\Users\pablo\OneDrive\Documentos\GitHub\JuseaRepository\vendor\codeigniter4\framework\system\API\ResponseTrait.php(352): CodeIgniter\Format\JSONFormatter->format(Array)
#2 C:\Users\pablo\OneDrive\Documentos\GitHub\JuseaRepository\vendor\codeigniter4\framework\system\API\ResponseTrait.php(111): CodeIgniter\Debug\ExceptionHandler->format(Array)
#3 C:\Users\pablo\OneDrive\Documentos\GitHub\JuseaRepository\vendor\codeigniter4\framework\system\Debug\ExceptionHandler.php(95): CodeIgniter\Debug\ExceptionHandler->respond(Array, 500)
#4 C:\Users\pablo\OneDrive\Documentos\GitHub\JuseaRepository\vendor\codeigniter4\framework\system\Debug\Exceptions.php(151): CodeIgniter\Debug\ExceptionHandler->handle(Object(CodeIgniter\Format\Exceptions\FormatException), Object(CodeIgniter\HTTP\IncomingRequest), Object(CodeIgniter\HTTP\Response), 500, 1)
#5 [internal function]: CodeIgniter\Debug\Exceptions->exceptionHandler(Object(CodeIgniter\Format\Exceptions\FormatException))
#6 {main}
  thrown
【Previous Exception】
CodeIgniter\Format\Exceptions\FormatException
Failed to parse JSON string. Error: Malformed UTF-8 characters, possibly incorrectly encoded
#0 C:\Users\pablo\OneDrive\Documentos\GitHub\JuseaRepository\vendor\codeigniter4\framework\system\Format\JSONFormatter.php(47): CodeIgniter\Format\Exceptions\FormatException::forInvalidJSON('Malformed UTF-8...')
#1 C:\Users\pablo\OneDrive\Documentos\GitHub\JuseaRepository\vendor\codeigniter4\framework\system\HTTP\ResponseTrait.php(252): CodeIgniter\Format\JSONFormatter->format(Array)
#2 C:\Users\pablo\OneDrive\Documentos\GitHub\JuseaRepository\vendor\codeigniter4\framework\system\HTTP\ResponseTrait.php(178): CodeIgniter\HTTP\Response->formatBody(Array, 'json')
#3 C:\Users\pablo\OneDrive\Documentos\GitHub\JuseaRepository\app\Controllers\ApiController.php(51): CodeIgniter\HTTP\Response->setJSON(Array)
#4 C:\Users\pablo\OneDrive\Documentos\GitHub\JuseaRepository\vendor\codeigniter4\framework\system\CodeIgniter.php(951): App\Controllers\ApiController->buscarPersonaPorApellido()
#5 C:\Users\pablo\OneDrive\Documentos\GitHub\JuseaRepository\vendor\codeigniter4\framework\system\CodeIgniter.php(497): CodeIgniter\CodeIgniter->runController(Object(App\Controllers\ApiController))
#6 C:\Users\pablo\OneDrive\Documentos\GitHub\JuseaRepository\vendor\codeigniter4\framework\system\CodeIgniter.php(340): CodeIgniter\CodeIgniter->handleRequest(NULL, Object(Config\Cache), false)
#7 C:\Users\pablo\OneDrive\Documentos\GitHub\JuseaRepository\vendor\codeigniter4\framework\system\Boot.php(417): CodeIgniter\CodeIgniter->run()
#8 C:\Users\pablo\OneDrive\Documentos\GitHub\JuseaRepository\vendor\codeigniter4\framework\system\Boot.php(68): CodeIgniter\Boot::runCodeIgniter(Object(CodeIgniter\CodeIgniter))
#9 C:\Users\pablo\OneDrive\Documentos\GitHub\JuseaRepository\public\index.php(54): CodeIgniter\Boot::bootWeb(Object(Config\Paths))
#10 {main}
[Method: GET, Route: api/persona/buscar-apellido]
in SYSTEMPATH\Format\JSONFormatter.php on line 47.
 1 [internal function]: CodeIgniter\Debug\Exceptions->shutdownHandler()
CRITICAL - 2026-05-06 14:03:36 --> CodeIgniter\Format\Exceptions\FormatException: Failed to parse JSON string. Error: Malformed UTF-8 characters, possibly incorrectly encoded
[Method: GET, Route: api/persona/buscar-apellido]
in SYSTEMPATH\Format\JSONFormatter.php on line 47.
 1 SYSTEMPATH\Format\JSONFormatter.php(47): CodeIgniter\Format\Exceptions\FormatException::forInvalidJSON('Malformed UTF-8 characters, possibly incorrectly encoded')
 2 SYSTEMPATH\HTTP\ResponseTrait.php(252): CodeIgniter\Format\JSONFormatter->format([...])
 3 SYSTEMPATH\HTTP\ResponseTrait.php(178): CodeIgniter\HTTP\Response->formatBody([...], 'json')
 4 APPPATH\Controllers\ApiController.php(51): CodeIgniter\HTTP\Response->setJSON([...])
 5 SYSTEMPATH\CodeIgniter.php(951): App\Controllers\ApiController->buscarPersonaPorApellido()
 6 SYSTEMPATH\CodeIgniter.php(497): CodeIgniter\CodeIgniter->runController(Object(App\Controllers\ApiController))
 7 SYSTEMPATH\CodeIgniter.php(340): CodeIgniter\CodeIgniter->handleRequest(null, Object(Config\Cache), false)
 8 SYSTEMPATH\Boot.php(417): CodeIgniter\CodeIgniter->run()
 9 SYSTEMPATH\Boot.php(68): CodeIgniter\Boot::runCodeIgniter(Object(CodeIgniter\CodeIgniter))
10 FCPATH\index.php(54): CodeIgniter\Boot::bootWeb(Object(Config\Paths))
CRITICAL - 2026-05-06 14:03:36 --> ErrorException: Uncaught CodeIgniter\Format\Exceptions\FormatException: Failed to parse JSON string. Error: Malformed UTF-8 characters, possibly incorrectly encoded in C:\Users\pablo\OneDrive\Documentos\GitHub\JuseaRepository\vendor\codeigniter4\framework\system\Format\JSONFormatter.php:47
Stack trace:
#0 C:\Users\pablo\OneDrive\Documentos\GitHub\JuseaRepository\vendor\codeigniter4\framework\system\Format\JSONFormatter.php(47): CodeIgniter\Format\Exceptions\FormatException::forInvalidJSON('Malformed UTF-8...')
#1 C:\Users\pablo\OneDrive\Documentos\GitHub\JuseaRepository\vendor\codeigniter4\framework\system\API\ResponseTrait.php(352): CodeIgniter\Format\JSONFormatter->format(Array)
#2 C:\Users\pablo\OneDrive\Documentos\GitHub\JuseaRepository\vendor\codeigniter4\framework\system\API\ResponseTrait.php(111): CodeIgniter\Debug\ExceptionHandler->format(Array)
#3 C:\Users\pablo\OneDrive\Documentos\GitHub\JuseaRepository\vendor\codeigniter4\framework\system\Debug\ExceptionHandler.php(95): CodeIgniter\Debug\ExceptionHandler->respond(Array, 500)
#4 C:\Users\pablo\OneDrive\Documentos\GitHub\JuseaRepository\vendor\codeigniter4\framework\system\Debug\Exceptions.php(151): CodeIgniter\Debug\ExceptionHandler->handle(Object(CodeIgniter\Format\Exceptions\FormatException), Object(CodeIgniter\HTTP\IncomingRequest), Object(CodeIgniter\HTTP\Response), 500, 1)
#5 [internal function]: CodeIgniter\Debug\Exceptions->exceptionHandler(Object(CodeIgniter\Format\Exceptions\FormatException))
#6 {main}
  thrown
【Previous Exception】
CodeIgniter\Format\Exceptions\FormatException
Failed to parse JSON string. Error: Malformed UTF-8 characters, possibly incorrectly encoded
#0 C:\Users\pablo\OneDrive\Documentos\GitHub\JuseaRepository\vendor\codeigniter4\framework\system\Format\JSONFormatter.php(47): CodeIgniter\Format\Exceptions\FormatException::forInvalidJSON('Malformed UTF-8...')
#1 C:\Users\pablo\OneDrive\Documentos\GitHub\JuseaRepository\vendor\codeigniter4\framework\system\HTTP\ResponseTrait.php(252): CodeIgniter\Format\JSONFormatter->format(Array)
#2 C:\Users\pablo\OneDrive\Documentos\GitHub\JuseaRepository\vendor\codeigniter4\framework\system\HTTP\ResponseTrait.php(178): CodeIgniter\HTTP\Response->formatBody(Array, 'json')
#3 C:\Users\pablo\OneDrive\Documentos\GitHub\JuseaRepository\app\Controllers\ApiController.php(51): CodeIgniter\HTTP\Response->setJSON(Array)
#4 C:\Users\pablo\OneDrive\Documentos\GitHub\JuseaRepository\vendor\codeigniter4\framework\system\CodeIgniter.php(951): App\Controllers\ApiController->buscarPersonaPorApellido()
#5 C:\Users\pablo\OneDrive\Documentos\GitHub\JuseaRepository\vendor\codeigniter4\framework\system\CodeIgniter.php(497): CodeIgniter\CodeIgniter->runController(Object(App\Controllers\ApiController))
#6 C:\Users\pablo\OneDrive\Documentos\GitHub\JuseaRepository\vendor\codeigniter4\framework\system\CodeIgniter.php(340): CodeIgniter\CodeIgniter->handleRequest(NULL, Object(Config\Cache), false)
#7 C:\Users\pablo\OneDrive\Documentos\GitHub\JuseaRepository\vendor\codeigniter4\framework\system\Boot.php(417): CodeIgniter\CodeIgniter->run()
#8 C:\Users\pablo\OneDrive\Documentos\GitHub\JuseaRepository\vendor\codeigniter4\framework\system\Boot.php(68): CodeIgniter\Boot::runCodeIgniter(Object(CodeIgniter\CodeIgniter))
#9 C:\Users\pablo\OneDrive\Documentos\GitHub\JuseaRepository\public\index.php(54): CodeIgniter\Boot::bootWeb(Object(Config\Paths))
#10 {main}
[Method: GET, Route: api/persona/buscar-apellido]
in SYSTEMPATH\Format\JSONFormatter.php on line 47.
 1 [internal function]: CodeIgniter\Debug\Exceptions->shutdownHandler()
CRITICAL - 2026-05-06 14:03:36 --> CodeIgniter\Format\Exceptions\FormatException: Failed to parse JSON string. Error: Malformed UTF-8 characters, possibly incorrectly encoded
[Method: GET, Route: api/persona/buscar-apellido]
in SYSTEMPATH\Format\JSONFormatter.php on line 47.
 1 SYSTEMPATH\Format\JSONFormatter.php(47): CodeIgniter\Format\Exceptions\FormatException::forInvalidJSON('Malformed UTF-8 characters, possibly incorrectly encoded')
 2 SYSTEMPATH\HTTP\ResponseTrait.php(252): CodeIgniter\Format\JSONFormatter->format([...])
 3 SYSTEMPATH\HTTP\ResponseTrait.php(178): CodeIgniter\HTTP\Response->formatBody([...], 'json')
 4 APPPATH\Controllers\ApiController.php(51): CodeIgniter\HTTP\Response->setJSON([...])
 5 SYSTEMPATH\CodeIgniter.php(951): App\Controllers\ApiController->buscarPersonaPorApellido()
 6 SYSTEMPATH\CodeIgniter.php(497): CodeIgniter\CodeIgniter->runController(Object(App\Controllers\ApiController))
 7 SYSTEMPATH\CodeIgniter.php(340): CodeIgniter\CodeIgniter->handleRequest(null, Object(Config\Cache), false)
 8 SYSTEMPATH\Boot.php(417): CodeIgniter\CodeIgniter->run()
 9 SYSTEMPATH\Boot.php(68): CodeIgniter\Boot::runCodeIgniter(Object(CodeIgniter\CodeIgniter))
10 FCPATH\index.php(54): CodeIgniter\Boot::bootWeb(Object(Config\Paths))
CRITICAL - 2026-05-06 14:03:36 --> ErrorException: Uncaught CodeIgniter\Format\Exceptions\FormatException: Failed to parse JSON string. Error: Malformed UTF-8 characters, possibly incorrectly encoded in C:\Users\pablo\OneDrive\Documentos\GitHub\JuseaRepository\vendor\codeigniter4\framework\system\Format\JSONFormatter.php:47
Stack trace:
#0 C:\Users\pablo\OneDrive\Documentos\GitHub\JuseaRepository\vendor\codeigniter4\framework\system\Format\JSONFormatter.php(47): CodeIgniter\Format\Exceptions\FormatException::forInvalidJSON('Malformed UTF-8...')
#1 C:\Users\pablo\OneDrive\Documentos\GitHub\JuseaRepository\vendor\codeigniter4\framework\system\API\ResponseTrait.php(352): CodeIgniter\Format\JSONFormatter->format(Array)
#2 C:\Users\pablo\OneDrive\Documentos\GitHub\JuseaRepository\vendor\codeigniter4\framework\system\API\ResponseTrait.php(111): CodeIgniter\Debug\ExceptionHandler->format(Array)
#3 C:\Users\pablo\OneDrive\Documentos\GitHub\JuseaRepository\vendor\codeigniter4\framework\system\Debug\ExceptionHandler.php(95): CodeIgniter\Debug\ExceptionHandler->respond(Array, 500)
#4 C:\Users\pablo\OneDrive\Documentos\GitHub\JuseaRepository\vendor\codeigniter4\framework\system\Debug\Exceptions.php(151): CodeIgniter\Debug\ExceptionHandler->handle(Object(CodeIgniter\Format\Exceptions\FormatException), Object(CodeIgniter\HTTP\IncomingRequest), Object(CodeIgniter\HTTP\Response), 500, 1)
#5 [internal function]: CodeIgniter\Debug\Exceptions->exceptionHandler(Object(CodeIgniter\Format\Exceptions\FormatException))
#6 {main}
  thrown
【Previous Exception】
CodeIgniter\Format\Exceptions\FormatException
Failed to parse JSON string. Error: Malformed UTF-8 characters, possibly incorrectly encoded
#0 C:\Users\pablo\OneDrive\Documentos\GitHub\JuseaRepository\vendor\codeigniter4\framework\system\Format\JSONFormatter.php(47): CodeIgniter\Format\Exceptions\FormatException::forInvalidJSON('Malformed UTF-8...')
#1 C:\Users\pablo\OneDrive\Documentos\GitHub\JuseaRepository\vendor\codeigniter4\framework\system\HTTP\ResponseTrait.php(252): CodeIgniter\Format\JSONFormatter->format(Array)
#2 C:\Users\pablo\OneDrive\Documentos\GitHub\JuseaRepository\vendor\codeigniter4\framework\system\HTTP\ResponseTrait.php(178): CodeIgniter\HTTP\Response->formatBody(Array, 'json')
#3 C:\Users\pablo\OneDrive\Documentos\GitHub\JuseaRepository\app\Controllers\ApiController.php(51): CodeIgniter\HTTP\Response->setJSON(Array)
#4 C:\Users\pablo\OneDrive\Documentos\GitHub\JuseaRepository\vendor\codeigniter4\framework\system\CodeIgniter.php(951): App\Controllers\ApiController->buscarPersonaPorApellido()
#5 C:\Users\pablo\OneDrive\Documentos\GitHub\JuseaRepository\vendor\codeigniter4\framework\system\CodeIgniter.php(497): CodeIgniter\CodeIgniter->runController(Object(App\Controllers\ApiController))
#6 C:\Users\pablo\OneDrive\Documentos\GitHub\JuseaRepository\vendor\codeigniter4\framework\system\CodeIgniter.php(340): CodeIgniter\CodeIgniter->handleRequest(NULL, Object(Config\Cache), false)
#7 C:\Users\pablo\OneDrive\Documentos\GitHub\JuseaRepository\vendor\codeigniter4\framework\system\Boot.php(417): CodeIgniter\CodeIgniter->run()
#8 C:\Users\pablo\OneDrive\Documentos\GitHub\JuseaRepository\vendor\codeigniter4\framework\system\Boot.php(68): CodeIgniter\Boot::runCodeIgniter(Object(CodeIgniter\CodeIgniter))
#9 C:\Users\pablo\OneDrive\Documentos\GitHub\JuseaRepository\public\index.php(54): CodeIgniter\Boot::bootWeb(Object(Config\Paths))
#10 {main}
[Method: GET, Route: api/persona/buscar-apellido]
in SYSTEMPATH\Format\JSONFormatter.php on line 47.
 1 [internal function]: CodeIgniter\Debug\Exceptions->shutdownHandler()
CRITICAL - 2026-05-06 14:03:36 --> CodeIgniter\Format\Exceptions\FormatException: Failed to parse JSON string. Error: Malformed UTF-8 characters, possibly incorrectly encoded
[Method: GET, Route: api/persona/buscar-apellido]
in SYSTEMPATH\Format\JSONFormatter.php on line 47.
 1 SYSTEMPATH\Format\JSONFormatter.php(47): CodeIgniter\Format\Exceptions\FormatException::forInvalidJSON('Malformed UTF-8 characters, possibly incorrectly encoded')
 2 SYSTEMPATH\HTTP\ResponseTrait.php(252): CodeIgniter\Format\JSONFormatter->format([...])
 3 SYSTEMPATH\HTTP\ResponseTrait.php(178): CodeIgniter\HTTP\Response->formatBody([...], 'json')
 4 APPPATH\Controllers\ApiController.php(51): CodeIgniter\HTTP\Response->setJSON([...])
 5 SYSTEMPATH\CodeIgniter.php(951): App\Controllers\ApiController->buscarPersonaPorApellido()
 6 SYSTEMPATH\CodeIgniter.php(497): CodeIgniter\CodeIgniter->runController(Object(App\Controllers\ApiController))
 7 SYSTEMPATH\CodeIgniter.php(340): CodeIgniter\CodeIgniter->handleRequest(null, Object(Config\Cache), false)
 8 SYSTEMPATH\Boot.php(417): CodeIgniter\CodeIgniter->run()
 9 SYSTEMPATH\Boot.php(68): CodeIgniter\Boot::runCodeIgniter(Object(CodeIgniter\CodeIgniter))
10 FCPATH\index.php(54): CodeIgniter\Boot::bootWeb(Object(Config\Paths))
CRITICAL - 2026-05-06 14:03:36 --> ErrorException: Uncaught CodeIgniter\Format\Exceptions\FormatException: Failed to parse JSON string. Error: Malformed UTF-8 characters, possibly incorrectly encoded in C:\Users\pablo\OneDrive\Documentos\GitHub\JuseaRepository\vendor\codeigniter4\framework\system\Format\JSONFormatter.php:47
Stack trace:
#0 C:\Users\pablo\OneDrive\Documentos\GitHub\JuseaRepository\vendor\codeigniter4\framework\system\Format\JSONFormatter.php(47): CodeIgniter\Format\Exceptions\FormatException::forInvalidJSON('Malformed UTF-8...')
#1 C:\Users\pablo\OneDrive\Documentos\GitHub\JuseaRepository\vendor\codeigniter4\framework\system\API\ResponseTrait.php(352): CodeIgniter\Format\JSONFormatter->format(Array)
#2 C:\Users\pablo\OneDrive\Documentos\GitHub\JuseaRepository\vendor\codeigniter4\framework\system\API\ResponseTrait.php(111): CodeIgniter\Debug\ExceptionHandler->format(Array)
#3 C:\Users\pablo\OneDrive\Documentos\GitHub\JuseaRepository\vendor\codeigniter4\framework\system\Debug\ExceptionHandler.php(95): CodeIgniter\Debug\ExceptionHandler->respond(Array, 500)
#4 C:\Users\pablo\OneDrive\Documentos\GitHub\JuseaRepository\vendor\codeigniter4\framework\system\Debug\Exceptions.php(151): CodeIgniter\Debug\ExceptionHandler->handle(Object(CodeIgniter\Format\Exceptions\FormatException), Object(CodeIgniter\HTTP\IncomingRequest), Object(CodeIgniter\HTTP\Response), 500, 1)
#5 [internal function]: CodeIgniter\Debug\Exceptions->exceptionHandler(Object(CodeIgniter\Format\Exceptions\FormatException))
#6 {main}
  thrown
【Previous Exception】
CodeIgniter\Format\Exceptions\FormatException
Failed to parse JSON string. Error: Malformed UTF-8 characters, possibly incorrectly encoded
#0 C:\Users\pablo\OneDrive\Documentos\GitHub\JuseaRepository\vendor\codeigniter4\framework\system\Format\JSONFormatter.php(47): CodeIgniter\Format\Exceptions\FormatException::forInvalidJSON('Malformed UTF-8...')
#1 C:\Users\pablo\OneDrive\Documentos\GitHub\JuseaRepository\vendor\codeigniter4\framework\system\HTTP\ResponseTrait.php(252): CodeIgniter\Format\JSONFormatter->format(Array)
#2 C:\Users\pablo\OneDrive\Documentos\GitHub\JuseaRepository\vendor\codeigniter4\framework\system\HTTP\ResponseTrait.php(178): CodeIgniter\HTTP\Response->formatBody(Array, 'json')
#3 C:\Users\pablo\OneDrive\Documentos\GitHub\JuseaRepository\app\Controllers\ApiController.php(51): CodeIgniter\HTTP\Response->setJSON(Array)
#4 C:\Users\pablo\OneDrive\Documentos\GitHub\JuseaRepository\vendor\codeigniter4\framework\system\CodeIgniter.php(951): App\Controllers\ApiController->buscarPersonaPorApellido()
#5 C:\Users\pablo\OneDrive\Documentos\GitHub\JuseaRepository\vendor\codeigniter4\framework\system\CodeIgniter.php(497): CodeIgniter\CodeIgniter->runController(Object(App\Controllers\ApiController))
#6 C:\Users\pablo\OneDrive\Documentos\GitHub\JuseaRepository\vendor\codeigniter4\framework\system\CodeIgniter.php(340): CodeIgniter\CodeIgniter->handleRequest(NULL, Object(Config\Cache), false)
#7 C:\Users\pablo\OneDrive\Documentos\GitHub\JuseaRepository\vendor\codeigniter4\framework\system\Boot.php(417): CodeIgniter\CodeIgniter->run()
#8 C:\Users\pablo\OneDrive\Documentos\GitHub\JuseaRepository\vendor\codeigniter4\framework\system\Boot.php(68): CodeIgniter\Boot::runCodeIgniter(Object(CodeIgniter\CodeIgniter))
#9 C:\Users\pablo\OneDrive\Documentos\GitHub\JuseaRepository\public\index.php(54): CodeIgniter\Boot::bootWeb(Object(Config\Paths))
#10 {main}
[Method: GET, Route: api/persona/buscar-apellido]
in SYSTEMPATH\Format\JSONFormatter.php on line 47.
 1 [internal function]: CodeIgniter\Debug\Exceptions->shutdownHandler()
CRITICAL - 2026-05-06 14:03:44 --> CodeIgniter\Format\Exceptions\FormatException: Failed to parse JSON string. Error: Malformed UTF-8 characters, possibly incorrectly encoded
[Method: GET, Route: api/persona/buscar-apellido]
in SYSTEMPATH\Format\JSONFormatter.php on line 47.
 1 SYSTEMPATH\Format\JSONFormatter.php(47): CodeIgniter\Format\Exceptions\FormatException::forInvalidJSON('Malformed UTF-8 characters, possibly incorrectly encoded')
 2 SYSTEMPATH\HTTP\ResponseTrait.php(252): CodeIgniter\Format\JSONFormatter->format([...])
 3 SYSTEMPATH\HTTP\ResponseTrait.php(178): CodeIgniter\HTTP\Response->formatBody([...], 'json')
 4 APPPATH\Controllers\ApiController.php(51): CodeIgniter\HTTP\Response->setJSON([...])
 5 SYSTEMPATH\CodeIgniter.php(951): App\Controllers\ApiController->buscarPersonaPorApellido()
 6 SYSTEMPATH\CodeIgniter.php(497): CodeIgniter\CodeIgniter->runController(Object(App\Controllers\ApiController))
 7 SYSTEMPATH\CodeIgniter.php(340): CodeIgniter\CodeIgniter->handleRequest(null, Object(Config\Cache), false)
 8 SYSTEMPATH\Boot.php(417): CodeIgniter\CodeIgniter->run()
 9 SYSTEMPATH\Boot.php(68): CodeIgniter\Boot::runCodeIgniter(Object(CodeIgniter\CodeIgniter))
10 FCPATH\index.php(54): CodeIgniter\Boot::bootWeb(Object(Config\Paths))
CRITICAL - 2026-05-06 14:03:44 --> ErrorException: Uncaught CodeIgniter\Format\Exceptions\FormatException: Failed to parse JSON string. Error: Malformed UTF-8 characters, possibly incorrectly encoded in C:\Users\pablo\OneDrive\Documentos\GitHub\JuseaRepository\vendor\codeigniter4\framework\system\Format\JSONFormatter.php:47
Stack trace:
#0 C:\Users\pablo\OneDrive\Documentos\GitHub\JuseaRepository\vendor\codeigniter4\framework\system\Format\JSONFormatter.php(47): CodeIgniter\Format\Exceptions\FormatException::forInvalidJSON('Malformed UTF-8...')
#1 C:\Users\pablo\OneDrive\Documentos\GitHub\JuseaRepository\vendor\codeigniter4\framework\system\API\ResponseTrait.php(352): CodeIgniter\Format\JSONFormatter->format(Array)
#2 C:\Users\pablo\OneDrive\Documentos\GitHub\JuseaRepository\vendor\codeigniter4\framework\system\API\ResponseTrait.php(111): CodeIgniter\Debug\ExceptionHandler->format(Array)
#3 C:\Users\pablo\OneDrive\Documentos\GitHub\JuseaRepository\vendor\codeigniter4\framework\system\Debug\ExceptionHandler.php(95): CodeIgniter\Debug\ExceptionHandler->respond(Array, 500)
#4 C:\Users\pablo\OneDrive\Documentos\GitHub\JuseaRepository\vendor\codeigniter4\framework\system\Debug\Exceptions.php(151): CodeIgniter\Debug\ExceptionHandler->handle(Object(CodeIgniter\Format\Exceptions\FormatException), Object(CodeIgniter\HTTP\IncomingRequest), Object(CodeIgniter\HTTP\Response), 500, 1)
#5 [internal function]: CodeIgniter\Debug\Exceptions->exceptionHandler(Object(CodeIgniter\Format\Exceptions\FormatException))
#6 {main}
  thrown
【Previous Exception】
CodeIgniter\Format\Exceptions\FormatException
Failed to parse JSON string. Error: Malformed UTF-8 characters, possibly incorrectly encoded
#0 C:\Users\pablo\OneDrive\Documentos\GitHub\JuseaRepository\vendor\codeigniter4\framework\system\Format\JSONFormatter.php(47): CodeIgniter\Format\Exceptions\FormatException::forInvalidJSON('Malformed UTF-8...')
#1 C:\Users\pablo\OneDrive\Documentos\GitHub\JuseaRepository\vendor\codeigniter4\framework\system\HTTP\ResponseTrait.php(252): CodeIgniter\Format\JSONFormatter->format(Array)
#2 C:\Users\pablo\OneDrive\Documentos\GitHub\JuseaRepository\vendor\codeigniter4\framework\system\HTTP\ResponseTrait.php(178): CodeIgniter\HTTP\Response->formatBody(Array, 'json')
#3 C:\Users\pablo\OneDrive\Documentos\GitHub\JuseaRepository\app\Controllers\ApiController.php(51): CodeIgniter\HTTP\Response->setJSON(Array)
#4 C:\Users\pablo\OneDrive\Documentos\GitHub\JuseaRepository\vendor\codeigniter4\framework\system\CodeIgniter.php(951): App\Controllers\ApiController->buscarPersonaPorApellido()
#5 C:\Users\pablo\OneDrive\Documentos\GitHub\JuseaRepository\vendor\codeigniter4\framework\system\CodeIgniter.php(497): CodeIgniter\CodeIgniter->runController(Object(App\Controllers\ApiController))
#6 C:\Users\pablo\OneDrive\Documentos\GitHub\JuseaRepository\vendor\codeigniter4\framework\system\CodeIgniter.php(340): CodeIgniter\CodeIgniter->handleRequest(NULL, Object(Config\Cache), false)
#7 C:\Users\pablo\OneDrive\Documentos\GitHub\JuseaRepository\vendor\codeigniter4\framework\system\Boot.php(417): CodeIgniter\CodeIgniter->run()
#8 C:\Users\pablo\OneDrive\Documentos\GitHub\JuseaRepository\vendor\codeigniter4\framework\system\Boot.php(68): CodeIgniter\Boot::runCodeIgniter(Object(CodeIgniter\CodeIgniter))
#9 C:\Users\pablo\OneDrive\Documentos\GitHub\JuseaRepository\public\index.php(54): CodeIgniter\Boot::bootWeb(Object(Config\Paths))
#10 {main}
[Method: GET, Route: api/persona/buscar-apellido]
in SYSTEMPATH\Format\JSONFormatter.php on line 47.
 1 [internal function]: CodeIgniter\Debug\Exceptions->shutdownHandler()
CRITICAL - 2026-05-06 14:03:46 --> CodeIgniter\Format\Exceptions\FormatException: Failed to parse JSON string. Error: Malformed UTF-8 characters, possibly incorrectly encoded
[Method: GET, Route: api/persona/buscar-apellido]
in SYSTEMPATH\Format\JSONFormatter.php on line 47.
 1 SYSTEMPATH\Format\JSONFormatter.php(47): CodeIgniter\Format\Exceptions\FormatException::forInvalidJSON('Malformed UTF-8 characters, possibly incorrectly encoded')
 2 SYSTEMPATH\HTTP\ResponseTrait.php(252): CodeIgniter\Format\JSONFormatter->format([...])
 3 SYSTEMPATH\HTTP\ResponseTrait.php(178): CodeIgniter\HTTP\Response->formatBody([...], 'json')
 4 APPPATH\Controllers\ApiController.php(51): CodeIgniter\HTTP\Response->setJSON([...])
 5 SYSTEMPATH\CodeIgniter.php(951): App\Controllers\ApiController->buscarPersonaPorApellido()
 6 SYSTEMPATH\CodeIgniter.php(497): CodeIgniter\CodeIgniter->runController(Object(App\Controllers\ApiController))
 7 SYSTEMPATH\CodeIgniter.php(340): CodeIgniter\CodeIgniter->handleRequest(null, Object(Config\Cache), false)
 8 SYSTEMPATH\Boot.php(417): CodeIgniter\CodeIgniter->run()
 9 SYSTEMPATH\Boot.php(68): CodeIgniter\Boot::runCodeIgniter(Object(CodeIgniter\CodeIgniter))
10 FCPATH\index.php(54): CodeIgniter\Boot::bootWeb(Object(Config\Paths))
CRITICAL - 2026-05-06 14:03:46 --> ErrorException: Uncaught CodeIgniter\Format\Exceptions\FormatException: Failed to parse JSON string. Error: Malformed UTF-8 characters, possibly incorrectly encoded in C:\Users\pablo\OneDrive\Documentos\GitHub\JuseaRepository\vendor\codeigniter4\framework\system\Format\JSONFormatter.php:47
Stack trace:
#0 C:\Users\pablo\OneDrive\Documentos\GitHub\JuseaRepository\vendor\codeigniter4\framework\system\Format\JSONFormatter.php(47): CodeIgniter\Format\Exceptions\FormatException::forInvalidJSON('Malformed UTF-8...')
#1 C:\Users\pablo\OneDrive\Documentos\GitHub\JuseaRepository\vendor\codeigniter4\framework\system\API\ResponseTrait.php(352): CodeIgniter\Format\JSONFormatter->format(Array)
#2 C:\Users\pablo\OneDrive\Documentos\GitHub\JuseaRepository\vendor\codeigniter4\framework\system\API\ResponseTrait.php(111): CodeIgniter\Debug\ExceptionHandler->format(Array)
#3 C:\Users\pablo\OneDrive\Documentos\GitHub\JuseaRepository\vendor\codeigniter4\framework\system\Debug\ExceptionHandler.php(95): CodeIgniter\Debug\ExceptionHandler->respond(Array, 500)
#4 C:\Users\pablo\OneDrive\Documentos\GitHub\JuseaRepository\vendor\codeigniter4\framework\system\Debug\Exceptions.php(151): CodeIgniter\Debug\ExceptionHandler->handle(Object(CodeIgniter\Format\Exceptions\FormatException), Object(CodeIgniter\HTTP\IncomingRequest), Object(CodeIgniter\HTTP\Response), 500, 1)
#5 [internal function]: CodeIgniter\Debug\Exceptions->exceptionHandler(Object(CodeIgniter\Format\Exceptions\FormatException))
#6 {main}
  thrown
【Previous Exception】
CodeIgniter\Format\Exceptions\FormatException
Failed to parse JSON string. Error: Malformed UTF-8 characters, possibly incorrectly encoded
#0 C:\Users\pablo\OneDrive\Documentos\GitHub\JuseaRepository\vendor\codeigniter4\framework\system\Format\JSONFormatter.php(47): CodeIgniter\Format\Exceptions\FormatException::forInvalidJSON('Malformed UTF-8...')
#1 C:\Users\pablo\OneDrive\Documentos\GitHub\JuseaRepository\vendor\codeigniter4\framework\system\HTTP\ResponseTrait.php(252): CodeIgniter\Format\JSONFormatter->format(Array)
#2 C:\Users\pablo\OneDrive\Documentos\GitHub\JuseaRepository\vendor\codeigniter4\framework\system\HTTP\ResponseTrait.php(178): CodeIgniter\HTTP\Response->formatBody(Array, 'json')
#3 C:\Users\pablo\OneDrive\Documentos\GitHub\JuseaRepository\app\Controllers\ApiController.php(51): CodeIgniter\HTTP\Response->setJSON(Array)
#4 C:\Users\pablo\OneDrive\Documentos\GitHub\JuseaRepository\vendor\codeigniter4\framework\system\CodeIgniter.php(951): App\Controllers\ApiController->buscarPersonaPorApellido()
#5 C:\Users\pablo\OneDrive\Documentos\GitHub\JuseaRepository\vendor\codeigniter4\framework\system\CodeIgniter.php(497): CodeIgniter\CodeIgniter->runController(Object(App\Controllers\ApiController))
#6 C:\Users\pablo\OneDrive\Documentos\GitHub\JuseaRepository\vendor\codeigniter4\framework\system\CodeIgniter.php(340): CodeIgniter\CodeIgniter->handleRequest(NULL, Object(Config\Cache), false)
#7 C:\Users\pablo\OneDrive\Documentos\GitHub\JuseaRepository\vendor\codeigniter4\framework\system\Boot.php(417): CodeIgniter\CodeIgniter->run()
#8 C:\Users\pablo\OneDrive\Documentos\GitHub\JuseaRepository\vendor\codeigniter4\framework\system\Boot.php(68): CodeIgniter\Boot::runCodeIgniter(Object(CodeIgniter\CodeIgniter))
#9 C:\Users\pablo\OneDrive\Documentos\GitHub\JuseaRepository\public\index.php(54): CodeIgniter\Boot::bootWeb(Object(Config\Paths))
#10 {main}
[Method: GET, Route: api/persona/buscar-apellido]
in SYSTEMPATH\Format\JSONFormatter.php on line 47.
 1 [internal function]: CodeIgniter\Debug\Exceptions->shutdownHandler()
CRITICAL - 2026-05-06 14:05:31 --> CodeIgniter\Format\Exceptions\FormatException: Failed to parse JSON string. Error: Malformed UTF-8 characters, possibly incorrectly encoded
[Method: GET, Route: api/persona/buscar-apellido]
in SYSTEMPATH\Format\JSONFormatter.php on line 47.
 1 SYSTEMPATH\Format\JSONFormatter.php(47): CodeIgniter\Format\Exceptions\FormatException::forInvalidJSON('Malformed UTF-8 characters, possibly incorrectly encoded')
 2 SYSTEMPATH\HTTP\ResponseTrait.php(252): CodeIgniter\Format\JSONFormatter->format([...])
 3 SYSTEMPATH\HTTP\ResponseTrait.php(178): CodeIgniter\HTTP\Response->formatBody([...], 'json')
 4 APPPATH\Controllers\ApiController.php(51): CodeIgniter\HTTP\Response->setJSON([...])
 5 SYSTEMPATH\CodeIgniter.php(951): App\Controllers\ApiController->buscarPersonaPorApellido()
 6 SYSTEMPATH\CodeIgniter.php(497): CodeIgniter\CodeIgniter->runController(Object(App\Controllers\ApiController))
 7 SYSTEMPATH\CodeIgniter.php(340): CodeIgniter\CodeIgniter->handleRequest(null, Object(Config\Cache), false)
 8 SYSTEMPATH\Boot.php(417): CodeIgniter\CodeIgniter->run()
 9 SYSTEMPATH\Boot.php(68): CodeIgniter\Boot::runCodeIgniter(Object(CodeIgniter\CodeIgniter))
10 FCPATH\index.php(54): CodeIgniter\Boot::bootWeb(Object(Config\Paths))
CRITICAL - 2026-05-06 14:05:31 --> ErrorException: Uncaught CodeIgniter\Format\Exceptions\FormatException: Failed to parse JSON string. Error: Malformed UTF-8 characters, possibly incorrectly encoded in C:\Users\pablo\OneDrive\Documentos\GitHub\JuseaRepository\vendor\codeigniter4\framework\system\Format\JSONFormatter.php:47
Stack trace:
#0 C:\Users\pablo\OneDrive\Documentos\GitHub\JuseaRepository\vendor\codeigniter4\framework\system\Format\JSONFormatter.php(47): CodeIgniter\Format\Exceptions\FormatException::forInvalidJSON('Malformed UTF-8...')
#1 C:\Users\pablo\OneDrive\Documentos\GitHub\JuseaRepository\vendor\codeigniter4\framework\system\API\ResponseTrait.php(352): CodeIgniter\Format\JSONFormatter->format(Array)
#2 C:\Users\pablo\OneDrive\Documentos\GitHub\JuseaRepository\vendor\codeigniter4\framework\system\API\ResponseTrait.php(111): CodeIgniter\Debug\ExceptionHandler->format(Array)
#3 C:\Users\pablo\OneDrive\Documentos\GitHub\JuseaRepository\vendor\codeigniter4\framework\system\Debug\ExceptionHandler.php(95): CodeIgniter\Debug\ExceptionHandler->respond(Array, 500)
#4 C:\Users\pablo\OneDrive\Documentos\GitHub\JuseaRepository\vendor\codeigniter4\framework\system\Debug\Exceptions.php(151): CodeIgniter\Debug\ExceptionHandler->handle(Object(CodeIgniter\Format\Exceptions\FormatException), Object(CodeIgniter\HTTP\IncomingRequest), Object(CodeIgniter\HTTP\Response), 500, 1)
#5 [internal function]: CodeIgniter\Debug\Exceptions->exceptionHandler(Object(CodeIgniter\Format\Exceptions\FormatException))
#6 {main}
  thrown
【Previous Exception】
CodeIgniter\Format\Exceptions\FormatException
Failed to parse JSON string. Error: Malformed UTF-8 characters, possibly incorrectly encoded
#0 C:\Users\pablo\OneDrive\Documentos\GitHub\JuseaRepository\vendor\codeigniter4\framework\system\Format\JSONFormatter.php(47): CodeIgniter\Format\Exceptions\FormatException::forInvalidJSON('Malformed UTF-8...')
#1 C:\Users\pablo\OneDrive\Documentos\GitHub\JuseaRepository\vendor\codeigniter4\framework\system\HTTP\ResponseTrait.php(252): CodeIgniter\Format\JSONFormatter->format(Array)
#2 C:\Users\pablo\OneDrive\Documentos\GitHub\JuseaRepository\vendor\codeigniter4\framework\system\HTTP\ResponseTrait.php(178): CodeIgniter\HTTP\Response->formatBody(Array, 'json')
#3 C:\Users\pablo\OneDrive\Documentos\GitHub\JuseaRepository\app\Controllers\ApiController.php(51): CodeIgniter\HTTP\Response->setJSON(Array)
#4 C:\Users\pablo\OneDrive\Documentos\GitHub\JuseaRepository\vendor\codeigniter4\framework\system\CodeIgniter.php(951): App\Controllers\ApiController->buscarPersonaPorApellido()
#5 C:\Users\pablo\OneDrive\Documentos\GitHub\JuseaRepository\vendor\codeigniter4\framework\system\CodeIgniter.php(497): CodeIgniter\CodeIgniter->runController(Object(App\Controllers\ApiController))
#6 C:\Users\pablo\OneDrive\Documentos\GitHub\JuseaRepository\vendor\codeigniter4\framework\system\CodeIgniter.php(340): CodeIgniter\CodeIgniter->handleRequest(NULL, Object(Config\Cache), false)
#7 C:\Users\pablo\OneDrive\Documentos\GitHub\JuseaRepository\vendor\codeigniter4\framework\system\Boot.php(417): CodeIgniter\CodeIgniter->run()
#8 C:\Users\pablo\OneDrive\Documentos\GitHub\JuseaRepository\vendor\codeigniter4\framework\system\Boot.php(68): CodeIgniter\Boot::runCodeIgniter(Object(CodeIgniter\CodeIgniter))
#9 C:\Users\pablo\OneDrive\Documentos\GitHub\JuseaRepository\public\index.php(54): CodeIgniter\Boot::bootWeb(Object(Config\Paths))
#10 {main}
[Method: GET, Route: api/persona/buscar-apellido]
in SYSTEMPATH\Format\JSONFormatter.php on line 47.
 1 [internal function]: CodeIgniter\Debug\Exceptions->shutdownHandler()
CRITICAL - 2026-05-06 14:05:38 --> CodeIgniter\Format\Exceptions\FormatException: Failed to parse JSON string. Error: Malformed UTF-8 characters, possibly incorrectly encoded
[Method: GET, Route: api/persona/buscar-apellido]
in SYSTEMPATH\Format\JSONFormatter.php on line 47.
 1 SYSTEMPATH\Format\JSONFormatter.php(47): CodeIgniter\Format\Exceptions\FormatException::forInvalidJSON('Malformed UTF-8 characters, possibly incorrectly encoded')
 2 SYSTEMPATH\HTTP\ResponseTrait.php(252): CodeIgniter\Format\JSONFormatter->format([...])
 3 SYSTEMPATH\HTTP\ResponseTrait.php(178): CodeIgniter\HTTP\Response->formatBody([...], 'json')
 4 APPPATH\Controllers\ApiController.php(51): CodeIgniter\HTTP\Response->setJSON([...])
 5 SYSTEMPATH\CodeIgniter.php(951): App\Controllers\ApiController->buscarPersonaPorApellido()
 6 SYSTEMPATH\CodeIgniter.php(497): CodeIgniter\CodeIgniter->runController(Object(App\Controllers\ApiController))
 7 SYSTEMPATH\CodeIgniter.php(340): CodeIgniter\CodeIgniter->handleRequest(null, Object(Config\Cache), false)
 8 SYSTEMPATH\Boot.php(417): CodeIgniter\CodeIgniter->run()
 9 SYSTEMPATH\Boot.php(68): CodeIgniter\Boot::runCodeIgniter(Object(CodeIgniter\CodeIgniter))
10 FCPATH\index.php(54): CodeIgniter\Boot::bootWeb(Object(Config\Paths))
CRITICAL - 2026-05-06 14:05:38 --> ErrorException: Uncaught CodeIgniter\Format\Exceptions\FormatException: Failed to parse JSON string. Error: Malformed UTF-8 characters, possibly incorrectly encoded in C:\Users\pablo\OneDrive\Documentos\GitHub\JuseaRepository\vendor\codeigniter4\framework\system\Format\JSONFormatter.php:47
Stack trace:
#0 C:\Users\pablo\OneDrive\Documentos\GitHub\JuseaRepository\vendor\codeigniter4\framework\system\Format\JSONFormatter.php(47): CodeIgniter\Format\Exceptions\FormatException::forInvalidJSON('Malformed UTF-8...')
#1 C:\Users\pablo\OneDrive\Documentos\GitHub\JuseaRepository\vendor\codeigniter4\framework\system\API\ResponseTrait.php(352): CodeIgniter\Format\JSONFormatter->format(Array)
#2 C:\Users\pablo\OneDrive\Documentos\GitHub\JuseaRepository\vendor\codeigniter4\framework\system\API\ResponseTrait.php(111): CodeIgniter\Debug\ExceptionHandler->format(Array)
#3 C:\Users\pablo\OneDrive\Documentos\GitHub\JuseaRepository\vendor\codeigniter4\framework\system\Debug\ExceptionHandler.php(95): CodeIgniter\Debug\ExceptionHandler->respond(Array, 500)
#4 C:\Users\pablo\OneDrive\Documentos\GitHub\JuseaRepository\vendor\codeigniter4\framework\system\Debug\Exceptions.php(151): CodeIgniter\Debug\ExceptionHandler->handle(Object(CodeIgniter\Format\Exceptions\FormatException), Object(CodeIgniter\HTTP\IncomingRequest), Object(CodeIgniter\HTTP\Response), 500, 1)
#5 [internal function]: CodeIgniter\Debug\Exceptions->exceptionHandler(Object(CodeIgniter\Format\Exceptions\FormatException))
#6 {main}
  thrown
【Previous Exception】
CodeIgniter\Format\Exceptions\FormatException
Failed to parse JSON string. Error: Malformed UTF-8 characters, possibly incorrectly encoded
#0 C:\Users\pablo\OneDrive\Documentos\GitHub\JuseaRepository\vendor\codeigniter4\framework\system\Format\JSONFormatter.php(47): CodeIgniter\Format\Exceptions\FormatException::forInvalidJSON('Malformed UTF-8...')
#1 C:\Users\pablo\OneDrive\Documentos\GitHub\JuseaRepository\vendor\codeigniter4\framework\system\HTTP\ResponseTrait.php(252): CodeIgniter\Format\JSONFormatter->format(Array)
#2 C:\Users\pablo\OneDrive\Documentos\GitHub\JuseaRepository\vendor\codeigniter4\framework\system\HTTP\ResponseTrait.php(178): CodeIgniter\HTTP\Response->formatBody(Array, 'json')
#3 C:\Users\pablo\OneDrive\Documentos\GitHub\JuseaRepository\app\Controllers\ApiController.php(51): CodeIgniter\HTTP\Response->setJSON(Array)
#4 C:\Users\pablo\OneDrive\Documentos\GitHub\JuseaRepository\vendor\codeigniter4\framework\system\CodeIgniter.php(951): App\Controllers\ApiController->buscarPersonaPorApellido()
#5 C:\Users\pablo\OneDrive\Documentos\GitHub\JuseaRepository\vendor\codeigniter4\framework\system\CodeIgniter.php(497): CodeIgniter\CodeIgniter->runController(Object(App\Controllers\ApiController))
#6 C:\Users\pablo\OneDrive\Documentos\GitHub\JuseaRepository\vendor\codeigniter4\framework\system\CodeIgniter.php(340): CodeIgniter\CodeIgniter->handleRequest(NULL, Object(Config\Cache), false)
#7 C:\Users\pablo\OneDrive\Documentos\GitHub\JuseaRepository\vendor\codeigniter4\framework\system\Boot.php(417): CodeIgniter\CodeIgniter->run()
#8 C:\Users\pablo\OneDrive\Documentos\GitHub\JuseaRepository\vendor\codeigniter4\framework\system\Boot.php(68): CodeIgniter\Boot::runCodeIgniter(Object(CodeIgniter\CodeIgniter))
#9 C:\Users\pablo\OneDrive\Documentos\GitHub\JuseaRepository\public\index.php(54): CodeIgniter\Boot::bootWeb(Object(Config\Paths))
#10 {main}
[Method: GET, Route: api/persona/buscar-apellido]
in SYSTEMPATH\Format\JSONFormatter.php on line 47.
 1 [internal function]: CodeIgniter\Debug\Exceptions->shutdownHandler()
CRITICAL - 2026-05-06 14:05:38 --> CodeIgniter\Format\Exceptions\FormatException: Failed to parse JSON string. Error: Malformed UTF-8 characters, possibly incorrectly encoded
[Method: GET, Route: api/persona/buscar-apellido]
in SYSTEMPATH\Format\JSONFormatter.php on line 47.
 1 SYSTEMPATH\Format\JSONFormatter.php(47): CodeIgniter\Format\Exceptions\FormatException::forInvalidJSON('Malformed UTF-8 characters, possibly incorrectly encoded')
 2 SYSTEMPATH\HTTP\ResponseTrait.php(252): CodeIgniter\Format\JSONFormatter->format([...])
 3 SYSTEMPATH\HTTP\ResponseTrait.php(178): CodeIgniter\HTTP\Response->formatBody([...], 'json')
 4 APPPATH\Controllers\ApiController.php(51): CodeIgniter\HTTP\Response->setJSON([...])
 5 SYSTEMPATH\CodeIgniter.php(951): App\Controllers\ApiController->buscarPersonaPorApellido()
 6 SYSTEMPATH\CodeIgniter.php(497): CodeIgniter\CodeIgniter->runController(Object(App\Controllers\ApiController))
 7 SYSTEMPATH\CodeIgniter.php(340): CodeIgniter\CodeIgniter->handleRequest(null, Object(Config\Cache), false)
 8 SYSTEMPATH\Boot.php(417): CodeIgniter\CodeIgniter->run()
 9 SYSTEMPATH\Boot.php(68): CodeIgniter\Boot::runCodeIgniter(Object(CodeIgniter\CodeIgniter))
10 FCPATH\index.php(54): CodeIgniter\Boot::bootWeb(Object(Config\Paths))
CRITICAL - 2026-05-06 14:05:38 --> ErrorException: Uncaught CodeIgniter\Format\Exceptions\FormatException: Failed to parse JSON string. Error: Malformed UTF-8 characters, possibly incorrectly encoded in C:\Users\pablo\OneDrive\Documentos\GitHub\JuseaRepository\vendor\codeigniter4\framework\system\Format\JSONFormatter.php:47
Stack trace:
#0 C:\Users\pablo\OneDrive\Documentos\GitHub\JuseaRepository\vendor\codeigniter4\framework\system\Format\JSONFormatter.php(47): CodeIgniter\Format\Exceptions\FormatException::forInvalidJSON('Malformed UTF-8...')
#1 C:\Users\pablo\OneDrive\Documentos\GitHub\JuseaRepository\vendor\codeigniter4\framework\system\API\ResponseTrait.php(352): CodeIgniter\Format\JSONFormatter->format(Array)
#2 C:\Users\pablo\OneDrive\Documentos\GitHub\JuseaRepository\vendor\codeigniter4\framework\system\API\ResponseTrait.php(111): CodeIgniter\Debug\ExceptionHandler->format(Array)
#3 C:\Users\pablo\OneDrive\Documentos\GitHub\JuseaRepository\vendor\codeigniter4\framework\system\Debug\ExceptionHandler.php(95): CodeIgniter\Debug\ExceptionHandler->respond(Array, 500)
#4 C:\Users\pablo\OneDrive\Documentos\GitHub\JuseaRepository\vendor\codeigniter4\framework\system\Debug\Exceptions.php(151): CodeIgniter\Debug\ExceptionHandler->handle(Object(CodeIgniter\Format\Exceptions\FormatException), Object(CodeIgniter\HTTP\IncomingRequest), Object(CodeIgniter\HTTP\Response), 500, 1)
#5 [internal function]: CodeIgniter\Debug\Exceptions->exceptionHandler(Object(CodeIgniter\Format\Exceptions\FormatException))
#6 {main}
  thrown
【Previous Exception】
CodeIgniter\Format\Exceptions\FormatException
Failed to parse JSON string. Error: Malformed UTF-8 characters, possibly incorrectly encoded
#0 C:\Users\pablo\OneDrive\Documentos\GitHub\JuseaRepository\vendor\codeigniter4\framework\system\Format\JSONFormatter.php(47): CodeIgniter\Format\Exceptions\FormatException::forInvalidJSON('Malformed UTF-8...')
#1 C:\Users\pablo\OneDrive\Documentos\GitHub\JuseaRepository\vendor\codeigniter4\framework\system\HTTP\ResponseTrait.php(252): CodeIgniter\Format\JSONFormatter->format(Array)
#2 C:\Users\pablo\OneDrive\Documentos\GitHub\JuseaRepository\vendor\codeigniter4\framework\system\HTTP\ResponseTrait.php(178): CodeIgniter\HTTP\Response->formatBody(Array, 'json')
#3 C:\Users\pablo\OneDrive\Documentos\GitHub\JuseaRepository\app\Controllers\ApiController.php(51): CodeIgniter\HTTP\Response->setJSON(Array)
#4 C:\Users\pablo\OneDrive\Documentos\GitHub\JuseaRepository\vendor\codeigniter4\framework\system\CodeIgniter.php(951): App\Controllers\ApiController->buscarPersonaPorApellido()
#5 C:\Users\pablo\OneDrive\Documentos\GitHub\JuseaRepository\vendor\codeigniter4\framework\system\CodeIgniter.php(497): CodeIgniter\CodeIgniter->runController(Object(App\Controllers\ApiController))
#6 C:\Users\pablo\OneDrive\Documentos\GitHub\JuseaRepository\vendor\codeigniter4\framework\system\CodeIgniter.php(340): CodeIgniter\CodeIgniter->handleRequest(NULL, Object(Config\Cache), false)
#7 C:\Users\pablo\OneDrive\Documentos\GitHub\JuseaRepository\vendor\codeigniter4\framework\system\Boot.php(417): CodeIgniter\CodeIgniter->run()
#8 C:\Users\pablo\OneDrive\Documentos\GitHub\JuseaRepository\vendor\codeigniter4\framework\system\Boot.php(68): CodeIgniter\Boot::runCodeIgniter(Object(CodeIgniter\CodeIgniter))
#9 C:\Users\pablo\OneDrive\Documentos\GitHub\JuseaRepository\public\index.php(54): CodeIgniter\Boot::bootWeb(Object(Config\Paths))
#10 {main}
[Method: GET, Route: api/persona/buscar-apellido]
in SYSTEMPATH\Format\JSONFormatter.php on line 47.
 1 [internal function]: CodeIgniter\Debug\Exceptions->shutdownHandler()
CRITICAL - 2026-05-06 14:05:38 --> CodeIgniter\Format\Exceptions\FormatException: Failed to parse JSON string. Error: Malformed UTF-8 characters, possibly incorrectly encoded
[Method: GET, Route: api/persona/buscar-apellido]
in SYSTEMPATH\Format\JSONFormatter.php on line 47.
 1 SYSTEMPATH\Format\JSONFormatter.php(47): CodeIgniter\Format\Exceptions\FormatException::forInvalidJSON('Malformed UTF-8 characters, possibly incorrectly encoded')
 2 SYSTEMPATH\HTTP\ResponseTrait.php(252): CodeIgniter\Format\JSONFormatter->format([...])
 3 SYSTEMPATH\HTTP\ResponseTrait.php(178): CodeIgniter\HTTP\Response->formatBody([...], 'json')
 4 APPPATH\Controllers\ApiController.php(51): CodeIgniter\HTTP\Response->setJSON([...])
 5 SYSTEMPATH\CodeIgniter.php(951): App\Controllers\ApiController->buscarPersonaPorApellido()
 6 SYSTEMPATH\CodeIgniter.php(497): CodeIgniter\CodeIgniter->runController(Object(App\Controllers\ApiController))
 7 SYSTEMPATH\CodeIgniter.php(340): CodeIgniter\CodeIgniter->handleRequest(null, Object(Config\Cache), false)
 8 SYSTEMPATH\Boot.php(417): CodeIgniter\CodeIgniter->run()
 9 SYSTEMPATH\Boot.php(68): CodeIgniter\Boot::runCodeIgniter(Object(CodeIgniter\CodeIgniter))
10 FCPATH\index.php(54): CodeIgniter\Boot::bootWeb(Object(Config\Paths))
CRITICAL - 2026-05-06 14:05:38 --> ErrorException: Uncaught CodeIgniter\Format\Exceptions\FormatException: Failed to parse JSON string. Error: Malformed UTF-8 characters, possibly incorrectly encoded in C:\Users\pablo\OneDrive\Documentos\GitHub\JuseaRepository\vendor\codeigniter4\framework\system\Format\JSONFormatter.php:47
Stack trace:
#0 C:\Users\pablo\OneDrive\Documentos\GitHub\JuseaRepository\vendor\codeigniter4\framework\system\Format\JSONFormatter.php(47): CodeIgniter\Format\Exceptions\FormatException::forInvalidJSON('Malformed UTF-8...')
#1 C:\Users\pablo\OneDrive\Documentos\GitHub\JuseaRepository\vendor\codeigniter4\framework\system\API\ResponseTrait.php(352): CodeIgniter\Format\JSONFormatter->format(Array)
#2 C:\Users\pablo\OneDrive\Documentos\GitHub\JuseaRepository\vendor\codeigniter4\framework\system\API\ResponseTrait.php(111): CodeIgniter\Debug\ExceptionHandler->format(Array)
#3 C:\Users\pablo\OneDrive\Documentos\GitHub\JuseaRepository\vendor\codeigniter4\framework\system\Debug\ExceptionHandler.php(95): CodeIgniter\Debug\ExceptionHandler->respond(Array, 500)
#4 C:\Users\pablo\OneDrive\Documentos\GitHub\JuseaRepository\vendor\codeigniter4\framework\system\Debug\Exceptions.php(151): CodeIgniter\Debug\ExceptionHandler->handle(Object(CodeIgniter\Format\Exceptions\FormatException), Object(CodeIgniter\HTTP\IncomingRequest), Object(CodeIgniter\HTTP\Response), 500, 1)
#5 [internal function]: CodeIgniter\Debug\Exceptions->exceptionHandler(Object(CodeIgniter\Format\Exceptions\FormatException))
#6 {main}
  thrown
【Previous Exception】
CodeIgniter\Format\Exceptions\FormatException
Failed to parse JSON string. Error: Malformed UTF-8 characters, possibly incorrectly encoded
#0 C:\Users\pablo\OneDrive\Documentos\GitHub\JuseaRepository\vendor\codeigniter4\framework\system\Format\JSONFormatter.php(47): CodeIgniter\Format\Exceptions\FormatException::forInvalidJSON('Malformed UTF-8...')
#1 C:\Users\pablo\OneDrive\Documentos\GitHub\JuseaRepository\vendor\codeigniter4\framework\system\HTTP\ResponseTrait.php(252): CodeIgniter\Format\JSONFormatter->format(Array)
#2 C:\Users\pablo\OneDrive\Documentos\GitHub\JuseaRepository\vendor\codeigniter4\framework\system\HTTP\ResponseTrait.php(178): CodeIgniter\HTTP\Response->formatBody(Array, 'json')
#3 C:\Users\pablo\OneDrive\Documentos\GitHub\JuseaRepository\app\Controllers\ApiController.php(51): CodeIgniter\HTTP\Response->setJSON(Array)
#4 C:\Users\pablo\OneDrive\Documentos\GitHub\JuseaRepository\vendor\codeigniter4\framework\system\CodeIgniter.php(951): App\Controllers\ApiController->buscarPersonaPorApellido()
#5 C:\Users\pablo\OneDrive\Documentos\GitHub\JuseaRepository\vendor\codeigniter4\framework\system\CodeIgniter.php(497): CodeIgniter\CodeIgniter->runController(Object(App\Controllers\ApiController))
#6 C:\Users\pablo\OneDrive\Documentos\GitHub\JuseaRepository\vendor\codeigniter4\framework\system\CodeIgniter.php(340): CodeIgniter\CodeIgniter->handleRequest(NULL, Object(Config\Cache), false)
#7 C:\Users\pablo\OneDrive\Documentos\GitHub\JuseaRepository\vendor\codeigniter4\framework\system\Boot.php(417): CodeIgniter\CodeIgniter->run()
#8 C:\Users\pablo\OneDrive\Documentos\GitHub\JuseaRepository\vendor\codeigniter4\framework\system\Boot.php(68): CodeIgniter\Boot::runCodeIgniter(Object(CodeIgniter\CodeIgniter))
#9 C:\Users\pablo\OneDrive\Documentos\GitHub\JuseaRepository\public\index.php(54): CodeIgniter\Boot::bootWeb(Object(Config\Paths))
#10 {main}
[Method: GET, Route: api/persona/buscar-apellido]
in SYSTEMPATH\Format\JSONFormatter.php on line 47.
 1 [internal function]: CodeIgniter\Debug\Exceptions->shutdownHandler()
CRITICAL - 2026-05-06 14:05:42 --> CodeIgniter\Format\Exceptions\FormatException: Failed to parse JSON string. Error: Malformed UTF-8 characters, possibly incorrectly encoded
[Method: GET, Route: api/persona/buscar-apellido]
in SYSTEMPATH\Format\JSONFormatter.php on line 47.
 1 SYSTEMPATH\Format\JSONFormatter.php(47): CodeIgniter\Format\Exceptions\FormatException::forInvalidJSON('Malformed UTF-8 characters, possibly incorrectly encoded')
 2 SYSTEMPATH\HTTP\ResponseTrait.php(252): CodeIgniter\Format\JSONFormatter->format([...])
 3 SYSTEMPATH\HTTP\ResponseTrait.php(178): CodeIgniter\HTTP\Response->formatBody([...], 'json')
 4 APPPATH\Controllers\ApiController.php(51): CodeIgniter\HTTP\Response->setJSON([...])
 5 SYSTEMPATH\CodeIgniter.php(951): App\Controllers\ApiController->buscarPersonaPorApellido()
 6 SYSTEMPATH\CodeIgniter.php(497): CodeIgniter\CodeIgniter->runController(Object(App\Controllers\ApiController))
 7 SYSTEMPATH\CodeIgniter.php(340): CodeIgniter\CodeIgniter->handleRequest(null, Object(Config\Cache), false)
 8 SYSTEMPATH\Boot.php(417): CodeIgniter\CodeIgniter->run()
 9 SYSTEMPATH\Boot.php(68): CodeIgniter\Boot::runCodeIgniter(Object(CodeIgniter\CodeIgniter))
10 FCPATH\index.php(54): CodeIgniter\Boot::bootWeb(Object(Config\Paths))
CRITICAL - 2026-05-06 14:05:42 --> ErrorException: Uncaught CodeIgniter\Format\Exceptions\FormatException: Failed to parse JSON string. Error: Malformed UTF-8 characters, possibly incorrectly encoded in C:\Users\pablo\OneDrive\Documentos\GitHub\JuseaRepository\vendor\codeigniter4\framework\system\Format\JSONFormatter.php:47
Stack trace:
#0 C:\Users\pablo\OneDrive\Documentos\GitHub\JuseaRepository\vendor\codeigniter4\framework\system\Format\JSONFormatter.php(47): CodeIgniter\Format\Exceptions\FormatException::forInvalidJSON('Malformed UTF-8...')
#1 C:\Users\pablo\OneDrive\Documentos\GitHub\JuseaRepository\vendor\codeigniter4\framework\system\API\ResponseTrait.php(352): CodeIgniter\Format\JSONFormatter->format(Array)
#2 C:\Users\pablo\OneDrive\Documentos\GitHub\JuseaRepository\vendor\codeigniter4\framework\system\API\ResponseTrait.php(111): CodeIgniter\Debug\ExceptionHandler->format(Array)
#3 C:\Users\pablo\OneDrive\Documentos\GitHub\JuseaRepository\vendor\codeigniter4\framework\system\Debug\ExceptionHandler.php(95): CodeIgniter\Debug\ExceptionHandler->respond(Array, 500)
#4 C:\Users\pablo\OneDrive\Documentos\GitHub\JuseaRepository\vendor\codeigniter4\framework\system\Debug\Exceptions.php(151): CodeIgniter\Debug\ExceptionHandler->handle(Object(CodeIgniter\Format\Exceptions\FormatException), Object(CodeIgniter\HTTP\IncomingRequest), Object(CodeIgniter\HTTP\Response), 500, 1)
#5 [internal function]: CodeIgniter\Debug\Exceptions->exceptionHandler(Object(CodeIgniter\Format\Exceptions\FormatException))
#6 {main}
  thrown
【Previous Exception】
CodeIgniter\Format\Exceptions\FormatException
Failed to parse JSON string. Error: Malformed UTF-8 characters, possibly incorrectly encoded
#0 C:\Users\pablo\OneDrive\Documentos\GitHub\JuseaRepository\vendor\codeigniter4\framework\system\Format\JSONFormatter.php(47): CodeIgniter\Format\Exceptions\FormatException::forInvalidJSON('Malformed UTF-8...')
#1 C:\Users\pablo\OneDrive\Documentos\GitHub\JuseaRepository\vendor\codeigniter4\framework\system\HTTP\ResponseTrait.php(252): CodeIgniter\Format\JSONFormatter->format(Array)
#2 C:\Users\pablo\OneDrive\Documentos\GitHub\JuseaRepository\vendor\codeigniter4\framework\system\HTTP\ResponseTrait.php(178): CodeIgniter\HTTP\Response->formatBody(Array, 'json')
#3 C:\Users\pablo\OneDrive\Documentos\GitHub\JuseaRepository\app\Controllers\ApiController.php(51): CodeIgniter\HTTP\Response->setJSON(Array)
#4 C:\Users\pablo\OneDrive\Documentos\GitHub\JuseaRepository\vendor\codeigniter4\framework\system\CodeIgniter.php(951): App\Controllers\ApiController->buscarPersonaPorApellido()
#5 C:\Users\pablo\OneDrive\Documentos\GitHub\JuseaRepository\vendor\codeigniter4\framework\system\CodeIgniter.php(497): CodeIgniter\CodeIgniter->runController(Object(App\Controllers\ApiController))
#6 C:\Users\pablo\OneDrive\Documentos\GitHub\JuseaRepository\vendor\codeigniter4\framework\system\CodeIgniter.php(340): CodeIgniter\CodeIgniter->handleRequest(NULL, Object(Config\Cache), false)
#7 C:\Users\pablo\OneDrive\Documentos\GitHub\JuseaRepository\vendor\codeigniter4\framework\system\Boot.php(417): CodeIgniter\CodeIgniter->run()
#8 C:\Users\pablo\OneDrive\Documentos\GitHub\JuseaRepository\vendor\codeigniter4\framework\system\Boot.php(68): CodeIgniter\Boot::runCodeIgniter(Object(CodeIgniter\CodeIgniter))
#9 C:\Users\pablo\OneDrive\Documentos\GitHub\JuseaRepository\public\index.php(54): CodeIgniter\Boot::bootWeb(Object(Config\Paths))
#10 {main}
[Method: GET, Route: api/persona/buscar-apellido]
in SYSTEMPATH\Format\JSONFormatter.php on line 47.
 1 [internal function]: CodeIgniter\Debug\Exceptions->shutdownHandler()
CRITICAL - 2026-05-06 14:05:49 --> CodeIgniter\Format\Exceptions\FormatException: Failed to parse JSON string. Error: Malformed UTF-8 characters, possibly incorrectly encoded
[Method: GET, Route: api/persona/buscar-apellido]
in SYSTEMPATH\Format\JSONFormatter.php on line 47.
 1 SYSTEMPATH\Format\JSONFormatter.php(47): CodeIgniter\Format\Exceptions\FormatException::forInvalidJSON('Malformed UTF-8 characters, possibly incorrectly encoded')
 2 SYSTEMPATH\HTTP\ResponseTrait.php(252): CodeIgniter\Format\JSONFormatter->format([...])
 3 SYSTEMPATH\HTTP\ResponseTrait.php(178): CodeIgniter\HTTP\Response->formatBody([...], 'json')
 4 APPPATH\Controllers\ApiController.php(51): CodeIgniter\HTTP\Response->setJSON([...])
 5 SYSTEMPATH\CodeIgniter.php(951): App\Controllers\ApiController->buscarPersonaPorApellido()
 6 SYSTEMPATH\CodeIgniter.php(497): CodeIgniter\CodeIgniter->runController(Object(App\Controllers\ApiController))
 7 SYSTEMPATH\CodeIgniter.php(340): CodeIgniter\CodeIgniter->handleRequest(null, Object(Config\Cache), false)
 8 SYSTEMPATH\Boot.php(417): CodeIgniter\CodeIgniter->run()
 9 SYSTEMPATH\Boot.php(68): CodeIgniter\Boot::runCodeIgniter(Object(CodeIgniter\CodeIgniter))
10 FCPATH\index.php(54): CodeIgniter\Boot::bootWeb(Object(Config\Paths))
CRITICAL - 2026-05-06 14:05:49 --> ErrorException: Uncaught CodeIgniter\Format\Exceptions\FormatException: Failed to parse JSON string. Error: Malformed UTF-8 characters, possibly incorrectly encoded in C:\Users\pablo\OneDrive\Documentos\GitHub\JuseaRepository\vendor\codeigniter4\framework\system\Format\JSONFormatter.php:47
Stack trace:
#0 C:\Users\pablo\OneDrive\Documentos\GitHub\JuseaRepository\vendor\codeigniter4\framework\system\Format\JSONFormatter.php(47): CodeIgniter\Format\Exceptions\FormatException::forInvalidJSON('Malformed UTF-8...')
#1 C:\Users\pablo\OneDrive\Documentos\GitHub\JuseaRepository\vendor\codeigniter4\framework\system\API\ResponseTrait.php(352): CodeIgniter\Format\JSONFormatter->format(Array)
#2 C:\Users\pablo\OneDrive\Documentos\GitHub\JuseaRepository\vendor\codeigniter4\framework\system\API\ResponseTrait.php(111): CodeIgniter\Debug\ExceptionHandler->format(Array)
#3 C:\Users\pablo\OneDrive\Documentos\GitHub\JuseaRepository\vendor\codeigniter4\framework\system\Debug\ExceptionHandler.php(95): CodeIgniter\Debug\ExceptionHandler->respond(Array, 500)
#4 C:\Users\pablo\OneDrive\Documentos\GitHub\JuseaRepository\vendor\codeigniter4\framework\system\Debug\Exceptions.php(151): CodeIgniter\Debug\ExceptionHandler->handle(Object(CodeIgniter\Format\Exceptions\FormatException), Object(CodeIgniter\HTTP\IncomingRequest), Object(CodeIgniter\HTTP\Response), 500, 1)
#5 [internal function]: CodeIgniter\Debug\Exceptions->exceptionHandler(Object(CodeIgniter\Format\Exceptions\FormatException))
#6 {main}
  thrown
【Previous Exception】
CodeIgniter\Format\Exceptions\FormatException
Failed to parse JSON string. Error: Malformed UTF-8 characters, possibly incorrectly encoded
#0 C:\Users\pablo\OneDrive\Documentos\GitHub\JuseaRepository\vendor\codeigniter4\framework\system\Format\JSONFormatter.php(47): CodeIgniter\Format\Exceptions\FormatException::forInvalidJSON('Malformed UTF-8...')
#1 C:\Users\pablo\OneDrive\Documentos\GitHub\JuseaRepository\vendor\codeigniter4\framework\system\HTTP\ResponseTrait.php(252): CodeIgniter\Format\JSONFormatter->format(Array)
#2 C:\Users\pablo\OneDrive\Documentos\GitHub\JuseaRepository\vendor\codeigniter4\framework\system\HTTP\ResponseTrait.php(178): CodeIgniter\HTTP\Response->formatBody(Array, 'json')
#3 C:\Users\pablo\OneDrive\Documentos\GitHub\JuseaRepository\app\Controllers\ApiController.php(51): CodeIgniter\HTTP\Response->setJSON(Array)
#4 C:\Users\pablo\OneDrive\Documentos\GitHub\JuseaRepository\vendor\codeigniter4\framework\system\CodeIgniter.php(951): App\Controllers\ApiController->buscarPersonaPorApellido()
#5 C:\Users\pablo\OneDrive\Documentos\GitHub\JuseaRepository\vendor\codeigniter4\framework\system\CodeIgniter.php(497): CodeIgniter\CodeIgniter->runController(Object(App\Controllers\ApiController))
#6 C:\Users\pablo\OneDrive\Documentos\GitHub\JuseaRepository\vendor\codeigniter4\framework\system\CodeIgniter.php(340): CodeIgniter\CodeIgniter->handleRequest(NULL, Object(Config\Cache), false)
#7 C:\Users\pablo\OneDrive\Documentos\GitHub\JuseaRepository\vendor\codeigniter4\framework\system\Boot.php(417): CodeIgniter\CodeIgniter->run()
#8 C:\Users\pablo\OneDrive\Documentos\GitHub\JuseaRepository\vendor\codeigniter4\framework\system\Boot.php(68): CodeIgniter\Boot::runCodeIgniter(Object(CodeIgniter\CodeIgniter))
#9 C:\Users\pablo\OneDrive\Documentos\GitHub\JuseaRepository\public\index.php(54): CodeIgniter\Boot::bootWeb(Object(Config\Paths))
#10 {main}
[Method: GET, Route: api/persona/buscar-apellido]
in SYSTEMPATH\Format\JSONFormatter.php on line 47.
 1 [internal function]: CodeIgniter\Debug\Exceptions->shutdownHandler()
CRITICAL - 2026-05-06 14:05:49 --> CodeIgniter\Format\Exceptions\FormatException: Failed to parse JSON string. Error: Malformed UTF-8 characters, possibly incorrectly encoded
[Method: GET, Route: api/persona/buscar-apellido]
in SYSTEMPATH\Format\JSONFormatter.php on line 47.
 1 SYSTEMPATH\Format\JSONFormatter.php(47): CodeIgniter\Format\Exceptions\FormatException::forInvalidJSON('Malformed UTF-8 characters, possibly incorrectly encoded')
 2 SYSTEMPATH\HTTP\ResponseTrait.php(252): CodeIgniter\Format\JSONFormatter->format([...])
 3 SYSTEMPATH\HTTP\ResponseTrait.php(178): CodeIgniter\HTTP\Response->formatBody([...], 'json')
 4 APPPATH\Controllers\ApiController.php(51): CodeIgniter\HTTP\Response->setJSON([...])
 5 SYSTEMPATH\CodeIgniter.php(951): App\Controllers\ApiController->buscarPersonaPorApellido()
 6 SYSTEMPATH\CodeIgniter.php(497): CodeIgniter\CodeIgniter->runController(Object(App\Controllers\ApiController))
 7 SYSTEMPATH\CodeIgniter.php(340): CodeIgniter\CodeIgniter->handleRequest(null, Object(Config\Cache), false)
 8 SYSTEMPATH\Boot.php(417): CodeIgniter\CodeIgniter->run()
 9 SYSTEMPATH\Boot.php(68): CodeIgniter\Boot::runCodeIgniter(Object(CodeIgniter\CodeIgniter))
10 FCPATH\index.php(54): CodeIgniter\Boot::bootWeb(Object(Config\Paths))
CRITICAL - 2026-05-06 14:05:49 --> ErrorException: Uncaught CodeIgniter\Format\Exceptions\FormatException: Failed to parse JSON string. Error: Malformed UTF-8 characters, possibly incorrectly encoded in C:\Users\pablo\OneDrive\Documentos\GitHub\JuseaRepository\vendor\codeigniter4\framework\system\Format\JSONFormatter.php:47
Stack trace:
#0 C:\Users\pablo\OneDrive\Documentos\GitHub\JuseaRepository\vendor\codeigniter4\framework\system\Format\JSONFormatter.php(47): CodeIgniter\Format\Exceptions\FormatException::forInvalidJSON('Malformed UTF-8...')
#1 C:\Users\pablo\OneDrive\Documentos\GitHub\JuseaRepository\vendor\codeigniter4\framework\system\API\ResponseTrait.php(352): CodeIgniter\Format\JSONFormatter->format(Array)
#2 C:\Users\pablo\OneDrive\Documentos\GitHub\JuseaRepository\vendor\codeigniter4\framework\system\API\ResponseTrait.php(111): CodeIgniter\Debug\ExceptionHandler->format(Array)
#3 C:\Users\pablo\OneDrive\Documentos\GitHub\JuseaRepository\vendor\codeigniter4\framework\system\Debug\ExceptionHandler.php(95): CodeIgniter\Debug\ExceptionHandler->respond(Array, 500)
#4 C:\Users\pablo\OneDrive\Documentos\GitHub\JuseaRepository\vendor\codeigniter4\framework\system\Debug\Exceptions.php(151): CodeIgniter\Debug\ExceptionHandler->handle(Object(CodeIgniter\Format\Exceptions\FormatException), Object(CodeIgniter\HTTP\IncomingRequest), Object(CodeIgniter\HTTP\Response), 500, 1)
#5 [internal function]: CodeIgniter\Debug\Exceptions->exceptionHandler(Object(CodeIgniter\Format\Exceptions\FormatException))
#6 {main}
  thrown
【Previous Exception】
CodeIgniter\Format\Exceptions\FormatException
Failed to parse JSON string. Error: Malformed UTF-8 characters, possibly incorrectly encoded
#0 C:\Users\pablo\OneDrive\Documentos\GitHub\JuseaRepository\vendor\codeigniter4\framework\system\Format\JSONFormatter.php(47): CodeIgniter\Format\Exceptions\FormatException::forInvalidJSON('Malformed UTF-8...')
#1 C:\Users\pablo\OneDrive\Documentos\GitHub\JuseaRepository\vendor\codeigniter4\framework\system\HTTP\ResponseTrait.php(252): CodeIgniter\Format\JSONFormatter->format(Array)
#2 C:\Users\pablo\OneDrive\Documentos\GitHub\JuseaRepository\vendor\codeigniter4\framework\system\HTTP\ResponseTrait.php(178): CodeIgniter\HTTP\Response->formatBody(Array, 'json')
#3 C:\Users\pablo\OneDrive\Documentos\GitHub\JuseaRepository\app\Controllers\ApiController.php(51): CodeIgniter\HTTP\Response->setJSON(Array)
#4 C:\Users\pablo\OneDrive\Documentos\GitHub\JuseaRepository\vendor\codeigniter4\framework\system\CodeIgniter.php(951): App\Controllers\ApiController->buscarPersonaPorApellido()
#5 C:\Users\pablo\OneDrive\Documentos\GitHub\JuseaRepository\vendor\codeigniter4\framework\system\CodeIgniter.php(497): CodeIgniter\CodeIgniter->runController(Object(App\Controllers\ApiController))
#6 C:\Users\pablo\OneDrive\Documentos\GitHub\JuseaRepository\vendor\codeigniter4\framework\system\CodeIgniter.php(340): CodeIgniter\CodeIgniter->handleRequest(NULL, Object(Config\Cache), false)
#7 C:\Users\pablo\OneDrive\Documentos\GitHub\JuseaRepository\vendor\codeigniter4\framework\system\Boot.php(417): CodeIgniter\CodeIgniter->run()
#8 C:\Users\pablo\OneDrive\Documentos\GitHub\JuseaRepository\vendor\codeigniter4\framework\system\Boot.php(68): CodeIgniter\Boot::runCodeIgniter(Object(CodeIgniter\CodeIgniter))
#9 C:\Users\pablo\OneDrive\Documentos\GitHub\JuseaRepository\public\index.php(54): CodeIgniter\Boot::bootWeb(Object(Config\Paths))
#10 {main}
[Method: GET, Route: api/persona/buscar-apellido]
in SYSTEMPATH\Format\JSONFormatter.php on line 47.
 1 [internal function]: CodeIgniter\Debug\Exceptions->shutdownHandler()
CRITICAL - 2026-05-06 14:05:49 --> CodeIgniter\Format\Exceptions\FormatException: Failed to parse JSON string. Error: Malformed UTF-8 characters, possibly incorrectly encoded
[Method: GET, Route: api/persona/buscar-apellido]
in SYSTEMPATH\Format\JSONFormatter.php on line 47.
 1 SYSTEMPATH\Format\JSONFormatter.php(47): CodeIgniter\Format\Exceptions\FormatException::forInvalidJSON('Malformed UTF-8 characters, possibly incorrectly encoded')
 2 SYSTEMPATH\HTTP\ResponseTrait.php(252): CodeIgniter\Format\JSONFormatter->format([...])
 3 SYSTEMPATH\HTTP\ResponseTrait.php(178): CodeIgniter\HTTP\Response->formatBody([...], 'json')
 4 APPPATH\Controllers\ApiController.php(51): CodeIgniter\HTTP\Response->setJSON([...])
 5 SYSTEMPATH\CodeIgniter.php(951): App\Controllers\ApiController->buscarPersonaPorApellido()
 6 SYSTEMPATH\CodeIgniter.php(497): CodeIgniter\CodeIgniter->runController(Object(App\Controllers\ApiController))
 7 SYSTEMPATH\CodeIgniter.php(340): CodeIgniter\CodeIgniter->handleRequest(null, Object(Config\Cache), false)
 8 SYSTEMPATH\Boot.php(417): CodeIgniter\CodeIgniter->run()
 9 SYSTEMPATH\Boot.php(68): CodeIgniter\Boot::runCodeIgniter(Object(CodeIgniter\CodeIgniter))
10 FCPATH\index.php(54): CodeIgniter\Boot::bootWeb(Object(Config\Paths))
CRITICAL - 2026-05-06 14:05:49 --> ErrorException: Uncaught CodeIgniter\Format\Exceptions\FormatException: Failed to parse JSON string. Error: Malformed UTF-8 characters, possibly incorrectly encoded in C:\Users\pablo\OneDrive\Documentos\GitHub\JuseaRepository\vendor\codeigniter4\framework\system\Format\JSONFormatter.php:47
Stack trace:
#0 C:\Users\pablo\OneDrive\Documentos\GitHub\JuseaRepository\vendor\codeigniter4\framework\system\Format\JSONFormatter.php(47): CodeIgniter\Format\Exceptions\FormatException::forInvalidJSON('Malformed UTF-8...')
#1 C:\Users\pablo\OneDrive\Documentos\GitHub\JuseaRepository\vendor\codeigniter4\framework\system\API\ResponseTrait.php(352): CodeIgniter\Format\JSONFormatter->format(Array)
#2 C:\Users\pablo\OneDrive\Documentos\GitHub\JuseaRepository\vendor\codeigniter4\framework\system\API\ResponseTrait.php(111): CodeIgniter\Debug\ExceptionHandler->format(Array)
#3 C:\Users\pablo\OneDrive\Documentos\GitHub\JuseaRepository\vendor\codeigniter4\framework\system\Debug\ExceptionHandler.php(95): CodeIgniter\Debug\ExceptionHandler->respond(Array, 500)
#4 C:\Users\pablo\OneDrive\Documentos\GitHub\JuseaRepository\vendor\codeigniter4\framework\system\Debug\Exceptions.php(151): CodeIgniter\Debug\ExceptionHandler->handle(Object(CodeIgniter\Format\Exceptions\FormatException), Object(CodeIgniter\HTTP\IncomingRequest), Object(CodeIgniter\HTTP\Response), 500, 1)
#5 [internal function]: CodeIgniter\Debug\Exceptions->exceptionHandler(Object(CodeIgniter\Format\Exceptions\FormatException))
#6 {main}
  thrown
【Previous Exception】
CodeIgniter\Format\Exceptions\FormatException
Failed to parse JSON string. Error: Malformed UTF-8 characters, possibly incorrectly encoded
#0 C:\Users\pablo\OneDrive\Documentos\GitHub\JuseaRepository\vendor\codeigniter4\framework\system\Format\JSONFormatter.php(47): CodeIgniter\Format\Exceptions\FormatException::forInvalidJSON('Malformed UTF-8...')
#1 C:\Users\pablo\OneDrive\Documentos\GitHub\JuseaRepository\vendor\codeigniter4\framework\system\HTTP\ResponseTrait.php(252): CodeIgniter\Format\JSONFormatter->format(Array)
#2 C:\Users\pablo\OneDrive\Documentos\GitHub\JuseaRepository\vendor\codeigniter4\framework\system\HTTP\ResponseTrait.php(178): CodeIgniter\HTTP\Response->formatBody(Array, 'json')
#3 C:\Users\pablo\OneDrive\Documentos\GitHub\JuseaRepository\app\Controllers\ApiController.php(51): CodeIgniter\HTTP\Response->setJSON(Array)
#4 C:\Users\pablo\OneDrive\Documentos\GitHub\JuseaRepository\vendor\codeigniter4\framework\system\CodeIgniter.php(951): App\Controllers\ApiController->buscarPersonaPorApellido()
#5 C:\Users\pablo\OneDrive\Documentos\GitHub\JuseaRepository\vendor\codeigniter4\framework\system\CodeIgniter.php(497): CodeIgniter\CodeIgniter->runController(Object(App\Controllers\ApiController))
#6 C:\Users\pablo\OneDrive\Documentos\GitHub\JuseaRepository\vendor\codeigniter4\framework\system\CodeIgniter.php(340): CodeIgniter\CodeIgniter->handleRequest(NULL, Object(Config\Cache), false)
#7 C:\Users\pablo\OneDrive\Documentos\GitHub\JuseaRepository\vendor\codeigniter4\framework\system\Boot.php(417): CodeIgniter\CodeIgniter->run()
#8 C:\Users\pablo\OneDrive\Documentos\GitHub\JuseaRepository\vendor\codeigniter4\framework\system\Boot.php(68): CodeIgniter\Boot::runCodeIgniter(Object(CodeIgniter\CodeIgniter))
#9 C:\Users\pablo\OneDrive\Documentos\GitHub\JuseaRepository\public\index.php(54): CodeIgniter\Boot::bootWeb(Object(Config\Paths))
#10 {main}
[Method: GET, Route: api/persona/buscar-apellido]
in SYSTEMPATH\Format\JSONFormatter.php on line 47.
 1 [internal function]: CodeIgniter\Debug\Exceptions->shutdownHandler()
CRITICAL - 2026-05-06 14:05:49 --> CodeIgniter\Format\Exceptions\FormatException: Failed to parse JSON string. Error: Malformed UTF-8 characters, possibly incorrectly encoded
[Method: GET, Route: api/persona/buscar-apellido]
in SYSTEMPATH\Format\JSONFormatter.php on line 47.
 1 SYSTEMPATH\Format\JSONFormatter.php(47): CodeIgniter\Format\Exceptions\FormatException::forInvalidJSON('Malformed UTF-8 characters, possibly incorrectly encoded')
 2 SYSTEMPATH\HTTP\ResponseTrait.php(252): CodeIgniter\Format\JSONFormatter->format([...])
 3 SYSTEMPATH\HTTP\ResponseTrait.php(178): CodeIgniter\HTTP\Response->formatBody([...], 'json')
 4 APPPATH\Controllers\ApiController.php(51): CodeIgniter\HTTP\Response->setJSON([...])
 5 SYSTEMPATH\CodeIgniter.php(951): App\Controllers\ApiController->buscarPersonaPorApellido()
 6 SYSTEMPATH\CodeIgniter.php(497): CodeIgniter\CodeIgniter->runController(Object(App\Controllers\ApiController))
 7 SYSTEMPATH\CodeIgniter.php(340): CodeIgniter\CodeIgniter->handleRequest(null, Object(Config\Cache), false)
 8 SYSTEMPATH\Boot.php(417): CodeIgniter\CodeIgniter->run()
 9 SYSTEMPATH\Boot.php(68): CodeIgniter\Boot::runCodeIgniter(Object(CodeIgniter\CodeIgniter))
10 FCPATH\index.php(54): CodeIgniter\Boot::bootWeb(Object(Config\Paths))
CRITICAL - 2026-05-06 14:05:49 --> ErrorException: Uncaught CodeIgniter\Format\Exceptions\FormatException: Failed to parse JSON string. Error: Malformed UTF-8 characters, possibly incorrectly encoded in C:\Users\pablo\OneDrive\Documentos\GitHub\JuseaRepository\vendor\codeigniter4\framework\system\Format\JSONFormatter.php:47
Stack trace:
#0 C:\Users\pablo\OneDrive\Documentos\GitHub\JuseaRepository\vendor\codeigniter4\framework\system\Format\JSONFormatter.php(47): CodeIgniter\Format\Exceptions\FormatException::forInvalidJSON('Malformed UTF-8...')
#1 C:\Users\pablo\OneDrive\Documentos\GitHub\JuseaRepository\vendor\codeigniter4\framework\system\API\ResponseTrait.php(352): CodeIgniter\Format\JSONFormatter->format(Array)
#2 C:\Users\pablo\OneDrive\Documentos\GitHub\JuseaRepository\vendor\codeigniter4\framework\system\API\ResponseTrait.php(111): CodeIgniter\Debug\ExceptionHandler->format(Array)
#3 C:\Users\pablo\OneDrive\Documentos\GitHub\JuseaRepository\vendor\codeigniter4\framework\system\Debug\ExceptionHandler.php(95): CodeIgniter\Debug\ExceptionHandler->respond(Array, 500)
#4 C:\Users\pablo\OneDrive\Documentos\GitHub\JuseaRepository\vendor\codeigniter4\framework\system\Debug\Exceptions.php(151): CodeIgniter\Debug\ExceptionHandler->handle(Object(CodeIgniter\Format\Exceptions\FormatException), Object(CodeIgniter\HTTP\IncomingRequest), Object(CodeIgniter\HTTP\Response), 500, 1)
#5 [internal function]: CodeIgniter\Debug\Exceptions->exceptionHandler(Object(CodeIgniter\Format\Exceptions\FormatException))
#6 {main}
  thrown
【Previous Exception】
CodeIgniter\Format\Exceptions\FormatException
Failed to parse JSON string. Error: Malformed UTF-8 characters, possibly incorrectly encoded
#0 C:\Users\pablo\OneDrive\Documentos\GitHub\JuseaRepository\vendor\codeigniter4\framework\system\Format\JSONFormatter.php(47): CodeIgniter\Format\Exceptions\FormatException::forInvalidJSON('Malformed UTF-8...')
#1 C:\Users\pablo\OneDrive\Documentos\GitHub\JuseaRepository\vendor\codeigniter4\framework\system\HTTP\ResponseTrait.php(252): CodeIgniter\Format\JSONFormatter->format(Array)
#2 C:\Users\pablo\OneDrive\Documentos\GitHub\JuseaRepository\vendor\codeigniter4\framework\system\HTTP\ResponseTrait.php(178): CodeIgniter\HTTP\Response->formatBody(Array, 'json')
#3 C:\Users\pablo\OneDrive\Documentos\GitHub\JuseaRepository\app\Controllers\ApiController.php(51): CodeIgniter\HTTP\Response->setJSON(Array)
#4 C:\Users\pablo\OneDrive\Documentos\GitHub\JuseaRepository\vendor\codeigniter4\framework\system\CodeIgniter.php(951): App\Controllers\ApiController->buscarPersonaPorApellido()
#5 C:\Users\pablo\OneDrive\Documentos\GitHub\JuseaRepository\vendor\codeigniter4\framework\system\CodeIgniter.php(497): CodeIgniter\CodeIgniter->runController(Object(App\Controllers\ApiController))
#6 C:\Users\pablo\OneDrive\Documentos\GitHub\JuseaRepository\vendor\codeigniter4\framework\system\CodeIgniter.php(340): CodeIgniter\CodeIgniter->handleRequest(NULL, Object(Config\Cache), false)
#7 C:\Users\pablo\OneDrive\Documentos\GitHub\JuseaRepository\vendor\codeigniter4\framework\system\Boot.php(417): CodeIgniter\CodeIgniter->run()
#8 C:\Users\pablo\OneDrive\Documentos\GitHub\JuseaRepository\vendor\codeigniter4\framework\system\Boot.php(68): CodeIgniter\Boot::runCodeIgniter(Object(CodeIgniter\CodeIgniter))
#9 C:\Users\pablo\OneDrive\Documentos\GitHub\JuseaRepository\public\index.php(54): CodeIgniter\Boot::bootWeb(Object(Config\Paths))
#10 {main}
[Method: GET, Route: api/persona/buscar-apellido]
in SYSTEMPATH\Format\JSONFormatter.php on line 47.
 1 [internal function]: CodeIgniter\Debug\Exceptions->shutdownHandler()
CRITICAL - 2026-05-06 14:05:49 --> CodeIgniter\Format\Exceptions\FormatException: Failed to parse JSON string. Error: Malformed UTF-8 characters, possibly incorrectly encoded
[Method: GET, Route: api/persona/buscar-apellido]
in SYSTEMPATH\Format\JSONFormatter.php on line 47.
 1 SYSTEMPATH\Format\JSONFormatter.php(47): CodeIgniter\Format\Exceptions\FormatException::forInvalidJSON('Malformed UTF-8 characters, possibly incorrectly encoded')
 2 SYSTEMPATH\HTTP\ResponseTrait.php(252): CodeIgniter\Format\JSONFormatter->format([...])
 3 SYSTEMPATH\HTTP\ResponseTrait.php(178): CodeIgniter\HTTP\Response->formatBody([...], 'json')
 4 APPPATH\Controllers\ApiController.php(51): CodeIgniter\HTTP\Response->setJSON([...])
 5 SYSTEMPATH\CodeIgniter.php(951): App\Controllers\ApiController->buscarPersonaPorApellido()
 6 SYSTEMPATH\CodeIgniter.php(497): CodeIgniter\CodeIgniter->runController(Object(App\Controllers\ApiController))
 7 SYSTEMPATH\CodeIgniter.php(340): CodeIgniter\CodeIgniter->handleRequest(null, Object(Config\Cache), false)
 8 SYSTEMPATH\Boot.php(417): CodeIgniter\CodeIgniter->run()
 9 SYSTEMPATH\Boot.php(68): CodeIgniter\Boot::runCodeIgniter(Object(CodeIgniter\CodeIgniter))
10 FCPATH\index.php(54): CodeIgniter\Boot::bootWeb(Object(Config\Paths))
CRITICAL - 2026-05-06 14:05:49 --> ErrorException: Uncaught CodeIgniter\Format\Exceptions\FormatException: Failed to parse JSON string. Error: Malformed UTF-8 characters, possibly incorrectly encoded in C:\Users\pablo\OneDrive\Documentos\GitHub\JuseaRepository\vendor\codeigniter4\framework\system\Format\JSONFormatter.php:47
Stack trace:
#0 C:\Users\pablo\OneDrive\Documentos\GitHub\JuseaRepository\vendor\codeigniter4\framework\system\Format\JSONFormatter.php(47): CodeIgniter\Format\Exceptions\FormatException::forInvalidJSON('Malformed UTF-8...')
#1 C:\Users\pablo\OneDrive\Documentos\GitHub\JuseaRepository\vendor\codeigniter4\framework\system\API\ResponseTrait.php(352): CodeIgniter\Format\JSONFormatter->format(Array)
#2 C:\Users\pablo\OneDrive\Documentos\GitHub\JuseaRepository\vendor\codeigniter4\framework\system\API\ResponseTrait.php(111): CodeIgniter\Debug\ExceptionHandler->format(Array)
#3 C:\Users\pablo\OneDrive\Documentos\GitHub\JuseaRepository\vendor\codeigniter4\framework\system\Debug\ExceptionHandler.php(95): CodeIgniter\Debug\ExceptionHandler->respond(Array, 500)
#4 C:\Users\pablo\OneDrive\Documentos\GitHub\JuseaRepository\vendor\codeigniter4\framework\system\Debug\Exceptions.php(151): CodeIgniter\Debug\ExceptionHandler->handle(Object(CodeIgniter\Format\Exceptions\FormatException), Object(CodeIgniter\HTTP\IncomingRequest), Object(CodeIgniter\HTTP\Response), 500, 1)
#5 [internal function]: CodeIgniter\Debug\Exceptions->exceptionHandler(Object(CodeIgniter\Format\Exceptions\FormatException))
#6 {main}
  thrown
【Previous Exception】
CodeIgniter\Format\Exceptions\FormatException
Failed to parse JSON string. Error: Malformed UTF-8 characters, possibly incorrectly encoded
#0 C:\Users\pablo\OneDrive\Documentos\GitHub\JuseaRepository\vendor\codeigniter4\framework\system\Format\JSONFormatter.php(47): CodeIgniter\Format\Exceptions\FormatException::forInvalidJSON('Malformed UTF-8...')
#1 C:\Users\pablo\OneDrive\Documentos\GitHub\JuseaRepository\vendor\codeigniter4\framework\system\HTTP\ResponseTrait.php(252): CodeIgniter\Format\JSONFormatter->format(Array)
#2 C:\Users\pablo\OneDrive\Documentos\GitHub\JuseaRepository\vendor\codeigniter4\framework\system\HTTP\ResponseTrait.php(178): CodeIgniter\HTTP\Response->formatBody(Array, 'json')
#3 C:\Users\pablo\OneDrive\Documentos\GitHub\JuseaRepository\app\Controllers\ApiController.php(51): CodeIgniter\HTTP\Response->setJSON(Array)
#4 C:\Users\pablo\OneDrive\Documentos\GitHub\JuseaRepository\vendor\codeigniter4\framework\system\CodeIgniter.php(951): App\Controllers\ApiController->buscarPersonaPorApellido()
#5 C:\Users\pablo\OneDrive\Documentos\GitHub\JuseaRepository\vendor\codeigniter4\framework\system\CodeIgniter.php(497): CodeIgniter\CodeIgniter->runController(Object(App\Controllers\ApiController))
#6 C:\Users\pablo\OneDrive\Documentos\GitHub\JuseaRepository\vendor\codeigniter4\framework\system\CodeIgniter.php(340): CodeIgniter\CodeIgniter->handleRequest(NULL, Object(Config\Cache), false)
#7 C:\Users\pablo\OneDrive\Documentos\GitHub\JuseaRepository\vendor\codeigniter4\framework\system\Boot.php(417): CodeIgniter\CodeIgniter->run()
#8 C:\Users\pablo\OneDrive\Documentos\GitHub\JuseaRepository\vendor\codeigniter4\framework\system\Boot.php(68): CodeIgniter\Boot::runCodeIgniter(Object(CodeIgniter\CodeIgniter))
#9 C:\Users\pablo\OneDrive\Documentos\GitHub\JuseaRepository\public\index.php(54): CodeIgniter\Boot::bootWeb(Object(Config\Paths))
#10 {main}
[Method: GET, Route: api/persona/buscar-apellido]
in SYSTEMPATH\Format\JSONFormatter.php on line 47.
 1 [internal function]: CodeIgniter\Debug\Exceptions->shutdownHandler()
CRITICAL - 2026-05-06 14:08:56 --> CodeIgniter\Format\Exceptions\FormatException: Failed to parse JSON string. Error: Malformed UTF-8 characters, possibly incorrectly encoded
[Method: GET, Route: api/persona/buscar-apellido]
in SYSTEMPATH\Format\JSONFormatter.php on line 47.
 1 SYSTEMPATH\Format\JSONFormatter.php(47): CodeIgniter\Format\Exceptions\FormatException::forInvalidJSON('Malformed UTF-8 characters, possibly incorrectly encoded')
 2 SYSTEMPATH\HTTP\ResponseTrait.php(252): CodeIgniter\Format\JSONFormatter->format([...])
 3 SYSTEMPATH\HTTP\ResponseTrait.php(178): CodeIgniter\HTTP\Response->formatBody([...], 'json')
 4 APPPATH\Controllers\ApiController.php(51): CodeIgniter\HTTP\Response->setJSON([...])
 5 SYSTEMPATH\CodeIgniter.php(951): App\Controllers\ApiController->buscarPersonaPorApellido()
 6 SYSTEMPATH\CodeIgniter.php(497): CodeIgniter\CodeIgniter->runController(Object(App\Controllers\ApiController))
 7 SYSTEMPATH\CodeIgniter.php(340): CodeIgniter\CodeIgniter->handleRequest(null, Object(Config\Cache), false)
 8 SYSTEMPATH\Boot.php(417): CodeIgniter\CodeIgniter->run()
 9 SYSTEMPATH\Boot.php(68): CodeIgniter\Boot::runCodeIgniter(Object(CodeIgniter\CodeIgniter))
10 FCPATH\index.php(54): CodeIgniter\Boot::bootWeb(Object(Config\Paths))
CRITICAL - 2026-05-06 14:08:56 --> ErrorException: Uncaught CodeIgniter\Format\Exceptions\FormatException: Failed to parse JSON string. Error: Malformed UTF-8 characters, possibly incorrectly encoded in C:\Users\pablo\OneDrive\Documentos\GitHub\JuseaRepository\vendor\codeigniter4\framework\system\Format\JSONFormatter.php:47
Stack trace:
#0 C:\Users\pablo\OneDrive\Documentos\GitHub\JuseaRepository\vendor\codeigniter4\framework\system\Format\JSONFormatter.php(47): CodeIgniter\Format\Exceptions\FormatException::forInvalidJSON('Malformed UTF-8...')
#1 C:\Users\pablo\OneDrive\Documentos\GitHub\JuseaRepository\vendor\codeigniter4\framework\system\API\ResponseTrait.php(352): CodeIgniter\Format\JSONFormatter->format(Array)
#2 C:\Users\pablo\OneDrive\Documentos\GitHub\JuseaRepository\vendor\codeigniter4\framework\system\API\ResponseTrait.php(111): CodeIgniter\Debug\ExceptionHandler->format(Array)
#3 C:\Users\pablo\OneDrive\Documentos\GitHub\JuseaRepository\vendor\codeigniter4\framework\system\Debug\ExceptionHandler.php(95): CodeIgniter\Debug\ExceptionHandler->respond(Array, 500)
#4 C:\Users\pablo\OneDrive\Documentos\GitHub\JuseaRepository\vendor\codeigniter4\framework\system\Debug\Exceptions.php(151): CodeIgniter\Debug\ExceptionHandler->handle(Object(CodeIgniter\Format\Exceptions\FormatException), Object(CodeIgniter\HTTP\IncomingRequest), Object(CodeIgniter\HTTP\Response), 500, 1)
#5 [internal function]: CodeIgniter\Debug\Exceptions->exceptionHandler(Object(CodeIgniter\Format\Exceptions\FormatException))
#6 {main}
  thrown
【Previous Exception】
CodeIgniter\Format\Exceptions\FormatException
Failed to parse JSON string. Error: Malformed UTF-8 characters, possibly incorrectly encoded
#0 C:\Users\pablo\OneDrive\Documentos\GitHub\JuseaRepository\vendor\codeigniter4\framework\system\Format\JSONFormatter.php(47): CodeIgniter\Format\Exceptions\FormatException::forInvalidJSON('Malformed UTF-8...')
#1 C:\Users\pablo\OneDrive\Documentos\GitHub\JuseaRepository\vendor\codeigniter4\framework\system\HTTP\ResponseTrait.php(252): CodeIgniter\Format\JSONFormatter->format(Array)
#2 C:\Users\pablo\OneDrive\Documentos\GitHub\JuseaRepository\vendor\codeigniter4\framework\system\HTTP\ResponseTrait.php(178): CodeIgniter\HTTP\Response->formatBody(Array, 'json')
#3 C:\Users\pablo\OneDrive\Documentos\GitHub\JuseaRepository\app\Controllers\ApiController.php(51): CodeIgniter\HTTP\Response->setJSON(Array)
#4 C:\Users\pablo\OneDrive\Documentos\GitHub\JuseaRepository\vendor\codeigniter4\framework\system\CodeIgniter.php(951): App\Controllers\ApiController->buscarPersonaPorApellido()
#5 C:\Users\pablo\OneDrive\Documentos\GitHub\JuseaRepository\vendor\codeigniter4\framework\system\CodeIgniter.php(497): CodeIgniter\CodeIgniter->runController(Object(App\Controllers\ApiController))
#6 C:\Users\pablo\OneDrive\Documentos\GitHub\JuseaRepository\vendor\codeigniter4\framework\system\CodeIgniter.php(340): CodeIgniter\CodeIgniter->handleRequest(NULL, Object(Config\Cache), false)
#7 C:\Users\pablo\OneDrive\Documentos\GitHub\JuseaRepository\vendor\codeigniter4\framework\system\Boot.php(417): CodeIgniter\CodeIgniter->run()
#8 C:\Users\pablo\OneDrive\Documentos\GitHub\JuseaRepository\vendor\codeigniter4\framework\system\Boot.php(68): CodeIgniter\Boot::runCodeIgniter(Object(CodeIgniter\CodeIgniter))
#9 C:\Users\pablo\OneDrive\Documentos\GitHub\JuseaRepository\public\index.php(54): CodeIgniter\Boot::bootWeb(Object(Config\Paths))
#10 {main}
[Method: GET, Route: api/persona/buscar-apellido]
in SYSTEMPATH\Format\JSONFormatter.php on line 47.
 1 [internal function]: CodeIgniter\Debug\Exceptions->shutdownHandler()
CRITICAL - 2026-05-06 14:08:56 --> CodeIgniter\Format\Exceptions\FormatException: Failed to parse JSON string. Error: Malformed UTF-8 characters, possibly incorrectly encoded
[Method: GET, Route: api/persona/buscar-apellido]
in SYSTEMPATH\Format\JSONFormatter.php on line 47.
 1 SYSTEMPATH\Format\JSONFormatter.php(47): CodeIgniter\Format\Exceptions\FormatException::forInvalidJSON('Malformed UTF-8 characters, possibly incorrectly encoded')
 2 SYSTEMPATH\HTTP\ResponseTrait.php(252): CodeIgniter\Format\JSONFormatter->format([...])
 3 SYSTEMPATH\HTTP\ResponseTrait.php(178): CodeIgniter\HTTP\Response->formatBody([...], 'json')
 4 APPPATH\Controllers\ApiController.php(51): CodeIgniter\HTTP\Response->setJSON([...])
 5 SYSTEMPATH\CodeIgniter.php(951): App\Controllers\ApiController->buscarPersonaPorApellido()
 6 SYSTEMPATH\CodeIgniter.php(497): CodeIgniter\CodeIgniter->runController(Object(App\Controllers\ApiController))
 7 SYSTEMPATH\CodeIgniter.php(340): CodeIgniter\CodeIgniter->handleRequest(null, Object(Config\Cache), false)
 8 SYSTEMPATH\Boot.php(417): CodeIgniter\CodeIgniter->run()
 9 SYSTEMPATH\Boot.php(68): CodeIgniter\Boot::runCodeIgniter(Object(CodeIgniter\CodeIgniter))
10 FCPATH\index.php(54): CodeIgniter\Boot::bootWeb(Object(Config\Paths))
CRITICAL - 2026-05-06 14:08:56 --> ErrorException: Uncaught CodeIgniter\Format\Exceptions\FormatException: Failed to parse JSON string. Error: Malformed UTF-8 characters, possibly incorrectly encoded in C:\Users\pablo\OneDrive\Documentos\GitHub\JuseaRepository\vendor\codeigniter4\framework\system\Format\JSONFormatter.php:47
Stack trace:
#0 C:\Users\pablo\OneDrive\Documentos\GitHub\JuseaRepository\vendor\codeigniter4\framework\system\Format\JSONFormatter.php(47): CodeIgniter\Format\Exceptions\FormatException::forInvalidJSON('Malformed UTF-8...')
#1 C:\Users\pablo\OneDrive\Documentos\GitHub\JuseaRepository\vendor\codeigniter4\framework\system\API\ResponseTrait.php(352): CodeIgniter\Format\JSONFormatter->format(Array)
#2 C:\Users\pablo\OneDrive\Documentos\GitHub\JuseaRepository\vendor\codeigniter4\framework\system\API\ResponseTrait.php(111): CodeIgniter\Debug\ExceptionHandler->format(Array)
#3 C:\Users\pablo\OneDrive\Documentos\GitHub\JuseaRepository\vendor\codeigniter4\framework\system\Debug\ExceptionHandler.php(95): CodeIgniter\Debug\ExceptionHandler->respond(Array, 500)
#4 C:\Users\pablo\OneDrive\Documentos\GitHub\JuseaRepository\vendor\codeigniter4\framework\system\Debug\Exceptions.php(151): CodeIgniter\Debug\ExceptionHandler->handle(Object(CodeIgniter\Format\Exceptions\FormatException), Object(CodeIgniter\HTTP\IncomingRequest), Object(CodeIgniter\HTTP\Response), 500, 1)
#5 [internal function]: CodeIgniter\Debug\Exceptions->exceptionHandler(Object(CodeIgniter\Format\Exceptions\FormatException))
#6 {main}
  thrown
【Previous Exception】
CodeIgniter\Format\Exceptions\FormatException
Failed to parse JSON string. Error: Malformed UTF-8 characters, possibly incorrectly encoded
#0 C:\Users\pablo\OneDrive\Documentos\GitHub\JuseaRepository\vendor\codeigniter4\framework\system\Format\JSONFormatter.php(47): CodeIgniter\Format\Exceptions\FormatException::forInvalidJSON('Malformed UTF-8...')
#1 C:\Users\pablo\OneDrive\Documentos\GitHub\JuseaRepository\vendor\codeigniter4\framework\system\HTTP\ResponseTrait.php(252): CodeIgniter\Format\JSONFormatter->format(Array)
#2 C:\Users\pablo\OneDrive\Documentos\GitHub\JuseaRepository\vendor\codeigniter4\framework\system\HTTP\ResponseTrait.php(178): CodeIgniter\HTTP\Response->formatBody(Array, 'json')
#3 C:\Users\pablo\OneDrive\Documentos\GitHub\JuseaRepository\app\Controllers\ApiController.php(51): CodeIgniter\HTTP\Response->setJSON(Array)
#4 C:\Users\pablo\OneDrive\Documentos\GitHub\JuseaRepository\vendor\codeigniter4\framework\system\CodeIgniter.php(951): App\Controllers\ApiController->buscarPersonaPorApellido()
#5 C:\Users\pablo\OneDrive\Documentos\GitHub\JuseaRepository\vendor\codeigniter4\framework\system\CodeIgniter.php(497): CodeIgniter\CodeIgniter->runController(Object(App\Controllers\ApiController))
#6 C:\Users\pablo\OneDrive\Documentos\GitHub\JuseaRepository\vendor\codeigniter4\framework\system\CodeIgniter.php(340): CodeIgniter\CodeIgniter->handleRequest(NULL, Object(Config\Cache), false)
#7 C:\Users\pablo\OneDrive\Documentos\GitHub\JuseaRepository\vendor\codeigniter4\framework\system\Boot.php(417): CodeIgniter\CodeIgniter->run()
#8 C:\Users\pablo\OneDrive\Documentos\GitHub\JuseaRepository\vendor\codeigniter4\framework\system\Boot.php(68): CodeIgniter\Boot::runCodeIgniter(Object(CodeIgniter\CodeIgniter))
#9 C:\Users\pablo\OneDrive\Documentos\GitHub\JuseaRepository\public\index.php(54): CodeIgniter\Boot::bootWeb(Object(Config\Paths))
#10 {main}
[Method: GET, Route: api/persona/buscar-apellido]
in SYSTEMPATH\Format\JSONFormatter.php on line 47.
 1 [internal function]: CodeIgniter\Debug\Exceptions->shutdownHandler()
CRITICAL - 2026-05-06 14:08:56 --> CodeIgniter\Format\Exceptions\FormatException: Failed to parse JSON string. Error: Malformed UTF-8 characters, possibly incorrectly encoded
[Method: GET, Route: api/persona/buscar-apellido]
in SYSTEMPATH\Format\JSONFormatter.php on line 47.
 1 SYSTEMPATH\Format\JSONFormatter.php(47): CodeIgniter\Format\Exceptions\FormatException::forInvalidJSON('Malformed UTF-8 characters, possibly incorrectly encoded')
 2 SYSTEMPATH\HTTP\ResponseTrait.php(252): CodeIgniter\Format\JSONFormatter->format([...])
 3 SYSTEMPATH\HTTP\ResponseTrait.php(178): CodeIgniter\HTTP\Response->formatBody([...], 'json')
 4 APPPATH\Controllers\ApiController.php(51): CodeIgniter\HTTP\Response->setJSON([...])
 5 SYSTEMPATH\CodeIgniter.php(951): App\Controllers\ApiController->buscarPersonaPorApellido()
 6 SYSTEMPATH\CodeIgniter.php(497): CodeIgniter\CodeIgniter->runController(Object(App\Controllers\ApiController))
 7 SYSTEMPATH\CodeIgniter.php(340): CodeIgniter\CodeIgniter->handleRequest(null, Object(Config\Cache), false)
 8 SYSTEMPATH\Boot.php(417): CodeIgniter\CodeIgniter->run()
 9 SYSTEMPATH\Boot.php(68): CodeIgniter\Boot::runCodeIgniter(Object(CodeIgniter\CodeIgniter))
10 FCPATH\index.php(54): CodeIgniter\Boot::bootWeb(Object(Config\Paths))
CRITICAL - 2026-05-06 14:08:56 --> ErrorException: Uncaught CodeIgniter\Format\Exceptions\FormatException: Failed to parse JSON string. Error: Malformed UTF-8 characters, possibly incorrectly encoded in C:\Users\pablo\OneDrive\Documentos\GitHub\JuseaRepository\vendor\codeigniter4\framework\system\Format\JSONFormatter.php:47
Stack trace:
#0 C:\Users\pablo\OneDrive\Documentos\GitHub\JuseaRepository\vendor\codeigniter4\framework\system\Format\JSONFormatter.php(47): CodeIgniter\Format\Exceptions\FormatException::forInvalidJSON('Malformed UTF-8...')
#1 C:\Users\pablo\OneDrive\Documentos\GitHub\JuseaRepository\vendor\codeigniter4\framework\system\API\ResponseTrait.php(352): CodeIgniter\Format\JSONFormatter->format(Array)
#2 C:\Users\pablo\OneDrive\Documentos\GitHub\JuseaRepository\vendor\codeigniter4\framework\system\API\ResponseTrait.php(111): CodeIgniter\Debug\ExceptionHandler->format(Array)
#3 C:\Users\pablo\OneDrive\Documentos\GitHub\JuseaRepository\vendor\codeigniter4\framework\system\Debug\ExceptionHandler.php(95): CodeIgniter\Debug\ExceptionHandler->respond(Array, 500)
#4 C:\Users\pablo\OneDrive\Documentos\GitHub\JuseaRepository\vendor\codeigniter4\framework\system\Debug\Exceptions.php(151): CodeIgniter\Debug\ExceptionHandler->handle(Object(CodeIgniter\Format\Exceptions\FormatException), Object(CodeIgniter\HTTP\IncomingRequest), Object(CodeIgniter\HTTP\Response), 500, 1)
#5 [internal function]: CodeIgniter\Debug\Exceptions->exceptionHandler(Object(CodeIgniter\Format\Exceptions\FormatException))
#6 {main}
  thrown
【Previous Exception】
CodeIgniter\Format\Exceptions\FormatException
Failed to parse JSON string. Error: Malformed UTF-8 characters, possibly incorrectly encoded
#0 C:\Users\pablo\OneDrive\Documentos\GitHub\JuseaRepository\vendor\codeigniter4\framework\system\Format\JSONFormatter.php(47): CodeIgniter\Format\Exceptions\FormatException::forInvalidJSON('Malformed UTF-8...')
#1 C:\Users\pablo\OneDrive\Documentos\GitHub\JuseaRepository\vendor\codeigniter4\framework\system\HTTP\ResponseTrait.php(252): CodeIgniter\Format\JSONFormatter->format(Array)
#2 C:\Users\pablo\OneDrive\Documentos\GitHub\JuseaRepository\vendor\codeigniter4\framework\system\HTTP\ResponseTrait.php(178): CodeIgniter\HTTP\Response->formatBody(Array, 'json')
#3 C:\Users\pablo\OneDrive\Documentos\GitHub\JuseaRepository\app\Controllers\ApiController.php(51): CodeIgniter\HTTP\Response->setJSON(Array)
#4 C:\Users\pablo\OneDrive\Documentos\GitHub\JuseaRepository\vendor\codeigniter4\framework\system\CodeIgniter.php(951): App\Controllers\ApiController->buscarPersonaPorApellido()
#5 C:\Users\pablo\OneDrive\Documentos\GitHub\JuseaRepository\vendor\codeigniter4\framework\system\CodeIgniter.php(497): CodeIgniter\CodeIgniter->runController(Object(App\Controllers\ApiController))
#6 C:\Users\pablo\OneDrive\Documentos\GitHub\JuseaRepository\vendor\codeigniter4\framework\system\CodeIgniter.php(340): CodeIgniter\CodeIgniter->handleRequest(NULL, Object(Config\Cache), false)
#7 C:\Users\pablo\OneDrive\Documentos\GitHub\JuseaRepository\vendor\codeigniter4\framework\system\Boot.php(417): CodeIgniter\CodeIgniter->run()
#8 C:\Users\pablo\OneDrive\Documentos\GitHub\JuseaRepository\vendor\codeigniter4\framework\system\Boot.php(68): CodeIgniter\Boot::runCodeIgniter(Object(CodeIgniter\CodeIgniter))
#9 C:\Users\pablo\OneDrive\Documentos\GitHub\JuseaRepository\public\index.php(54): CodeIgniter\Boot::bootWeb(Object(Config\Paths))
#10 {main}
[Method: GET, Route: api/persona/buscar-apellido]
in SYSTEMPATH\Format\JSONFormatter.php on line 47.
 1 [internal function]: CodeIgniter\Debug\Exceptions->shutdownHandler()
CRITICAL - 2026-05-06 14:09:00 --> CodeIgniter\Format\Exceptions\FormatException: Failed to parse JSON string. Error: Malformed UTF-8 characters, possibly incorrectly encoded
[Method: GET, Route: api/persona/buscar-apellido]
in SYSTEMPATH\Format\JSONFormatter.php on line 47.
 1 SYSTEMPATH\Format\JSONFormatter.php(47): CodeIgniter\Format\Exceptions\FormatException::forInvalidJSON('Malformed UTF-8 characters, possibly incorrectly encoded')
 2 SYSTEMPATH\HTTP\ResponseTrait.php(252): CodeIgniter\Format\JSONFormatter->format([...])
 3 SYSTEMPATH\HTTP\ResponseTrait.php(178): CodeIgniter\HTTP\Response->formatBody([...], 'json')
 4 APPPATH\Controllers\ApiController.php(51): CodeIgniter\HTTP\Response->setJSON([...])
 5 SYSTEMPATH\CodeIgniter.php(951): App\Controllers\ApiController->buscarPersonaPorApellido()
 6 SYSTEMPATH\CodeIgniter.php(497): CodeIgniter\CodeIgniter->runController(Object(App\Controllers\ApiController))
 7 SYSTEMPATH\CodeIgniter.php(340): CodeIgniter\CodeIgniter->handleRequest(null, Object(Config\Cache), false)
 8 SYSTEMPATH\Boot.php(417): CodeIgniter\CodeIgniter->run()
 9 SYSTEMPATH\Boot.php(68): CodeIgniter\Boot::runCodeIgniter(Object(CodeIgniter\CodeIgniter))
10 FCPATH\index.php(54): CodeIgniter\Boot::bootWeb(Object(Config\Paths))
CRITICAL - 2026-05-06 14:09:00 --> ErrorException: Uncaught CodeIgniter\Format\Exceptions\FormatException: Failed to parse JSON string. Error: Malformed UTF-8 characters, possibly incorrectly encoded in C:\Users\pablo\OneDrive\Documentos\GitHub\JuseaRepository\vendor\codeigniter4\framework\system\Format\JSONFormatter.php:47
Stack trace:
#0 C:\Users\pablo\OneDrive\Documentos\GitHub\JuseaRepository\vendor\codeigniter4\framework\system\Format\JSONFormatter.php(47): CodeIgniter\Format\Exceptions\FormatException::forInvalidJSON('Malformed UTF-8...')
#1 C:\Users\pablo\OneDrive\Documentos\GitHub\JuseaRepository\vendor\codeigniter4\framework\system\API\ResponseTrait.php(352): CodeIgniter\Format\JSONFormatter->format(Array)
#2 C:\Users\pablo\OneDrive\Documentos\GitHub\JuseaRepository\vendor\codeigniter4\framework\system\API\ResponseTrait.php(111): CodeIgniter\Debug\ExceptionHandler->format(Array)
#3 C:\Users\pablo\OneDrive\Documentos\GitHub\JuseaRepository\vendor\codeigniter4\framework\system\Debug\ExceptionHandler.php(95): CodeIgniter\Debug\ExceptionHandler->respond(Array, 500)
#4 C:\Users\pablo\OneDrive\Documentos\GitHub\JuseaRepository\vendor\codeigniter4\framework\system\Debug\Exceptions.php(151): CodeIgniter\Debug\ExceptionHandler->handle(Object(CodeIgniter\Format\Exceptions\FormatException), Object(CodeIgniter\HTTP\IncomingRequest), Object(CodeIgniter\HTTP\Response), 500, 1)
#5 [internal function]: CodeIgniter\Debug\Exceptions->exceptionHandler(Object(CodeIgniter\Format\Exceptions\FormatException))
#6 {main}
  thrown
【Previous Exception】
CodeIgniter\Format\Exceptions\FormatException
Failed to parse JSON string. Error: Malformed UTF-8 characters, possibly incorrectly encoded
#0 C:\Users\pablo\OneDrive\Documentos\GitHub\JuseaRepository\vendor\codeigniter4\framework\system\Format\JSONFormatter.php(47): CodeIgniter\Format\Exceptions\FormatException::forInvalidJSON('Malformed UTF-8...')
#1 C:\Users\pablo\OneDrive\Documentos\GitHub\JuseaRepository\vendor\codeigniter4\framework\system\HTTP\ResponseTrait.php(252): CodeIgniter\Format\JSONFormatter->format(Array)
#2 C:\Users\pablo\OneDrive\Documentos\GitHub\JuseaRepository\vendor\codeigniter4\framework\system\HTTP\ResponseTrait.php(178): CodeIgniter\HTTP\Response->formatBody(Array, 'json')
#3 C:\Users\pablo\OneDrive\Documentos\GitHub\JuseaRepository\app\Controllers\ApiController.php(51): CodeIgniter\HTTP\Response->setJSON(Array)
#4 C:\Users\pablo\OneDrive\Documentos\GitHub\JuseaRepository\vendor\codeigniter4\framework\system\CodeIgniter.php(951): App\Controllers\ApiController->buscarPersonaPorApellido()
#5 C:\Users\pablo\OneDrive\Documentos\GitHub\JuseaRepository\vendor\codeigniter4\framework\system\CodeIgniter.php(497): CodeIgniter\CodeIgniter->runController(Object(App\Controllers\ApiController))
#6 C:\Users\pablo\OneDrive\Documentos\GitHub\JuseaRepository\vendor\codeigniter4\framework\system\CodeIgniter.php(340): CodeIgniter\CodeIgniter->handleRequest(NULL, Object(Config\Cache), false)
#7 C:\Users\pablo\OneDrive\Documentos\GitHub\JuseaRepository\vendor\codeigniter4\framework\system\Boot.php(417): CodeIgniter\CodeIgniter->run()
#8 C:\Users\pablo\OneDrive\Documentos\GitHub\JuseaRepository\vendor\codeigniter4\framework\system\Boot.php(68): CodeIgniter\Boot::runCodeIgniter(Object(CodeIgniter\CodeIgniter))
#9 C:\Users\pablo\OneDrive\Documentos\GitHub\JuseaRepository\public\index.php(54): CodeIgniter\Boot::bootWeb(Object(Config\Paths))
#10 {main}
[Method: GET, Route: api/persona/buscar-apellido]
in SYSTEMPATH\Format\JSONFormatter.php on line 47.
 1 [internal function]: CodeIgniter\Debug\Exceptions->shutdownHandler()
CRITICAL - 2026-05-06 14:09:00 --> CodeIgniter\Format\Exceptions\FormatException: Failed to parse JSON string. Error: Malformed UTF-8 characters, possibly incorrectly encoded
[Method: GET, Route: api/persona/buscar-apellido]
in SYSTEMPATH\Format\JSONFormatter.php on line 47.
 1 SYSTEMPATH\Format\JSONFormatter.php(47): CodeIgniter\Format\Exceptions\FormatException::forInvalidJSON('Malformed UTF-8 characters, possibly incorrectly encoded')
 2 SYSTEMPATH\HTTP\ResponseTrait.php(252): CodeIgniter\Format\JSONFormatter->format([...])
 3 SYSTEMPATH\HTTP\ResponseTrait.php(178): CodeIgniter\HTTP\Response->formatBody([...], 'json')
 4 APPPATH\Controllers\ApiController.php(51): CodeIgniter\HTTP\Response->setJSON([...])
 5 SYSTEMPATH\CodeIgniter.php(951): App\Controllers\ApiController->buscarPersonaPorApellido()
 6 SYSTEMPATH\CodeIgniter.php(497): CodeIgniter\CodeIgniter->runController(Object(App\Controllers\ApiController))
 7 SYSTEMPATH\CodeIgniter.php(340): CodeIgniter\CodeIgniter->handleRequest(null, Object(Config\Cache), false)
 8 SYSTEMPATH\Boot.php(417): CodeIgniter\CodeIgniter->run()
 9 SYSTEMPATH\Boot.php(68): CodeIgniter\Boot::runCodeIgniter(Object(CodeIgniter\CodeIgniter))
10 FCPATH\index.php(54): CodeIgniter\Boot::bootWeb(Object(Config\Paths))
CRITICAL - 2026-05-06 14:09:00 --> ErrorException: Uncaught CodeIgniter\Format\Exceptions\FormatException: Failed to parse JSON string. Error: Malformed UTF-8 characters, possibly incorrectly encoded in C:\Users\pablo\OneDrive\Documentos\GitHub\JuseaRepository\vendor\codeigniter4\framework\system\Format\JSONFormatter.php:47
Stack trace:
#0 C:\Users\pablo\OneDrive\Documentos\GitHub\JuseaRepository\vendor\codeigniter4\framework\system\Format\JSONFormatter.php(47): CodeIgniter\Format\Exceptions\FormatException::forInvalidJSON('Malformed UTF-8...')
#1 C:\Users\pablo\OneDrive\Documentos\GitHub\JuseaRepository\vendor\codeigniter4\framework\system\API\ResponseTrait.php(352): CodeIgniter\Format\JSONFormatter->format(Array)
#2 C:\Users\pablo\OneDrive\Documentos\GitHub\JuseaRepository\vendor\codeigniter4\framework\system\API\ResponseTrait.php(111): CodeIgniter\Debug\ExceptionHandler->format(Array)
#3 C:\Users\pablo\OneDrive\Documentos\GitHub\JuseaRepository\vendor\codeigniter4\framework\system\Debug\ExceptionHandler.php(95): CodeIgniter\Debug\ExceptionHandler->respond(Array, 500)
#4 C:\Users\pablo\OneDrive\Documentos\GitHub\JuseaRepository\vendor\codeigniter4\framework\system\Debug\Exceptions.php(151): CodeIgniter\Debug\ExceptionHandler->handle(Object(CodeIgniter\Format\Exceptions\FormatException), Object(CodeIgniter\HTTP\IncomingRequest), Object(CodeIgniter\HTTP\Response), 500, 1)
#5 [internal function]: CodeIgniter\Debug\Exceptions->exceptionHandler(Object(CodeIgniter\Format\Exceptions\FormatException))
#6 {main}
  thrown
【Previous Exception】
CodeIgniter\Format\Exceptions\FormatException
Failed to parse JSON string. Error: Malformed UTF-8 characters, possibly incorrectly encoded
#0 C:\Users\pablo\OneDrive\Documentos\GitHub\JuseaRepository\vendor\codeigniter4\framework\system\Format\JSONFormatter.php(47): CodeIgniter\Format\Exceptions\FormatException::forInvalidJSON('Malformed UTF-8...')
#1 C:\Users\pablo\OneDrive\Documentos\GitHub\JuseaRepository\vendor\codeigniter4\framework\system\HTTP\ResponseTrait.php(252): CodeIgniter\Format\JSONFormatter->format(Array)
#2 C:\Users\pablo\OneDrive\Documentos\GitHub\JuseaRepository\vendor\codeigniter4\framework\system\HTTP\ResponseTrait.php(178): CodeIgniter\HTTP\Response->formatBody(Array, 'json')
#3 C:\Users\pablo\OneDrive\Documentos\GitHub\JuseaRepository\app\Controllers\ApiController.php(51): CodeIgniter\HTTP\Response->setJSON(Array)
#4 C:\Users\pablo\OneDrive\Documentos\GitHub\JuseaRepository\vendor\codeigniter4\framework\system\CodeIgniter.php(951): App\Controllers\ApiController->buscarPersonaPorApellido()
#5 C:\Users\pablo\OneDrive\Documentos\GitHub\JuseaRepository\vendor\codeigniter4\framework\system\CodeIgniter.php(497): CodeIgniter\CodeIgniter->runController(Object(App\Controllers\ApiController))
#6 C:\Users\pablo\OneDrive\Documentos\GitHub\JuseaRepository\vendor\codeigniter4\framework\system\CodeIgniter.php(340): CodeIgniter\CodeIgniter->handleRequest(NULL, Object(Config\Cache), false)
#7 C:\Users\pablo\OneDrive\Documentos\GitHub\JuseaRepository\vendor\codeigniter4\framework\system\Boot.php(417): CodeIgniter\CodeIgniter->run()
#8 C:\Users\pablo\OneDrive\Documentos\GitHub\JuseaRepository\vendor\codeigniter4\framework\system\Boot.php(68): CodeIgniter\Boot::runCodeIgniter(Object(CodeIgniter\CodeIgniter))
#9 C:\Users\pablo\OneDrive\Documentos\GitHub\JuseaRepository\public\index.php(54): CodeIgniter\Boot::bootWeb(Object(Config\Paths))
#10 {main}
[Method: GET, Route: api/persona/buscar-apellido]
in SYSTEMPATH\Format\JSONFormatter.php on line 47.
 1 [internal function]: CodeIgniter\Debug\Exceptions->shutdownHandler()
CRITICAL - 2026-05-06 14:09:00 --> CodeIgniter\Format\Exceptions\FormatException: Failed to parse JSON string. Error: Malformed UTF-8 characters, possibly incorrectly encoded
[Method: GET, Route: api/persona/buscar-apellido]
in SYSTEMPATH\Format\JSONFormatter.php on line 47.
 1 SYSTEMPATH\Format\JSONFormatter.php(47): CodeIgniter\Format\Exceptions\FormatException::forInvalidJSON('Malformed UTF-8 characters, possibly incorrectly encoded')
 2 SYSTEMPATH\HTTP\ResponseTrait.php(252): CodeIgniter\Format\JSONFormatter->format([...])
 3 SYSTEMPATH\HTTP\ResponseTrait.php(178): CodeIgniter\HTTP\Response->formatBody([...], 'json')
 4 APPPATH\Controllers\ApiController.php(51): CodeIgniter\HTTP\Response->setJSON([...])
 5 SYSTEMPATH\CodeIgniter.php(951): App\Controllers\ApiController->buscarPersonaPorApellido()
 6 SYSTEMPATH\CodeIgniter.php(497): CodeIgniter\CodeIgniter->runController(Object(App\Controllers\ApiController))
 7 SYSTEMPATH\CodeIgniter.php(340): CodeIgniter\CodeIgniter->handleRequest(null, Object(Config\Cache), false)
 8 SYSTEMPATH\Boot.php(417): CodeIgniter\CodeIgniter->run()
 9 SYSTEMPATH\Boot.php(68): CodeIgniter\Boot::runCodeIgniter(Object(CodeIgniter\CodeIgniter))
10 FCPATH\index.php(54): CodeIgniter\Boot::bootWeb(Object(Config\Paths))
CRITICAL - 2026-05-06 14:09:00 --> ErrorException: Uncaught CodeIgniter\Format\Exceptions\FormatException: Failed to parse JSON string. Error: Malformed UTF-8 characters, possibly incorrectly encoded in C:\Users\pablo\OneDrive\Documentos\GitHub\JuseaRepository\vendor\codeigniter4\framework\system\Format\JSONFormatter.php:47
Stack trace:
#0 C:\Users\pablo\OneDrive\Documentos\GitHub\JuseaRepository\vendor\codeigniter4\framework\system\Format\JSONFormatter.php(47): CodeIgniter\Format\Exceptions\FormatException::forInvalidJSON('Malformed UTF-8...')
#1 C:\Users\pablo\OneDrive\Documentos\GitHub\JuseaRepository\vendor\codeigniter4\framework\system\API\ResponseTrait.php(352): CodeIgniter\Format\JSONFormatter->format(Array)
#2 C:\Users\pablo\OneDrive\Documentos\GitHub\JuseaRepository\vendor\codeigniter4\framework\system\API\ResponseTrait.php(111): CodeIgniter\Debug\ExceptionHandler->format(Array)
#3 C:\Users\pablo\OneDrive\Documentos\GitHub\JuseaRepository\vendor\codeigniter4\framework\system\Debug\ExceptionHandler.php(95): CodeIgniter\Debug\ExceptionHandler->respond(Array, 500)
#4 C:\Users\pablo\OneDrive\Documentos\GitHub\JuseaRepository\vendor\codeigniter4\framework\system\Debug\Exceptions.php(151): CodeIgniter\Debug\ExceptionHandler->handle(Object(CodeIgniter\Format\Exceptions\FormatException), Object(CodeIgniter\HTTP\IncomingRequest), Object(CodeIgniter\HTTP\Response), 500, 1)
#5 [internal function]: CodeIgniter\Debug\Exceptions->exceptionHandler(Object(CodeIgniter\Format\Exceptions\FormatException))
#6 {main}
  thrown
【Previous Exception】
CodeIgniter\Format\Exceptions\FormatException
Failed to parse JSON string. Error: Malformed UTF-8 characters, possibly incorrectly encoded
#0 C:\Users\pablo\OneDrive\Documentos\GitHub\JuseaRepository\vendor\codeigniter4\framework\system\Format\JSONFormatter.php(47): CodeIgniter\Format\Exceptions\FormatException::forInvalidJSON('Malformed UTF-8...')
#1 C:\Users\pablo\OneDrive\Documentos\GitHub\JuseaRepository\vendor\codeigniter4\framework\system\HTTP\ResponseTrait.php(252): CodeIgniter\Format\JSONFormatter->format(Array)
#2 C:\Users\pablo\OneDrive\Documentos\GitHub\JuseaRepository\vendor\codeigniter4\framework\system\HTTP\ResponseTrait.php(178): CodeIgniter\HTTP\Response->formatBody(Array, 'json')
#3 C:\Users\pablo\OneDrive\Documentos\GitHub\JuseaRepository\app\Controllers\ApiController.php(51): CodeIgniter\HTTP\Response->setJSON(Array)
#4 C:\Users\pablo\OneDrive\Documentos\GitHub\JuseaRepository\vendor\codeigniter4\framework\system\CodeIgniter.php(951): App\Controllers\ApiController->buscarPersonaPorApellido()
#5 C:\Users\pablo\OneDrive\Documentos\GitHub\JuseaRepository\vendor\codeigniter4\framework\system\CodeIgniter.php(497): CodeIgniter\CodeIgniter->runController(Object(App\Controllers\ApiController))
#6 C:\Users\pablo\OneDrive\Documentos\GitHub\JuseaRepository\vendor\codeigniter4\framework\system\CodeIgniter.php(340): CodeIgniter\CodeIgniter->handleRequest(NULL, Object(Config\Cache), false)
#7 C:\Users\pablo\OneDrive\Documentos\GitHub\JuseaRepository\vendor\codeigniter4\framework\system\Boot.php(417): CodeIgniter\CodeIgniter->run()
#8 C:\Users\pablo\OneDrive\Documentos\GitHub\JuseaRepository\vendor\codeigniter4\framework\system\Boot.php(68): CodeIgniter\Boot::runCodeIgniter(Object(CodeIgniter\CodeIgniter))
#9 C:\Users\pablo\OneDrive\Documentos\GitHub\JuseaRepository\public\index.php(54): CodeIgniter\Boot::bootWeb(Object(Config\Paths))
#10 {main}
[Method: GET, Route: api/persona/buscar-apellido]
in SYSTEMPATH\Format\JSONFormatter.php on line 47.
 1 [internal function]: CodeIgniter\Debug\Exceptions->shutdownHandler()
CRITICAL - 2026-05-06 14:09:00 --> CodeIgniter\Format\Exceptions\FormatException: Failed to parse JSON string. Error: Malformed UTF-8 characters, possibly incorrectly encoded
[Method: GET, Route: api/persona/buscar-apellido]
in SYSTEMPATH\Format\JSONFormatter.php on line 47.
 1 SYSTEMPATH\Format\JSONFormatter.php(47): CodeIgniter\Format\Exceptions\FormatException::forInvalidJSON('Malformed UTF-8 characters, possibly incorrectly encoded')
 2 SYSTEMPATH\HTTP\ResponseTrait.php(252): CodeIgniter\Format\JSONFormatter->format([...])
 3 SYSTEMPATH\HTTP\ResponseTrait.php(178): CodeIgniter\HTTP\Response->formatBody([...], 'json')
 4 APPPATH\Controllers\ApiController.php(51): CodeIgniter\HTTP\Response->setJSON([...])
 5 SYSTEMPATH\CodeIgniter.php(951): App\Controllers\ApiController->buscarPersonaPorApellido()
 6 SYSTEMPATH\CodeIgniter.php(497): CodeIgniter\CodeIgniter->runController(Object(App\Controllers\ApiController))
 7 SYSTEMPATH\CodeIgniter.php(340): CodeIgniter\CodeIgniter->handleRequest(null, Object(Config\Cache), false)
 8 SYSTEMPATH\Boot.php(417): CodeIgniter\CodeIgniter->run()
 9 SYSTEMPATH\Boot.php(68): CodeIgniter\Boot::runCodeIgniter(Object(CodeIgniter\CodeIgniter))
10 FCPATH\index.php(54): CodeIgniter\Boot::bootWeb(Object(Config\Paths))
CRITICAL - 2026-05-06 14:09:00 --> ErrorException: Uncaught CodeIgniter\Format\Exceptions\FormatException: Failed to parse JSON string. Error: Malformed UTF-8 characters, possibly incorrectly encoded in C:\Users\pablo\OneDrive\Documentos\GitHub\JuseaRepository\vendor\codeigniter4\framework\system\Format\JSONFormatter.php:47
Stack trace:
#0 C:\Users\pablo\OneDrive\Documentos\GitHub\JuseaRepository\vendor\codeigniter4\framework\system\Format\JSONFormatter.php(47): CodeIgniter\Format\Exceptions\FormatException::forInvalidJSON('Malformed UTF-8...')
#1 C:\Users\pablo\OneDrive\Documentos\GitHub\JuseaRepository\vendor\codeigniter4\framework\system\API\ResponseTrait.php(352): CodeIgniter\Format\JSONFormatter->format(Array)
#2 C:\Users\pablo\OneDrive\Documentos\GitHub\JuseaRepository\vendor\codeigniter4\framework\system\API\ResponseTrait.php(111): CodeIgniter\Debug\ExceptionHandler->format(Array)
#3 C:\Users\pablo\OneDrive\Documentos\GitHub\JuseaRepository\vendor\codeigniter4\framework\system\Debug\ExceptionHandler.php(95): CodeIgniter\Debug\ExceptionHandler->respond(Array, 500)
#4 C:\Users\pablo\OneDrive\Documentos\GitHub\JuseaRepository\vendor\codeigniter4\framework\system\Debug\Exceptions.php(151): CodeIgniter\Debug\ExceptionHandler->handle(Object(CodeIgniter\Format\Exceptions\FormatException), Object(CodeIgniter\HTTP\IncomingRequest), Object(CodeIgniter\HTTP\Response), 500, 1)
#5 [internal function]: CodeIgniter\Debug\Exceptions->exceptionHandler(Object(CodeIgniter\Format\Exceptions\FormatException))
#6 {main}
  thrown
【Previous Exception】
CodeIgniter\Format\Exceptions\FormatException
Failed to parse JSON string. Error: Malformed UTF-8 characters, possibly incorrectly encoded
#0 C:\Users\pablo\OneDrive\Documentos\GitHub\JuseaRepository\vendor\codeigniter4\framework\system\Format\JSONFormatter.php(47): CodeIgniter\Format\Exceptions\FormatException::forInvalidJSON('Malformed UTF-8...')
#1 C:\Users\pablo\OneDrive\Documentos\GitHub\JuseaRepository\vendor\codeigniter4\framework\system\HTTP\ResponseTrait.php(252): CodeIgniter\Format\JSONFormatter->format(Array)
#2 C:\Users\pablo\OneDrive\Documentos\GitHub\JuseaRepository\vendor\codeigniter4\framework\system\HTTP\ResponseTrait.php(178): CodeIgniter\HTTP\Response->formatBody(Array, 'json')
#3 C:\Users\pablo\OneDrive\Documentos\GitHub\JuseaRepository\app\Controllers\ApiController.php(51): CodeIgniter\HTTP\Response->setJSON(Array)
#4 C:\Users\pablo\OneDrive\Documentos\GitHub\JuseaRepository\vendor\codeigniter4\framework\system\CodeIgniter.php(951): App\Controllers\ApiController->buscarPersonaPorApellido()
#5 C:\Users\pablo\OneDrive\Documentos\GitHub\JuseaRepository\vendor\codeigniter4\framework\system\CodeIgniter.php(497): CodeIgniter\CodeIgniter->runController(Object(App\Controllers\ApiController))
#6 C:\Users\pablo\OneDrive\Documentos\GitHub\JuseaRepository\vendor\codeigniter4\framework\system\CodeIgniter.php(340): CodeIgniter\CodeIgniter->handleRequest(NULL, Object(Config\Cache), false)
#7 C:\Users\pablo\OneDrive\Documentos\GitHub\JuseaRepository\vendor\codeigniter4\framework\system\Boot.php(417): CodeIgniter\CodeIgniter->run()
#8 C:\Users\pablo\OneDrive\Documentos\GitHub\JuseaRepository\vendor\codeigniter4\framework\system\Boot.php(68): CodeIgniter\Boot::runCodeIgniter(Object(CodeIgniter\CodeIgniter))
#9 C:\Users\pablo\OneDrive\Documentos\GitHub\JuseaRepository\public\index.php(54): CodeIgniter\Boot::bootWeb(Object(Config\Paths))
#10 {main}
[Method: GET, Route: api/persona/buscar-apellido]
in SYSTEMPATH\Format\JSONFormatter.php on line 47.
 1 [internal function]: CodeIgniter\Debug\Exceptions->shutdownHandler()
ERROR - 2026-05-06 14:10:16 --> [Microsoft][ODBC Driver 17 for SQL Server][SQL Server]Invalid object name 'Partes.dbo.documentos_generados'. SQLSTATE: 42S02, code: 208
in SYSTEMPATH\Database\BaseConnection.php on line 910.
 1 SYSTEMPATH\Database\BaseConnection.php(827): CodeIgniter\Database\BaseConnection->simpleQuery('INSERT INTO "Partes"."dbo"."documentos_generados" ("tipo_documento","referencia_id","formato","nombre_archivo","generado_por") VALUES (\'sancion_cuadros\', 0, \'pdf\', \'Sancion_cadetes_32531437.pdf\', \'32630429\')')
 2 SYSTEMPATH\Database\BaseBuilder.php(2345): CodeIgniter\Database\BaseConnection->query('INSERT INTO "Partes"."dbo"."documentos_generados" ("tipo_documento","referencia_id","formato","nombre_archivo","generado_por") VALUES (:tipo_documento:, :referencia_id:, :formato:, :nombre_archivo:, :generado_por:)', [...], false)
 3 APPPATH\Libraries\DocumentGenerator.php(1443): CodeIgniter\Database\BaseBuilder->insert([...])
 4 APPPATH\Libraries\DocumentGenerator.php(1422): App\Libraries\DocumentGenerator->registrarDocumento('Sancion_cadetes_32531437.pdf', 'pdf')
 5 APPPATH\Libraries\DocumentGenerator.php(699): App\Libraries\DocumentGenerator->descargarPDF(Object(TCPDF), 'Sancion_cadetes_32531437')
 6 APPPATH\Libraries\DocumentGenerator.php(52): App\Libraries\DocumentGenerator->generarSancionPDF([...], Object(stdClass), 'cadetes')
 7 APPPATH\Controllers\SancionController.php(170): App\Libraries\DocumentGenerator->generarSancion([...], Object(stdClass), 'cadetes', 'pdf')
 8 APPPATH\Controllers\SancionController.php(140): App\Controllers\SancionController->generarDocumento(3, 'cadetes', 'pdf')
 9 SYSTEMPATH\CodeIgniter.php(951): App\Controllers\SancionController->descargarCadetes(3, 'pdf')
10 SYSTEMPATH\CodeIgniter.php(497): CodeIgniter\CodeIgniter->runController(Object(App\Controllers\SancionController))
11 SYSTEMPATH\CodeIgniter.php(340): CodeIgniter\CodeIgniter->handleRequest(null, Object(Config\Cache), false)
12 SYSTEMPATH\Boot.php(417): CodeIgniter\CodeIgniter->run()
13 SYSTEMPATH\Boot.php(68): CodeIgniter\Boot::runCodeIgniter(Object(CodeIgniter\CodeIgniter))
14 FCPATH\index.php(54): CodeIgniter\Boot::bootWeb(Object(Config\Paths))
ERROR - 2026-05-06 14:10:48 --> [Microsoft][ODBC Driver 17 for SQL Server][SQL Server]Invalid object name 'Partes.dbo.documentos_generados'. SQLSTATE: 42S02, code: 208
in SYSTEMPATH\Database\BaseConnection.php on line 910.
 1 SYSTEMPATH\Database\BaseConnection.php(827): CodeIgniter\Database\BaseConnection->simpleQuery('INSERT INTO "Partes"."dbo"."documentos_generados" ("tipo_documento","referencia_id","formato","nombre_archivo","generado_por") VALUES (\'sancion_cuadros\', 0, \'pdf\', \'Sancion_cadetes_32531437.pdf\', \'32630429\')')
 2 SYSTEMPATH\Database\BaseBuilder.php(2345): CodeIgniter\Database\BaseConnection->query('INSERT INTO "Partes"."dbo"."documentos_generados" ("tipo_documento","referencia_id","formato","nombre_archivo","generado_por") VALUES (:tipo_documento:, :referencia_id:, :formato:, :nombre_archivo:, :generado_por:)', [...], false)
 3 APPPATH\Libraries\DocumentGenerator.php(1443): CodeIgniter\Database\BaseBuilder->insert([...])
 4 APPPATH\Libraries\DocumentGenerator.php(1422): App\Libraries\DocumentGenerator->registrarDocumento('Sancion_cadetes_32531437.pdf', 'pdf')
 5 APPPATH\Libraries\DocumentGenerator.php(699): App\Libraries\DocumentGenerator->descargarPDF(Object(TCPDF), 'Sancion_cadetes_32531437')
 6 APPPATH\Libraries\DocumentGenerator.php(52): App\Libraries\DocumentGenerator->generarSancionPDF([...], Object(stdClass), 'cadetes')
 7 APPPATH\Controllers\SancionController.php(170): App\Libraries\DocumentGenerator->generarSancion([...], Object(stdClass), 'cadetes', 'pdf')
 8 APPPATH\Controllers\SancionController.php(140): App\Controllers\SancionController->generarDocumento(3, 'cadetes', 'pdf')
 9 SYSTEMPATH\CodeIgniter.php(951): App\Controllers\SancionController->descargarCadetes(3, 'pdf')
10 SYSTEMPATH\CodeIgniter.php(497): CodeIgniter\CodeIgniter->runController(Object(App\Controllers\SancionController))
11 SYSTEMPATH\CodeIgniter.php(340): CodeIgniter\CodeIgniter->handleRequest(null, Object(Config\Cache), false)
12 SYSTEMPATH\Boot.php(417): CodeIgniter\CodeIgniter->run()
13 SYSTEMPATH\Boot.php(68): CodeIgniter\Boot::runCodeIgniter(Object(CodeIgniter\CodeIgniter))
14 FCPATH\index.php(54): CodeIgniter\Boot::bootWeb(Object(Config\Paths))
CRITICAL - 2026-05-06 14:11:25 --> CodeIgniter\Format\Exceptions\FormatException: Failed to parse JSON string. Error: Malformed UTF-8 characters, possibly incorrectly encoded
[Method: GET, Route: api/persona/buscar-apellido]
in SYSTEMPATH\Format\JSONFormatter.php on line 47.
 1 SYSTEMPATH\Format\JSONFormatter.php(47): CodeIgniter\Format\Exceptions\FormatException::forInvalidJSON('Malformed UTF-8 characters, possibly incorrectly encoded')
 2 SYSTEMPATH\HTTP\ResponseTrait.php(252): CodeIgniter\Format\JSONFormatter->format([...])
 3 SYSTEMPATH\HTTP\ResponseTrait.php(178): CodeIgniter\HTTP\Response->formatBody([...], 'json')
 4 APPPATH\Controllers\ApiController.php(51): CodeIgniter\HTTP\Response->setJSON([...])
 5 SYSTEMPATH\CodeIgniter.php(951): App\Controllers\ApiController->buscarPersonaPorApellido()
 6 SYSTEMPATH\CodeIgniter.php(497): CodeIgniter\CodeIgniter->runController(Object(App\Controllers\ApiController))
 7 SYSTEMPATH\CodeIgniter.php(340): CodeIgniter\CodeIgniter->handleRequest(null, Object(Config\Cache), false)
 8 SYSTEMPATH\Boot.php(417): CodeIgniter\CodeIgniter->run()
 9 SYSTEMPATH\Boot.php(68): CodeIgniter\Boot::runCodeIgniter(Object(CodeIgniter\CodeIgniter))
10 FCPATH\index.php(54): CodeIgniter\Boot::bootWeb(Object(Config\Paths))
CRITICAL - 2026-05-06 14:11:25 --> ErrorException: Uncaught CodeIgniter\Format\Exceptions\FormatException: Failed to parse JSON string. Error: Malformed UTF-8 characters, possibly incorrectly encoded in C:\Users\pablo\OneDrive\Documentos\GitHub\JuseaRepository\vendor\codeigniter4\framework\system\Format\JSONFormatter.php:47
Stack trace:
#0 C:\Users\pablo\OneDrive\Documentos\GitHub\JuseaRepository\vendor\codeigniter4\framework\system\Format\JSONFormatter.php(47): CodeIgniter\Format\Exceptions\FormatException::forInvalidJSON('Malformed UTF-8...')
#1 C:\Users\pablo\OneDrive\Documentos\GitHub\JuseaRepository\vendor\codeigniter4\framework\system\API\ResponseTrait.php(352): CodeIgniter\Format\JSONFormatter->format(Array)
#2 C:\Users\pablo\OneDrive\Documentos\GitHub\JuseaRepository\vendor\codeigniter4\framework\system\API\ResponseTrait.php(111): CodeIgniter\Debug\ExceptionHandler->format(Array)
#3 C:\Users\pablo\OneDrive\Documentos\GitHub\JuseaRepository\vendor\codeigniter4\framework\system\Debug\ExceptionHandler.php(95): CodeIgniter\Debug\ExceptionHandler->respond(Array, 500)
#4 C:\Users\pablo\OneDrive\Documentos\GitHub\JuseaRepository\vendor\codeigniter4\framework\system\Debug\Exceptions.php(151): CodeIgniter\Debug\ExceptionHandler->handle(Object(CodeIgniter\Format\Exceptions\FormatException), Object(CodeIgniter\HTTP\IncomingRequest), Object(CodeIgniter\HTTP\Response), 500, 1)
#5 [internal function]: CodeIgniter\Debug\Exceptions->exceptionHandler(Object(CodeIgniter\Format\Exceptions\FormatException))
#6 {main}
  thrown
【Previous Exception】
CodeIgniter\Format\Exceptions\FormatException
Failed to parse JSON string. Error: Malformed UTF-8 characters, possibly incorrectly encoded
#0 C:\Users\pablo\OneDrive\Documentos\GitHub\JuseaRepository\vendor\codeigniter4\framework\system\Format\JSONFormatter.php(47): CodeIgniter\Format\Exceptions\FormatException::forInvalidJSON('Malformed UTF-8...')
#1 C:\Users\pablo\OneDrive\Documentos\GitHub\JuseaRepository\vendor\codeigniter4\framework\system\HTTP\ResponseTrait.php(252): CodeIgniter\Format\JSONFormatter->format(Array)
#2 C:\Users\pablo\OneDrive\Documentos\GitHub\JuseaRepository\vendor\codeigniter4\framework\system\HTTP\ResponseTrait.php(178): CodeIgniter\HTTP\Response->formatBody(Array, 'json')
#3 C:\Users\pablo\OneDrive\Documentos\GitHub\JuseaRepository\app\Controllers\ApiController.php(51): CodeIgniter\HTTP\Response->setJSON(Array)
#4 C:\Users\pablo\OneDrive\Documentos\GitHub\JuseaRepository\vendor\codeigniter4\framework\system\CodeIgniter.php(951): App\Controllers\ApiController->buscarPersonaPorApellido()
#5 C:\Users\pablo\OneDrive\Documentos\GitHub\JuseaRepository\vendor\codeigniter4\framework\system\CodeIgniter.php(497): CodeIgniter\CodeIgniter->runController(Object(App\Controllers\ApiController))
#6 C:\Users\pablo\OneDrive\Documentos\GitHub\JuseaRepository\vendor\codeigniter4\framework\system\CodeIgniter.php(340): CodeIgniter\CodeIgniter->handleRequest(NULL, Object(Config\Cache), false)
#7 C:\Users\pablo\OneDrive\Documentos\GitHub\JuseaRepository\vendor\codeigniter4\framework\system\Boot.php(417): CodeIgniter\CodeIgniter->run()
#8 C:\Users\pablo\OneDrive\Documentos\GitHub\JuseaRepository\vendor\codeigniter4\framework\system\Boot.php(68): CodeIgniter\Boot::runCodeIgniter(Object(CodeIgniter\CodeIgniter))
#9 C:\Users\pablo\OneDrive\Documentos\GitHub\JuseaRepository\public\index.php(54): CodeIgniter\Boot::bootWeb(Object(Config\Paths))
#10 {main}
[Method: GET, Route: api/persona/buscar-apellido]
in SYSTEMPATH\Format\JSONFormatter.php on line 47.
 1 [internal function]: CodeIgniter\Debug\Exceptions->shutdownHandler()
CRITICAL - 2026-05-06 14:11:25 --> CodeIgniter\Format\Exceptions\FormatException: Failed to parse JSON string. Error: Malformed UTF-8 characters, possibly incorrectly encoded
[Method: GET, Route: api/persona/buscar-apellido]
in SYSTEMPATH\Format\JSONFormatter.php on line 47.
 1 SYSTEMPATH\Format\JSONFormatter.php(47): CodeIgniter\Format\Exceptions\FormatException::forInvalidJSON('Malformed UTF-8 characters, possibly incorrectly encoded')
 2 SYSTEMPATH\HTTP\ResponseTrait.php(252): CodeIgniter\Format\JSONFormatter->format([...])
 3 SYSTEMPATH\HTTP\ResponseTrait.php(178): CodeIgniter\HTTP\Response->formatBody([...], 'json')
 4 APPPATH\Controllers\ApiController.php(51): CodeIgniter\HTTP\Response->setJSON([...])
 5 SYSTEMPATH\CodeIgniter.php(951): App\Controllers\ApiController->buscarPersonaPorApellido()
 6 SYSTEMPATH\CodeIgniter.php(497): CodeIgniter\CodeIgniter->runController(Object(App\Controllers\ApiController))
 7 SYSTEMPATH\CodeIgniter.php(340): CodeIgniter\CodeIgniter->handleRequest(null, Object(Config\Cache), false)
 8 SYSTEMPATH\Boot.php(417): CodeIgniter\CodeIgniter->run()
 9 SYSTEMPATH\Boot.php(68): CodeIgniter\Boot::runCodeIgniter(Object(CodeIgniter\CodeIgniter))
10 FCPATH\index.php(54): CodeIgniter\Boot::bootWeb(Object(Config\Paths))
CRITICAL - 2026-05-06 14:11:25 --> ErrorException: Uncaught CodeIgniter\Format\Exceptions\FormatException: Failed to parse JSON string. Error: Malformed UTF-8 characters, possibly incorrectly encoded in C:\Users\pablo\OneDrive\Documentos\GitHub\JuseaRepository\vendor\codeigniter4\framework\system\Format\JSONFormatter.php:47
Stack trace:
#0 C:\Users\pablo\OneDrive\Documentos\GitHub\JuseaRepository\vendor\codeigniter4\framework\system\Format\JSONFormatter.php(47): CodeIgniter\Format\Exceptions\FormatException::forInvalidJSON('Malformed UTF-8...')
#1 C:\Users\pablo\OneDrive\Documentos\GitHub\JuseaRepository\vendor\codeigniter4\framework\system\API\ResponseTrait.php(352): CodeIgniter\Format\JSONFormatter->format(Array)
#2 C:\Users\pablo\OneDrive\Documentos\GitHub\JuseaRepository\vendor\codeigniter4\framework\system\API\ResponseTrait.php(111): CodeIgniter\Debug\ExceptionHandler->format(Array)
#3 C:\Users\pablo\OneDrive\Documentos\GitHub\JuseaRepository\vendor\codeigniter4\framework\system\Debug\ExceptionHandler.php(95): CodeIgniter\Debug\ExceptionHandler->respond(Array, 500)
#4 C:\Users\pablo\OneDrive\Documentos\GitHub\JuseaRepository\vendor\codeigniter4\framework\system\Debug\Exceptions.php(151): CodeIgniter\Debug\ExceptionHandler->handle(Object(CodeIgniter\Format\Exceptions\FormatException), Object(CodeIgniter\HTTP\IncomingRequest), Object(CodeIgniter\HTTP\Response), 500, 1)
#5 [internal function]: CodeIgniter\Debug\Exceptions->exceptionHandler(Object(CodeIgniter\Format\Exceptions\FormatException))
#6 {main}
  thrown
【Previous Exception】
CodeIgniter\Format\Exceptions\FormatException
Failed to parse JSON string. Error: Malformed UTF-8 characters, possibly incorrectly encoded
#0 C:\Users\pablo\OneDrive\Documentos\GitHub\JuseaRepository\vendor\codeigniter4\framework\system\Format\JSONFormatter.php(47): CodeIgniter\Format\Exceptions\FormatException::forInvalidJSON('Malformed UTF-8...')
#1 C:\Users\pablo\OneDrive\Documentos\GitHub\JuseaRepository\vendor\codeigniter4\framework\system\HTTP\ResponseTrait.php(252): CodeIgniter\Format\JSONFormatter->format(Array)
#2 C:\Users\pablo\OneDrive\Documentos\GitHub\JuseaRepository\vendor\codeigniter4\framework\system\HTTP\ResponseTrait.php(178): CodeIgniter\HTTP\Response->formatBody(Array, 'json')
#3 C:\Users\pablo\OneDrive\Documentos\GitHub\JuseaRepository\app\Controllers\ApiController.php(51): CodeIgniter\HTTP\Response->setJSON(Array)
#4 C:\Users\pablo\OneDrive\Documentos\GitHub\JuseaRepository\vendor\codeigniter4\framework\system\CodeIgniter.php(951): App\Controllers\ApiController->buscarPersonaPorApellido()
#5 C:\Users\pablo\OneDrive\Documentos\GitHub\JuseaRepository\vendor\codeigniter4\framework\system\CodeIgniter.php(497): CodeIgniter\CodeIgniter->runController(Object(App\Controllers\ApiController))
#6 C:\Users\pablo\OneDrive\Documentos\GitHub\JuseaRepository\vendor\codeigniter4\framework\system\CodeIgniter.php(340): CodeIgniter\CodeIgniter->handleRequest(NULL, Object(Config\Cache), false)
#7 C:\Users\pablo\OneDrive\Documentos\GitHub\JuseaRepository\vendor\codeigniter4\framework\system\Boot.php(417): CodeIgniter\CodeIgniter->run()
#8 C:\Users\pablo\OneDrive\Documentos\GitHub\JuseaRepository\vendor\codeigniter4\framework\system\Boot.php(68): CodeIgniter\Boot::runCodeIgniter(Object(CodeIgniter\CodeIgniter))
#9 C:\Users\pablo\OneDrive\Documentos\GitHub\JuseaRepository\public\index.php(54): CodeIgniter\Boot::bootWeb(Object(Config\Paths))
#10 {main}
[Method: GET, Route: api/persona/buscar-apellido]
in SYSTEMPATH\Format\JSONFormatter.php on line 47.
 1 [internal function]: CodeIgniter\Debug\Exceptions->shutdownHandler()
CRITICAL - 2026-05-06 14:11:25 --> CodeIgniter\Format\Exceptions\FormatException: Failed to parse JSON string. Error: Malformed UTF-8 characters, possibly incorrectly encoded
[Method: GET, Route: api/persona/buscar-apellido]
in SYSTEMPATH\Format\JSONFormatter.php on line 47.
 1 SYSTEMPATH\Format\JSONFormatter.php(47): CodeIgniter\Format\Exceptions\FormatException::forInvalidJSON('Malformed UTF-8 characters, possibly incorrectly encoded')
 2 SYSTEMPATH\HTTP\ResponseTrait.php(252): CodeIgniter\Format\JSONFormatter->format([...])
 3 SYSTEMPATH\HTTP\ResponseTrait.php(178): CodeIgniter\HTTP\Response->formatBody([...], 'json')
 4 APPPATH\Controllers\ApiController.php(51): CodeIgniter\HTTP\Response->setJSON([...])
 5 SYSTEMPATH\CodeIgniter.php(951): App\Controllers\ApiController->buscarPersonaPorApellido()
 6 SYSTEMPATH\CodeIgniter.php(497): CodeIgniter\CodeIgniter->runController(Object(App\Controllers\ApiController))
 7 SYSTEMPATH\CodeIgniter.php(340): CodeIgniter\CodeIgniter->handleRequest(null, Object(Config\Cache), false)
 8 SYSTEMPATH\Boot.php(417): CodeIgniter\CodeIgniter->run()
 9 SYSTEMPATH\Boot.php(68): CodeIgniter\Boot::runCodeIgniter(Object(CodeIgniter\CodeIgniter))
10 FCPATH\index.php(54): CodeIgniter\Boot::bootWeb(Object(Config\Paths))
CRITICAL - 2026-05-06 14:11:25 --> ErrorException: Uncaught CodeIgniter\Format\Exceptions\FormatException: Failed to parse JSON string. Error: Malformed UTF-8 characters, possibly incorrectly encoded in C:\Users\pablo\OneDrive\Documentos\GitHub\JuseaRepository\vendor\codeigniter4\framework\system\Format\JSONFormatter.php:47
Stack trace:
#0 C:\Users\pablo\OneDrive\Documentos\GitHub\JuseaRepository\vendor\codeigniter4\framework\system\Format\JSONFormatter.php(47): CodeIgniter\Format\Exceptions\FormatException::forInvalidJSON('Malformed UTF-8...')
#1 C:\Users\pablo\OneDrive\Documentos\GitHub\JuseaRepository\vendor\codeigniter4\framework\system\API\ResponseTrait.php(352): CodeIgniter\Format\JSONFormatter->format(Array)
#2 C:\Users\pablo\OneDrive\Documentos\GitHub\JuseaRepository\vendor\codeigniter4\framework\system\API\ResponseTrait.php(111): CodeIgniter\Debug\ExceptionHandler->format(Array)
#3 C:\Users\pablo\OneDrive\Documentos\GitHub\JuseaRepository\vendor\codeigniter4\framework\system\Debug\ExceptionHandler.php(95): CodeIgniter\Debug\ExceptionHandler->respond(Array, 500)
#4 C:\Users\pablo\OneDrive\Documentos\GitHub\JuseaRepository\vendor\codeigniter4\framework\system\Debug\Exceptions.php(151): CodeIgniter\Debug\ExceptionHandler->handle(Object(CodeIgniter\Format\Exceptions\FormatException), Object(CodeIgniter\HTTP\IncomingRequest), Object(CodeIgniter\HTTP\Response), 500, 1)
#5 [internal function]: CodeIgniter\Debug\Exceptions->exceptionHandler(Object(CodeIgniter\Format\Exceptions\FormatException))
#6 {main}
  thrown
【Previous Exception】
CodeIgniter\Format\Exceptions\FormatException
Failed to parse JSON string. Error: Malformed UTF-8 characters, possibly incorrectly encoded
#0 C:\Users\pablo\OneDrive\Documentos\GitHub\JuseaRepository\vendor\codeigniter4\framework\system\Format\JSONFormatter.php(47): CodeIgniter\Format\Exceptions\FormatException::forInvalidJSON('Malformed UTF-8...')
#1 C:\Users\pablo\OneDrive\Documentos\GitHub\JuseaRepository\vendor\codeigniter4\framework\system\HTTP\ResponseTrait.php(252): CodeIgniter\Format\JSONFormatter->format(Array)
#2 C:\Users\pablo\OneDrive\Documentos\GitHub\JuseaRepository\vendor\codeigniter4\framework\system\HTTP\ResponseTrait.php(178): CodeIgniter\HTTP\Response->formatBody(Array, 'json')
#3 C:\Users\pablo\OneDrive\Documentos\GitHub\JuseaRepository\app\Controllers\ApiController.php(51): CodeIgniter\HTTP\Response->setJSON(Array)
#4 C:\Users\pablo\OneDrive\Documentos\GitHub\JuseaRepository\vendor\codeigniter4\framework\system\CodeIgniter.php(951): App\Controllers\ApiController->buscarPersonaPorApellido()
#5 C:\Users\pablo\OneDrive\Documentos\GitHub\JuseaRepository\vendor\codeigniter4\framework\system\CodeIgniter.php(497): CodeIgniter\CodeIgniter->runController(Object(App\Controllers\ApiController))
#6 C:\Users\pablo\OneDrive\Documentos\GitHub\JuseaRepository\vendor\codeigniter4\framework\system\CodeIgniter.php(340): CodeIgniter\CodeIgniter->handleRequest(NULL, Object(Config\Cache), false)
#7 C:\Users\pablo\OneDrive\Documentos\GitHub\JuseaRepository\vendor\codeigniter4\framework\system\Boot.php(417): CodeIgniter\CodeIgniter->run()
#8 C:\Users\pablo\OneDrive\Documentos\GitHub\JuseaRepository\vendor\codeigniter4\framework\system\Boot.php(68): CodeIgniter\Boot::runCodeIgniter(Object(CodeIgniter\CodeIgniter))
#9 C:\Users\pablo\OneDrive\Documentos\GitHub\JuseaRepository\public\index.php(54): CodeIgniter\Boot::bootWeb(Object(Config\Paths))
#10 {main}
[Method: GET, Route: api/persona/buscar-apellido]
in SYSTEMPATH\Format\JSONFormatter.php on line 47.
 1 [internal function]: CodeIgniter\Debug\Exceptions->shutdownHandler()
CRITICAL - 2026-05-06 14:11:26 --> CodeIgniter\Format\Exceptions\FormatException: Failed to parse JSON string. Error: Malformed UTF-8 characters, possibly incorrectly encoded
[Method: GET, Route: api/persona/buscar-apellido]
in SYSTEMPATH\Format\JSONFormatter.php on line 47.
 1 SYSTEMPATH\Format\JSONFormatter.php(47): CodeIgniter\Format\Exceptions\FormatException::forInvalidJSON('Malformed UTF-8 characters, possibly incorrectly encoded')
 2 SYSTEMPATH\HTTP\ResponseTrait.php(252): CodeIgniter\Format\JSONFormatter->format([...])
 3 SYSTEMPATH\HTTP\ResponseTrait.php(178): CodeIgniter\HTTP\Response->formatBody([...], 'json')
 4 APPPATH\Controllers\ApiController.php(51): CodeIgniter\HTTP\Response->setJSON([...])
 5 SYSTEMPATH\CodeIgniter.php(951): App\Controllers\ApiController->buscarPersonaPorApellido()
 6 SYSTEMPATH\CodeIgniter.php(497): CodeIgniter\CodeIgniter->runController(Object(App\Controllers\ApiController))
 7 SYSTEMPATH\CodeIgniter.php(340): CodeIgniter\CodeIgniter->handleRequest(null, Object(Config\Cache), false)
 8 SYSTEMPATH\Boot.php(417): CodeIgniter\CodeIgniter->run()
 9 SYSTEMPATH\Boot.php(68): CodeIgniter\Boot::runCodeIgniter(Object(CodeIgniter\CodeIgniter))
10 FCPATH\index.php(54): CodeIgniter\Boot::bootWeb(Object(Config\Paths))
CRITICAL - 2026-05-06 14:11:26 --> ErrorException: Uncaught CodeIgniter\Format\Exceptions\FormatException: Failed to parse JSON string. Error: Malformed UTF-8 characters, possibly incorrectly encoded in C:\Users\pablo\OneDrive\Documentos\GitHub\JuseaRepository\vendor\codeigniter4\framework\system\Format\JSONFormatter.php:47
Stack trace:
#0 C:\Users\pablo\OneDrive\Documentos\GitHub\JuseaRepository\vendor\codeigniter4\framework\system\Format\JSONFormatter.php(47): CodeIgniter\Format\Exceptions\FormatException::forInvalidJSON('Malformed UTF-8...')
#1 C:\Users\pablo\OneDrive\Documentos\GitHub\JuseaRepository\vendor\codeigniter4\framework\system\API\ResponseTrait.php(352): CodeIgniter\Format\JSONFormatter->format(Array)
#2 C:\Users\pablo\OneDrive\Documentos\GitHub\JuseaRepository\vendor\codeigniter4\framework\system\API\ResponseTrait.php(111): CodeIgniter\Debug\ExceptionHandler->format(Array)
#3 C:\Users\pablo\OneDrive\Documentos\GitHub\JuseaRepository\vendor\codeigniter4\framework\system\Debug\ExceptionHandler.php(95): CodeIgniter\Debug\ExceptionHandler->respond(Array, 500)
#4 C:\Users\pablo\OneDrive\Documentos\GitHub\JuseaRepository\vendor\codeigniter4\framework\system\Debug\Exceptions.php(151): CodeIgniter\Debug\ExceptionHandler->handle(Object(CodeIgniter\Format\Exceptions\FormatException), Object(CodeIgniter\HTTP\IncomingRequest), Object(CodeIgniter\HTTP\Response), 500, 1)
#5 [internal function]: CodeIgniter\Debug\Exceptions->exceptionHandler(Object(CodeIgniter\Format\Exceptions\FormatException))
#6 {main}
  thrown
【Previous Exception】
CodeIgniter\Format\Exceptions\FormatException
Failed to parse JSON string. Error: Malformed UTF-8 characters, possibly incorrectly encoded
#0 C:\Users\pablo\OneDrive\Documentos\GitHub\JuseaRepository\vendor\codeigniter4\framework\system\Format\JSONFormatter.php(47): CodeIgniter\Format\Exceptions\FormatException::forInvalidJSON('Malformed UTF-8...')
#1 C:\Users\pablo\OneDrive\Documentos\GitHub\JuseaRepository\vendor\codeigniter4\framework\system\HTTP\ResponseTrait.php(252): CodeIgniter\Format\JSONFormatter->format(Array)
#2 C:\Users\pablo\OneDrive\Documentos\GitHub\JuseaRepository\vendor\codeigniter4\framework\system\HTTP\ResponseTrait.php(178): CodeIgniter\HTTP\Response->formatBody(Array, 'json')
#3 C:\Users\pablo\OneDrive\Documentos\GitHub\JuseaRepository\app\Controllers\ApiController.php(51): CodeIgniter\HTTP\Response->setJSON(Array)
#4 C:\Users\pablo\OneDrive\Documentos\GitHub\JuseaRepository\vendor\codeigniter4\framework\system\CodeIgniter.php(951): App\Controllers\ApiController->buscarPersonaPorApellido()
#5 C:\Users\pablo\OneDrive\Documentos\GitHub\JuseaRepository\vendor\codeigniter4\framework\system\CodeIgniter.php(497): CodeIgniter\CodeIgniter->runController(Object(App\Controllers\ApiController))
#6 C:\Users\pablo\OneDrive\Documentos\GitHub\JuseaRepository\vendor\codeigniter4\framework\system\CodeIgniter.php(340): CodeIgniter\CodeIgniter->handleRequest(NULL, Object(Config\Cache), false)
#7 C:\Users\pablo\OneDrive\Documentos\GitHub\JuseaRepository\vendor\codeigniter4\framework\system\Boot.php(417): CodeIgniter\CodeIgniter->run()
#8 C:\Users\pablo\OneDrive\Documentos\GitHub\JuseaRepository\vendor\codeigniter4\framework\system\Boot.php(68): CodeIgniter\Boot::runCodeIgniter(Object(CodeIgniter\CodeIgniter))
#9 C:\Users\pablo\OneDrive\Documentos\GitHub\JuseaRepository\public\index.php(54): CodeIgniter\Boot::bootWeb(Object(Config\Paths))
#10 {main}
[Method: GET, Route: api/persona/buscar-apellido]
in SYSTEMPATH\Format\JSONFormatter.php on line 47.
 1 [internal function]: CodeIgniter\Debug\Exceptions->shutdownHandler()
CRITICAL - 2026-05-06 14:11:26 --> CodeIgniter\Format\Exceptions\FormatException: Failed to parse JSON string. Error: Malformed UTF-8 characters, possibly incorrectly encoded
[Method: GET, Route: api/persona/buscar-apellido]
in SYSTEMPATH\Format\JSONFormatter.php on line 47.
 1 SYSTEMPATH\Format\JSONFormatter.php(47): CodeIgniter\Format\Exceptions\FormatException::forInvalidJSON('Malformed UTF-8 characters, possibly incorrectly encoded')
 2 SYSTEMPATH\HTTP\ResponseTrait.php(252): CodeIgniter\Format\JSONFormatter->format([...])
 3 SYSTEMPATH\HTTP\ResponseTrait.php(178): CodeIgniter\HTTP\Response->formatBody([...], 'json')
 4 APPPATH\Controllers\ApiController.php(51): CodeIgniter\HTTP\Response->setJSON([...])
 5 SYSTEMPATH\CodeIgniter.php(951): App\Controllers\ApiController->buscarPersonaPorApellido()
 6 SYSTEMPATH\CodeIgniter.php(497): CodeIgniter\CodeIgniter->runController(Object(App\Controllers\ApiController))
 7 SYSTEMPATH\CodeIgniter.php(340): CodeIgniter\CodeIgniter->handleRequest(null, Object(Config\Cache), false)
 8 SYSTEMPATH\Boot.php(417): CodeIgniter\CodeIgniter->run()
 9 SYSTEMPATH\Boot.php(68): CodeIgniter\Boot::runCodeIgniter(Object(CodeIgniter\CodeIgniter))
10 FCPATH\index.php(54): CodeIgniter\Boot::bootWeb(Object(Config\Paths))
CRITICAL - 2026-05-06 14:11:26 --> ErrorException: Uncaught CodeIgniter\Format\Exceptions\FormatException: Failed to parse JSON string. Error: Malformed UTF-8 characters, possibly incorrectly encoded in C:\Users\pablo\OneDrive\Documentos\GitHub\JuseaRepository\vendor\codeigniter4\framework\system\Format\JSONFormatter.php:47
Stack trace:
#0 C:\Users\pablo\OneDrive\Documentos\GitHub\JuseaRepository\vendor\codeigniter4\framework\system\Format\JSONFormatter.php(47): CodeIgniter\Format\Exceptions\FormatException::forInvalidJSON('Malformed UTF-8...')
#1 C:\Users\pablo\OneDrive\Documentos\GitHub\JuseaRepository\vendor\codeigniter4\framework\system\API\ResponseTrait.php(352): CodeIgniter\Format\JSONFormatter->format(Array)
#2 C:\Users\pablo\OneDrive\Documentos\GitHub\JuseaRepository\vendor\codeigniter4\framework\system\API\ResponseTrait.php(111): CodeIgniter\Debug\ExceptionHandler->format(Array)
#3 C:\Users\pablo\OneDrive\Documentos\GitHub\JuseaRepository\vendor\codeigniter4\framework\system\Debug\ExceptionHandler.php(95): CodeIgniter\Debug\ExceptionHandler->respond(Array, 500)
#4 C:\Users\pablo\OneDrive\Documentos\GitHub\JuseaRepository\vendor\codeigniter4\framework\system\Debug\Exceptions.php(151): CodeIgniter\Debug\ExceptionHandler->handle(Object(CodeIgniter\Format\Exceptions\FormatException), Object(CodeIgniter\HTTP\IncomingRequest), Object(CodeIgniter\HTTP\Response), 500, 1)
#5 [internal function]: CodeIgniter\Debug\Exceptions->exceptionHandler(Object(CodeIgniter\Format\Exceptions\FormatException))
#6 {main}
  thrown
【Previous Exception】
CodeIgniter\Format\Exceptions\FormatException
Failed to parse JSON string. Error: Malformed UTF-8 characters, possibly incorrectly encoded
#0 C:\Users\pablo\OneDrive\Documentos\GitHub\JuseaRepository\vendor\codeigniter4\framework\system\Format\JSONFormatter.php(47): CodeIgniter\Format\Exceptions\FormatException::forInvalidJSON('Malformed UTF-8...')
#1 C:\Users\pablo\OneDrive\Documentos\GitHub\JuseaRepository\vendor\codeigniter4\framework\system\HTTP\ResponseTrait.php(252): CodeIgniter\Format\JSONFormatter->format(Array)
#2 C:\Users\pablo\OneDrive\Documentos\GitHub\JuseaRepository\vendor\codeigniter4\framework\system\HTTP\ResponseTrait.php(178): CodeIgniter\HTTP\Response->formatBody(Array, 'json')
#3 C:\Users\pablo\OneDrive\Documentos\GitHub\JuseaRepository\app\Controllers\ApiController.php(51): CodeIgniter\HTTP\Response->setJSON(Array)
#4 C:\Users\pablo\OneDrive\Documentos\GitHub\JuseaRepository\vendor\codeigniter4\framework\system\CodeIgniter.php(951): App\Controllers\ApiController->buscarPersonaPorApellido()
#5 C:\Users\pablo\OneDrive\Documentos\GitHub\JuseaRepository\vendor\codeigniter4\framework\system\CodeIgniter.php(497): CodeIgniter\CodeIgniter->runController(Object(App\Controllers\ApiController))
#6 C:\Users\pablo\OneDrive\Documentos\GitHub\JuseaRepository\vendor\codeigniter4\framework\system\CodeIgniter.php(340): CodeIgniter\CodeIgniter->handleRequest(NULL, Object(Config\Cache), false)
#7 C:\Users\pablo\OneDrive\Documentos\GitHub\JuseaRepository\vendor\codeigniter4\framework\system\Boot.php(417): CodeIgniter\CodeIgniter->run()
#8 C:\Users\pablo\OneDrive\Documentos\GitHub\JuseaRepository\vendor\codeigniter4\framework\system\Boot.php(68): CodeIgniter\Boot::runCodeIgniter(Object(CodeIgniter\CodeIgniter))
#9 C:\Users\pablo\OneDrive\Documentos\GitHub\JuseaRepository\public\index.php(54): CodeIgniter\Boot::bootWeb(Object(Config\Paths))
#10 {main}
[Method: GET, Route: api/persona/buscar-apellido]
in SYSTEMPATH\Format\JSONFormatter.php on line 47.
 1 [internal function]: CodeIgniter\Debug\Exceptions->shutdownHandler()
CRITICAL - 2026-05-06 14:11:41 --> CodeIgniter\Format\Exceptions\FormatException: Failed to parse JSON string. Error: Malformed UTF-8 characters, possibly incorrectly encoded
[Method: GET, Route: api/persona/buscar-apellido]
in SYSTEMPATH\Format\JSONFormatter.php on line 47.
 1 SYSTEMPATH\Format\JSONFormatter.php(47): CodeIgniter\Format\Exceptions\FormatException::forInvalidJSON('Malformed UTF-8 characters, possibly incorrectly encoded')
 2 SYSTEMPATH\HTTP\ResponseTrait.php(252): CodeIgniter\Format\JSONFormatter->format([...])
 3 SYSTEMPATH\HTTP\ResponseTrait.php(178): CodeIgniter\HTTP\Response->formatBody([...], 'json')
 4 APPPATH\Controllers\ApiController.php(51): CodeIgniter\HTTP\Response->setJSON([...])
 5 SYSTEMPATH\CodeIgniter.php(951): App\Controllers\ApiController->buscarPersonaPorApellido()
 6 SYSTEMPATH\CodeIgniter.php(497): CodeIgniter\CodeIgniter->runController(Object(App\Controllers\ApiController))
 7 SYSTEMPATH\CodeIgniter.php(340): CodeIgniter\CodeIgniter->handleRequest(null, Object(Config\Cache), false)
 8 SYSTEMPATH\Boot.php(417): CodeIgniter\CodeIgniter->run()
 9 SYSTEMPATH\Boot.php(68): CodeIgniter\Boot::runCodeIgniter(Object(CodeIgniter\CodeIgniter))
10 FCPATH\index.php(54): CodeIgniter\Boot::bootWeb(Object(Config\Paths))
CRITICAL - 2026-05-06 14:11:41 --> ErrorException: Uncaught CodeIgniter\Format\Exceptions\FormatException: Failed to parse JSON string. Error: Malformed UTF-8 characters, possibly incorrectly encoded in C:\Users\pablo\OneDrive\Documentos\GitHub\JuseaRepository\vendor\codeigniter4\framework\system\Format\JSONFormatter.php:47
Stack trace:
#0 C:\Users\pablo\OneDrive\Documentos\GitHub\JuseaRepository\vendor\codeigniter4\framework\system\Format\JSONFormatter.php(47): CodeIgniter\Format\Exceptions\FormatException::forInvalidJSON('Malformed UTF-8...')
#1 C:\Users\pablo\OneDrive\Documentos\GitHub\JuseaRepository\vendor\codeigniter4\framework\system\API\ResponseTrait.php(352): CodeIgniter\Format\JSONFormatter->format(Array)
#2 C:\Users\pablo\OneDrive\Documentos\GitHub\JuseaRepository\vendor\codeigniter4\framework\system\API\ResponseTrait.php(111): CodeIgniter\Debug\ExceptionHandler->format(Array)
#3 C:\Users\pablo\OneDrive\Documentos\GitHub\JuseaRepository\vendor\codeigniter4\framework\system\Debug\ExceptionHandler.php(95): CodeIgniter\Debug\ExceptionHandler->respond(Array, 500)
#4 C:\Users\pablo\OneDrive\Documentos\GitHub\JuseaRepository\vendor\codeigniter4\framework\system\Debug\Exceptions.php(151): CodeIgniter\Debug\ExceptionHandler->handle(Object(CodeIgniter\Format\Exceptions\FormatException), Object(CodeIgniter\HTTP\IncomingRequest), Object(CodeIgniter\HTTP\Response), 500, 1)
#5 [internal function]: CodeIgniter\Debug\Exceptions->exceptionHandler(Object(CodeIgniter\Format\Exceptions\FormatException))
#6 {main}
  thrown
【Previous Exception】
CodeIgniter\Format\Exceptions\FormatException
Failed to parse JSON string. Error: Malformed UTF-8 characters, possibly incorrectly encoded
#0 C:\Users\pablo\OneDrive\Documentos\GitHub\JuseaRepository\vendor\codeigniter4\framework\system\Format\JSONFormatter.php(47): CodeIgniter\Format\Exceptions\FormatException::forInvalidJSON('Malformed UTF-8...')
#1 C:\Users\pablo\OneDrive\Documentos\GitHub\JuseaRepository\vendor\codeigniter4\framework\system\HTTP\ResponseTrait.php(252): CodeIgniter\Format\JSONFormatter->format(Array)
#2 C:\Users\pablo\OneDrive\Documentos\GitHub\JuseaRepository\vendor\codeigniter4\framework\system\HTTP\ResponseTrait.php(178): CodeIgniter\HTTP\Response->formatBody(Array, 'json')
#3 C:\Users\pablo\OneDrive\Documentos\GitHub\JuseaRepository\app\Controllers\ApiController.php(51): CodeIgniter\HTTP\Response->setJSON(Array)
#4 C:\Users\pablo\OneDrive\Documentos\GitHub\JuseaRepository\vendor\codeigniter4\framework\system\CodeIgniter.php(951): App\Controllers\ApiController->buscarPersonaPorApellido()
#5 C:\Users\pablo\OneDrive\Documentos\GitHub\JuseaRepository\vendor\codeigniter4\framework\system\CodeIgniter.php(497): CodeIgniter\CodeIgniter->runController(Object(App\Controllers\ApiController))
#6 C:\Users\pablo\OneDrive\Documentos\GitHub\JuseaRepository\vendor\codeigniter4\framework\system\CodeIgniter.php(340): CodeIgniter\CodeIgniter->handleRequest(NULL, Object(Config\Cache), false)
#7 C:\Users\pablo\OneDrive\Documentos\GitHub\JuseaRepository\vendor\codeigniter4\framework\system\Boot.php(417): CodeIgniter\CodeIgniter->run()
#8 C:\Users\pablo\OneDrive\Documentos\GitHub\JuseaRepository\vendor\codeigniter4\framework\system\Boot.php(68): CodeIgniter\Boot::runCodeIgniter(Object(CodeIgniter\CodeIgniter))
#9 C:\Users\pablo\OneDrive\Documentos\GitHub\JuseaRepository\public\index.php(54): CodeIgniter\Boot::bootWeb(Object(Config\Paths))
#10 {main}
[Method: GET, Route: api/persona/buscar-apellido]
in SYSTEMPATH\Format\JSONFormatter.php on line 47.
 1 [internal function]: CodeIgniter\Debug\Exceptions->shutdownHandler()
CRITICAL - 2026-05-06 14:11:45 --> CodeIgniter\Format\Exceptions\FormatException: Failed to parse JSON string. Error: Malformed UTF-8 characters, possibly incorrectly encoded
[Method: GET, Route: api/persona/buscar-apellido]
in SYSTEMPATH\Format\JSONFormatter.php on line 47.
 1 SYSTEMPATH\Format\JSONFormatter.php(47): CodeIgniter\Format\Exceptions\FormatException::forInvalidJSON('Malformed UTF-8 characters, possibly incorrectly encoded')
 2 SYSTEMPATH\HTTP\ResponseTrait.php(252): CodeIgniter\Format\JSONFormatter->format([...])
 3 SYSTEMPATH\HTTP\ResponseTrait.php(178): CodeIgniter\HTTP\Response->formatBody([...], 'json')
 4 APPPATH\Controllers\ApiController.php(51): CodeIgniter\HTTP\Response->setJSON([...])
 5 SYSTEMPATH\CodeIgniter.php(951): App\Controllers\ApiController->buscarPersonaPorApellido()
 6 SYSTEMPATH\CodeIgniter.php(497): CodeIgniter\CodeIgniter->runController(Object(App\Controllers\ApiController))
 7 SYSTEMPATH\CodeIgniter.php(340): CodeIgniter\CodeIgniter->handleRequest(null, Object(Config\Cache), false)
 8 SYSTEMPATH\Boot.php(417): CodeIgniter\CodeIgniter->run()
 9 SYSTEMPATH\Boot.php(68): CodeIgniter\Boot::runCodeIgniter(Object(CodeIgniter\CodeIgniter))
10 FCPATH\index.php(54): CodeIgniter\Boot::bootWeb(Object(Config\Paths))
CRITICAL - 2026-05-06 14:11:45 --> ErrorException: Uncaught CodeIgniter\Format\Exceptions\FormatException: Failed to parse JSON string. Error: Malformed UTF-8 characters, possibly incorrectly encoded in C:\Users\pablo\OneDrive\Documentos\GitHub\JuseaRepository\vendor\codeigniter4\framework\system\Format\JSONFormatter.php:47
Stack trace:
#0 C:\Users\pablo\OneDrive\Documentos\GitHub\JuseaRepository\vendor\codeigniter4\framework\system\Format\JSONFormatter.php(47): CodeIgniter\Format\Exceptions\FormatException::forInvalidJSON('Malformed UTF-8...')
#1 C:\Users\pablo\OneDrive\Documentos\GitHub\JuseaRepository\vendor\codeigniter4\framework\system\API\ResponseTrait.php(352): CodeIgniter\Format\JSONFormatter->format(Array)
#2 C:\Users\pablo\OneDrive\Documentos\GitHub\JuseaRepository\vendor\codeigniter4\framework\system\API\ResponseTrait.php(111): CodeIgniter\Debug\ExceptionHandler->format(Array)
#3 C:\Users\pablo\OneDrive\Documentos\GitHub\JuseaRepository\vendor\codeigniter4\framework\system\Debug\ExceptionHandler.php(95): CodeIgniter\Debug\ExceptionHandler->respond(Array, 500)
#4 C:\Users\pablo\OneDrive\Documentos\GitHub\JuseaRepository\vendor\codeigniter4\framework\system\Debug\Exceptions.php(151): CodeIgniter\Debug\ExceptionHandler->handle(Object(CodeIgniter\Format\Exceptions\FormatException), Object(CodeIgniter\HTTP\IncomingRequest), Object(CodeIgniter\HTTP\Response), 500, 1)
#5 [internal function]: CodeIgniter\Debug\Exceptions->exceptionHandler(Object(CodeIgniter\Format\Exceptions\FormatException))
#6 {main}
  thrown
【Previous Exception】
CodeIgniter\Format\Exceptions\FormatException
Failed to parse JSON string. Error: Malformed UTF-8 characters, possibly incorrectly encoded
#0 C:\Users\pablo\OneDrive\Documentos\GitHub\JuseaRepository\vendor\codeigniter4\framework\system\Format\JSONFormatter.php(47): CodeIgniter\Format\Exceptions\FormatException::forInvalidJSON('Malformed UTF-8...')
#1 C:\Users\pablo\OneDrive\Documentos\GitHub\JuseaRepository\vendor\codeigniter4\framework\system\HTTP\ResponseTrait.php(252): CodeIgniter\Format\JSONFormatter->format(Array)
#2 C:\Users\pablo\OneDrive\Documentos\GitHub\JuseaRepository\vendor\codeigniter4\framework\system\HTTP\ResponseTrait.php(178): CodeIgniter\HTTP\Response->formatBody(Array, 'json')
#3 C:\Users\pablo\OneDrive\Documentos\GitHub\JuseaRepository\app\Controllers\ApiController.php(51): CodeIgniter\HTTP\Response->setJSON(Array)
#4 C:\Users\pablo\OneDrive\Documentos\GitHub\JuseaRepository\vendor\codeigniter4\framework\system\CodeIgniter.php(951): App\Controllers\ApiController->buscarPersonaPorApellido()
#5 C:\Users\pablo\OneDrive\Documentos\GitHub\JuseaRepository\vendor\codeigniter4\framework\system\CodeIgniter.php(497): CodeIgniter\CodeIgniter->runController(Object(App\Controllers\ApiController))
#6 C:\Users\pablo\OneDrive\Documentos\GitHub\JuseaRepository\vendor\codeigniter4\framework\system\CodeIgniter.php(340): CodeIgniter\CodeIgniter->handleRequest(NULL, Object(Config\Cache), false)
#7 C:\Users\pablo\OneDrive\Documentos\GitHub\JuseaRepository\vendor\codeigniter4\framework\system\Boot.php(417): CodeIgniter\CodeIgniter->run()
#8 C:\Users\pablo\OneDrive\Documentos\GitHub\JuseaRepository\vendor\codeigniter4\framework\system\Boot.php(68): CodeIgniter\Boot::runCodeIgniter(Object(CodeIgniter\CodeIgniter))
#9 C:\Users\pablo\OneDrive\Documentos\GitHub\JuseaRepository\public\index.php(54): CodeIgniter\Boot::bootWeb(Object(Config\Paths))
#10 {main}
[Method: GET, Route: api/persona/buscar-apellido]
in SYSTEMPATH\Format\JSONFormatter.php on line 47.
 1 [internal function]: CodeIgniter\Debug\Exceptions->shutdownHandler()
CRITICAL - 2026-05-06 14:11:45 --> CodeIgniter\Format\Exceptions\FormatException: Failed to parse JSON string. Error: Malformed UTF-8 characters, possibly incorrectly encoded
[Method: GET, Route: api/persona/buscar-apellido]
in SYSTEMPATH\Format\JSONFormatter.php on line 47.
 1 SYSTEMPATH\Format\JSONFormatter.php(47): CodeIgniter\Format\Exceptions\FormatException::forInvalidJSON('Malformed UTF-8 characters, possibly incorrectly encoded')
 2 SYSTEMPATH\HTTP\ResponseTrait.php(252): CodeIgniter\Format\JSONFormatter->format([...])
 3 SYSTEMPATH\HTTP\ResponseTrait.php(178): CodeIgniter\HTTP\Response->formatBody([...], 'json')
 4 APPPATH\Controllers\ApiController.php(51): CodeIgniter\HTTP\Response->setJSON([...])
 5 SYSTEMPATH\CodeIgniter.php(951): App\Controllers\ApiController->buscarPersonaPorApellido()
 6 SYSTEMPATH\CodeIgniter.php(497): CodeIgniter\CodeIgniter->runController(Object(App\Controllers\ApiController))
 7 SYSTEMPATH\CodeIgniter.php(340): CodeIgniter\CodeIgniter->handleRequest(null, Object(Config\Cache), false)
 8 SYSTEMPATH\Boot.php(417): CodeIgniter\CodeIgniter->run()
 9 SYSTEMPATH\Boot.php(68): CodeIgniter\Boot::runCodeIgniter(Object(CodeIgniter\CodeIgniter))
10 FCPATH\index.php(54): CodeIgniter\Boot::bootWeb(Object(Config\Paths))
CRITICAL - 2026-05-06 14:11:45 --> ErrorException: Uncaught CodeIgniter\Format\Exceptions\FormatException: Failed to parse JSON string. Error: Malformed UTF-8 characters, possibly incorrectly encoded in C:\Users\pablo\OneDrive\Documentos\GitHub\JuseaRepository\vendor\codeigniter4\framework\system\Format\JSONFormatter.php:47
Stack trace:
#0 C:\Users\pablo\OneDrive\Documentos\GitHub\JuseaRepository\vendor\codeigniter4\framework\system\Format\JSONFormatter.php(47): CodeIgniter\Format\Exceptions\FormatException::forInvalidJSON('Malformed UTF-8...')
#1 C:\Users\pablo\OneDrive\Documentos\GitHub\JuseaRepository\vendor\codeigniter4\framework\system\API\ResponseTrait.php(352): CodeIgniter\Format\JSONFormatter->format(Array)
#2 C:\Users\pablo\OneDrive\Documentos\GitHub\JuseaRepository\vendor\codeigniter4\framework\system\API\ResponseTrait.php(111): CodeIgniter\Debug\ExceptionHandler->format(Array)
#3 C:\Users\pablo\OneDrive\Documentos\GitHub\JuseaRepository\vendor\codeigniter4\framework\system\Debug\ExceptionHandler.php(95): CodeIgniter\Debug\ExceptionHandler->respond(Array, 500)
#4 C:\Users\pablo\OneDrive\Documentos\GitHub\JuseaRepository\vendor\codeigniter4\framework\system\Debug\Exceptions.php(151): CodeIgniter\Debug\ExceptionHandler->handle(Object(CodeIgniter\Format\Exceptions\FormatException), Object(CodeIgniter\HTTP\IncomingRequest), Object(CodeIgniter\HTTP\Response), 500, 1)
#5 [internal function]: CodeIgniter\Debug\Exceptions->exceptionHandler(Object(CodeIgniter\Format\Exceptions\FormatException))
#6 {main}
  thrown
【Previous Exception】
CodeIgniter\Format\Exceptions\FormatException
Failed to parse JSON string. Error: Malformed UTF-8 characters, possibly incorrectly encoded
#0 C:\Users\pablo\OneDrive\Documentos\GitHub\JuseaRepository\vendor\codeigniter4\framework\system\Format\JSONFormatter.php(47): CodeIgniter\Format\Exceptions\FormatException::forInvalidJSON('Malformed UTF-8...')
#1 C:\Users\pablo\OneDrive\Documentos\GitHub\JuseaRepository\vendor\codeigniter4\framework\system\HTTP\ResponseTrait.php(252): CodeIgniter\Format\JSONFormatter->format(Array)
#2 C:\Users\pablo\OneDrive\Documentos\GitHub\JuseaRepository\vendor\codeigniter4\framework\system\HTTP\ResponseTrait.php(178): CodeIgniter\HTTP\Response->formatBody(Array, 'json')
#3 C:\Users\pablo\OneDrive\Documentos\GitHub\JuseaRepository\app\Controllers\ApiController.php(51): CodeIgniter\HTTP\Response->setJSON(Array)
#4 C:\Users\pablo\OneDrive\Documentos\GitHub\JuseaRepository\vendor\codeigniter4\framework\system\CodeIgniter.php(951): App\Controllers\ApiController->buscarPersonaPorApellido()
#5 C:\Users\pablo\OneDrive\Documentos\GitHub\JuseaRepository\vendor\codeigniter4\framework\system\CodeIgniter.php(497): CodeIgniter\CodeIgniter->runController(Object(App\Controllers\ApiController))
#6 C:\Users\pablo\OneDrive\Documentos\GitHub\JuseaRepository\vendor\codeigniter4\framework\system\CodeIgniter.php(340): CodeIgniter\CodeIgniter->handleRequest(NULL, Object(Config\Cache), false)
#7 C:\Users\pablo\OneDrive\Documentos\GitHub\JuseaRepository\vendor\codeigniter4\framework\system\Boot.php(417): CodeIgniter\CodeIgniter->run()
#8 C:\Users\pablo\OneDrive\Documentos\GitHub\JuseaRepository\vendor\codeigniter4\framework\system\Boot.php(68): CodeIgniter\Boot::runCodeIgniter(Object(CodeIgniter\CodeIgniter))
#9 C:\Users\pablo\OneDrive\Documentos\GitHub\JuseaRepository\public\index.php(54): CodeIgniter\Boot::bootWeb(Object(Config\Paths))
#10 {main}
[Method: GET, Route: api/persona/buscar-apellido]
in SYSTEMPATH\Format\JSONFormatter.php on line 47.
 1 [internal function]: CodeIgniter\Debug\Exceptions->shutdownHandler()
CRITICAL - 2026-05-06 14:11:58 --> CodeIgniter\Format\Exceptions\FormatException: Failed to parse JSON string. Error: Malformed UTF-8 characters, possibly incorrectly encoded
[Method: GET, Route: api/persona/buscar-apellido]
in SYSTEMPATH\Format\JSONFormatter.php on line 47.
 1 SYSTEMPATH\Format\JSONFormatter.php(47): CodeIgniter\Format\Exceptions\FormatException::forInvalidJSON('Malformed UTF-8 characters, possibly incorrectly encoded')
 2 SYSTEMPATH\HTTP\ResponseTrait.php(252): CodeIgniter\Format\JSONFormatter->format([...])
 3 SYSTEMPATH\HTTP\ResponseTrait.php(178): CodeIgniter\HTTP\Response->formatBody([...], 'json')
 4 APPPATH\Controllers\ApiController.php(51): CodeIgniter\HTTP\Response->setJSON([...])
 5 SYSTEMPATH\CodeIgniter.php(951): App\Controllers\ApiController->buscarPersonaPorApellido()
 6 SYSTEMPATH\CodeIgniter.php(497): CodeIgniter\CodeIgniter->runController(Object(App\Controllers\ApiController))
 7 SYSTEMPATH\CodeIgniter.php(340): CodeIgniter\CodeIgniter->handleRequest(null, Object(Config\Cache), false)
 8 SYSTEMPATH\Boot.php(417): CodeIgniter\CodeIgniter->run()
 9 SYSTEMPATH\Boot.php(68): CodeIgniter\Boot::runCodeIgniter(Object(CodeIgniter\CodeIgniter))
10 FCPATH\index.php(54): CodeIgniter\Boot::bootWeb(Object(Config\Paths))
CRITICAL - 2026-05-06 14:11:58 --> ErrorException: Uncaught CodeIgniter\Format\Exceptions\FormatException: Failed to parse JSON string. Error: Malformed UTF-8 characters, possibly incorrectly encoded in C:\Users\pablo\OneDrive\Documentos\GitHub\JuseaRepository\vendor\codeigniter4\framework\system\Format\JSONFormatter.php:47
Stack trace:
#0 C:\Users\pablo\OneDrive\Documentos\GitHub\JuseaRepository\vendor\codeigniter4\framework\system\Format\JSONFormatter.php(47): CodeIgniter\Format\Exceptions\FormatException::forInvalidJSON('Malformed UTF-8...')
#1 C:\Users\pablo\OneDrive\Documentos\GitHub\JuseaRepository\vendor\codeigniter4\framework\system\API\ResponseTrait.php(352): CodeIgniter\Format\JSONFormatter->format(Array)
#2 C:\Users\pablo\OneDrive\Documentos\GitHub\JuseaRepository\vendor\codeigniter4\framework\system\API\ResponseTrait.php(111): CodeIgniter\Debug\ExceptionHandler->format(Array)
#3 C:\Users\pablo\OneDrive\Documentos\GitHub\JuseaRepository\vendor\codeigniter4\framework\system\Debug\ExceptionHandler.php(95): CodeIgniter\Debug\ExceptionHandler->respond(Array, 500)
#4 C:\Users\pablo\OneDrive\Documentos\GitHub\JuseaRepository\vendor\codeigniter4\framework\system\Debug\Exceptions.php(151): CodeIgniter\Debug\ExceptionHandler->handle(Object(CodeIgniter\Format\Exceptions\FormatException), Object(CodeIgniter\HTTP\IncomingRequest), Object(CodeIgniter\HTTP\Response), 500, 1)
#5 [internal function]: CodeIgniter\Debug\Exceptions->exceptionHandler(Object(CodeIgniter\Format\Exceptions\FormatException))
#6 {main}
  thrown
【Previous Exception】
CodeIgniter\Format\Exceptions\FormatException
Failed to parse JSON string. Error: Malformed UTF-8 characters, possibly incorrectly encoded
#0 C:\Users\pablo\OneDrive\Documentos\GitHub\JuseaRepository\vendor\codeigniter4\framework\system\Format\JSONFormatter.php(47): CodeIgniter\Format\Exceptions\FormatException::forInvalidJSON('Malformed UTF-8...')
#1 C:\Users\pablo\OneDrive\Documentos\GitHub\JuseaRepository\vendor\codeigniter4\framework\system\HTTP\ResponseTrait.php(252): CodeIgniter\Format\JSONFormatter->format(Array)
#2 C:\Users\pablo\OneDrive\Documentos\GitHub\JuseaRepository\vendor\codeigniter4\framework\system\HTTP\ResponseTrait.php(178): CodeIgniter\HTTP\Response->formatBody(Array, 'json')
#3 C:\Users\pablo\OneDrive\Documentos\GitHub\JuseaRepository\app\Controllers\ApiController.php(51): CodeIgniter\HTTP\Response->setJSON(Array)
#4 C:\Users\pablo\OneDrive\Documentos\GitHub\JuseaRepository\vendor\codeigniter4\framework\system\CodeIgniter.php(951): App\Controllers\ApiController->buscarPersonaPorApellido()
#5 C:\Users\pablo\OneDrive\Documentos\GitHub\JuseaRepository\vendor\codeigniter4\framework\system\CodeIgniter.php(497): CodeIgniter\CodeIgniter->runController(Object(App\Controllers\ApiController))
#6 C:\Users\pablo\OneDrive\Documentos\GitHub\JuseaRepository\vendor\codeigniter4\framework\system\CodeIgniter.php(340): CodeIgniter\CodeIgniter->handleRequest(NULL, Object(Config\Cache), false)
#7 C:\Users\pablo\OneDrive\Documentos\GitHub\JuseaRepository\vendor\codeigniter4\framework\system\Boot.php(417): CodeIgniter\CodeIgniter->run()
#8 C:\Users\pablo\OneDrive\Documentos\GitHub\JuseaRepository\vendor\codeigniter4\framework\system\Boot.php(68): CodeIgniter\Boot::runCodeIgniter(Object(CodeIgniter\CodeIgniter))
#9 C:\Users\pablo\OneDrive\Documentos\GitHub\JuseaRepository\public\index.php(54): CodeIgniter\Boot::bootWeb(Object(Config\Paths))
#10 {main}
[Method: GET, Route: api/persona/buscar-apellido]
in SYSTEMPATH\Format\JSONFormatter.php on line 47.
 1 [internal function]: CodeIgniter\Debug\Exceptions->shutdownHandler()
CRITICAL - 2026-05-06 14:11:58 --> CodeIgniter\Format\Exceptions\FormatException: Failed to parse JSON string. Error: Malformed UTF-8 characters, possibly incorrectly encoded
[Method: GET, Route: api/persona/buscar-apellido]
in SYSTEMPATH\Format\JSONFormatter.php on line 47.
 1 SYSTEMPATH\Format\JSONFormatter.php(47): CodeIgniter\Format\Exceptions\FormatException::forInvalidJSON('Malformed UTF-8 characters, possibly incorrectly encoded')
 2 SYSTEMPATH\HTTP\ResponseTrait.php(252): CodeIgniter\Format\JSONFormatter->format([...])
 3 SYSTEMPATH\HTTP\ResponseTrait.php(178): CodeIgniter\HTTP\Response->formatBody([...], 'json')
 4 APPPATH\Controllers\ApiController.php(51): CodeIgniter\HTTP\Response->setJSON([...])
 5 SYSTEMPATH\CodeIgniter.php(951): App\Controllers\ApiController->buscarPersonaPorApellido()
 6 SYSTEMPATH\CodeIgniter.php(497): CodeIgniter\CodeIgniter->runController(Object(App\Controllers\ApiController))
 7 SYSTEMPATH\CodeIgniter.php(340): CodeIgniter\CodeIgniter->handleRequest(null, Object(Config\Cache), false)
 8 SYSTEMPATH\Boot.php(417): CodeIgniter\CodeIgniter->run()
 9 SYSTEMPATH\Boot.php(68): CodeIgniter\Boot::runCodeIgniter(Object(CodeIgniter\CodeIgniter))
10 FCPATH\index.php(54): CodeIgniter\Boot::bootWeb(Object(Config\Paths))
CRITICAL - 2026-05-06 14:11:58 --> ErrorException: Uncaught CodeIgniter\Format\Exceptions\FormatException: Failed to parse JSON string. Error: Malformed UTF-8 characters, possibly incorrectly encoded in C:\Users\pablo\OneDrive\Documentos\GitHub\JuseaRepository\vendor\codeigniter4\framework\system\Format\JSONFormatter.php:47
Stack trace:
#0 C:\Users\pablo\OneDrive\Documentos\GitHub\JuseaRepository\vendor\codeigniter4\framework\system\Format\JSONFormatter.php(47): CodeIgniter\Format\Exceptions\FormatException::forInvalidJSON('Malformed UTF-8...')
#1 C:\Users\pablo\OneDrive\Documentos\GitHub\JuseaRepository\vendor\codeigniter4\framework\system\API\ResponseTrait.php(352): CodeIgniter\Format\JSONFormatter->format(Array)
#2 C:\Users\pablo\OneDrive\Documentos\GitHub\JuseaRepository\vendor\codeigniter4\framework\system\API\ResponseTrait.php(111): CodeIgniter\Debug\ExceptionHandler->format(Array)
#3 C:\Users\pablo\OneDrive\Documentos\GitHub\JuseaRepository\vendor\codeigniter4\framework\system\Debug\ExceptionHandler.php(95): CodeIgniter\Debug\ExceptionHandler->respond(Array, 500)
#4 C:\Users\pablo\OneDrive\Documentos\GitHub\JuseaRepository\vendor\codeigniter4\framework\system\Debug\Exceptions.php(151): CodeIgniter\Debug\ExceptionHandler->handle(Object(CodeIgniter\Format\Exceptions\FormatException), Object(CodeIgniter\HTTP\IncomingRequest), Object(CodeIgniter\HTTP\Response), 500, 1)
#5 [internal function]: CodeIgniter\Debug\Exceptions->exceptionHandler(Object(CodeIgniter\Format\Exceptions\FormatException))
#6 {main}
  thrown
【Previous Exception】
CodeIgniter\Format\Exceptions\FormatException
Failed to parse JSON string. Error: Malformed UTF-8 characters, possibly incorrectly encoded
#0 C:\Users\pablo\OneDrive\Documentos\GitHub\JuseaRepository\vendor\codeigniter4\framework\system\Format\JSONFormatter.php(47): CodeIgniter\Format\Exceptions\FormatException::forInvalidJSON('Malformed UTF-8...')
#1 C:\Users\pablo\OneDrive\Documentos\GitHub\JuseaRepository\vendor\codeigniter4\framework\system\HTTP\ResponseTrait.php(252): CodeIgniter\Format\JSONFormatter->format(Array)
#2 C:\Users\pablo\OneDrive\Documentos\GitHub\JuseaRepository\vendor\codeigniter4\framework\system\HTTP\ResponseTrait.php(178): CodeIgniter\HTTP\Response->formatBody(Array, 'json')
#3 C:\Users\pablo\OneDrive\Documentos\GitHub\JuseaRepository\app\Controllers\ApiController.php(51): CodeIgniter\HTTP\Response->setJSON(Array)
#4 C:\Users\pablo\OneDrive\Documentos\GitHub\JuseaRepository\vendor\codeigniter4\framework\system\CodeIgniter.php(951): App\Controllers\ApiController->buscarPersonaPorApellido()
#5 C:\Users\pablo\OneDrive\Documentos\GitHub\JuseaRepository\vendor\codeigniter4\framework\system\CodeIgniter.php(497): CodeIgniter\CodeIgniter->runController(Object(App\Controllers\ApiController))
#6 C:\Users\pablo\OneDrive\Documentos\GitHub\JuseaRepository\vendor\codeigniter4\framework\system\CodeIgniter.php(340): CodeIgniter\CodeIgniter->handleRequest(NULL, Object(Config\Cache), false)
#7 C:\Users\pablo\OneDrive\Documentos\GitHub\JuseaRepository\vendor\codeigniter4\framework\system\Boot.php(417): CodeIgniter\CodeIgniter->run()
#8 C:\Users\pablo\OneDrive\Documentos\GitHub\JuseaRepository\vendor\codeigniter4\framework\system\Boot.php(68): CodeIgniter\Boot::runCodeIgniter(Object(CodeIgniter\CodeIgniter))
#9 C:\Users\pablo\OneDrive\Documentos\GitHub\JuseaRepository\public\index.php(54): CodeIgniter\Boot::bootWeb(Object(Config\Paths))
#10 {main}
[Method: GET, Route: api/persona/buscar-apellido]
in SYSTEMPATH\Format\JSONFormatter.php on line 47.
 1 [internal function]: CodeIgniter\Debug\Exceptions->shutdownHandler()
CRITICAL - 2026-05-06 14:11:58 --> CodeIgniter\Format\Exceptions\FormatException: Failed to parse JSON string. Error: Malformed UTF-8 characters, possibly incorrectly encoded
[Method: GET, Route: api/persona/buscar-apellido]
in SYSTEMPATH\Format\JSONFormatter.php on line 47.
 1 SYSTEMPATH\Format\JSONFormatter.php(47): CodeIgniter\Format\Exceptions\FormatException::forInvalidJSON('Malformed UTF-8 characters, possibly incorrectly encoded')
 2 SYSTEMPATH\HTTP\ResponseTrait.php(252): CodeIgniter\Format\JSONFormatter->format([...])
 3 SYSTEMPATH\HTTP\ResponseTrait.php(178): CodeIgniter\HTTP\Response->formatBody([...], 'json')
 4 APPPATH\Controllers\ApiController.php(51): CodeIgniter\HTTP\Response->setJSON([...])
 5 SYSTEMPATH\CodeIgniter.php(951): App\Controllers\ApiController->buscarPersonaPorApellido()
 6 SYSTEMPATH\CodeIgniter.php(497): CodeIgniter\CodeIgniter->runController(Object(App\Controllers\ApiController))
 7 SYSTEMPATH\CodeIgniter.php(340): CodeIgniter\CodeIgniter->handleRequest(null, Object(Config\Cache), false)
 8 SYSTEMPATH\Boot.php(417): CodeIgniter\CodeIgniter->run()
 9 SYSTEMPATH\Boot.php(68): CodeIgniter\Boot::runCodeIgniter(Object(CodeIgniter\CodeIgniter))
10 FCPATH\index.php(54): CodeIgniter\Boot::bootWeb(Object(Config\Paths))
CRITICAL - 2026-05-06 14:11:58 --> ErrorException: Uncaught CodeIgniter\Format\Exceptions\FormatException: Failed to parse JSON string. Error: Malformed UTF-8 characters, possibly incorrectly encoded in C:\Users\pablo\OneDrive\Documentos\GitHub\JuseaRepository\vendor\codeigniter4\framework\system\Format\JSONFormatter.php:47
Stack trace:
#0 C:\Users\pablo\OneDrive\Documentos\GitHub\JuseaRepository\vendor\codeigniter4\framework\system\Format\JSONFormatter.php(47): CodeIgniter\Format\Exceptions\FormatException::forInvalidJSON('Malformed UTF-8...')
#1 C:\Users\pablo\OneDrive\Documentos\GitHub\JuseaRepository\vendor\codeigniter4\framework\system\API\ResponseTrait.php(352): CodeIgniter\Format\JSONFormatter->format(Array)
#2 C:\Users\pablo\OneDrive\Documentos\GitHub\JuseaRepository\vendor\codeigniter4\framework\system\API\ResponseTrait.php(111): CodeIgniter\Debug\ExceptionHandler->format(Array)
#3 C:\Users\pablo\OneDrive\Documentos\GitHub\JuseaRepository\vendor\codeigniter4\framework\system\Debug\ExceptionHandler.php(95): CodeIgniter\Debug\ExceptionHandler->respond(Array, 500)
#4 C:\Users\pablo\OneDrive\Documentos\GitHub\JuseaRepository\vendor\codeigniter4\framework\system\Debug\Exceptions.php(151): CodeIgniter\Debug\ExceptionHandler->handle(Object(CodeIgniter\Format\Exceptions\FormatException), Object(CodeIgniter\HTTP\IncomingRequest), Object(CodeIgniter\HTTP\Response), 500, 1)
#5 [internal function]: CodeIgniter\Debug\Exceptions->exceptionHandler(Object(CodeIgniter\Format\Exceptions\FormatException))
#6 {main}
  thrown
【Previous Exception】
CodeIgniter\Format\Exceptions\FormatException
Failed to parse JSON string. Error: Malformed UTF-8 characters, possibly incorrectly encoded
#0 C:\Users\pablo\OneDrive\Documentos\GitHub\JuseaRepository\vendor\codeigniter4\framework\system\Format\JSONFormatter.php(47): CodeIgniter\Format\Exceptions\FormatException::forInvalidJSON('Malformed UTF-8...')
#1 C:\Users\pablo\OneDrive\Documentos\GitHub\JuseaRepository\vendor\codeigniter4\framework\system\HTTP\ResponseTrait.php(252): CodeIgniter\Format\JSONFormatter->format(Array)
#2 C:\Users\pablo\OneDrive\Documentos\GitHub\JuseaRepository\vendor\codeigniter4\framework\system\HTTP\ResponseTrait.php(178): CodeIgniter\HTTP\Response->formatBody(Array, 'json')
#3 C:\Users\pablo\OneDrive\Documentos\GitHub\JuseaRepository\app\Controllers\ApiController.php(51): CodeIgniter\HTTP\Response->setJSON(Array)
#4 C:\Users\pablo\OneDrive\Documentos\GitHub\JuseaRepository\vendor\codeigniter4\framework\system\CodeIgniter.php(951): App\Controllers\ApiController->buscarPersonaPorApellido()
#5 C:\Users\pablo\OneDrive\Documentos\GitHub\JuseaRepository\vendor\codeigniter4\framework\system\CodeIgniter.php(497): CodeIgniter\CodeIgniter->runController(Object(App\Controllers\ApiController))
#6 C:\Users\pablo\OneDrive\Documentos\GitHub\JuseaRepository\vendor\codeigniter4\framework\system\CodeIgniter.php(340): CodeIgniter\CodeIgniter->handleRequest(NULL, Object(Config\Cache), false)
#7 C:\Users\pablo\OneDrive\Documentos\GitHub\JuseaRepository\vendor\codeigniter4\framework\system\Boot.php(417): CodeIgniter\CodeIgniter->run()
#8 C:\Users\pablo\OneDrive\Documentos\GitHub\JuseaRepository\vendor\codeigniter4\framework\system\Boot.php(68): CodeIgniter\Boot::runCodeIgniter(Object(CodeIgniter\CodeIgniter))
#9 C:\Users\pablo\OneDrive\Documentos\GitHub\JuseaRepository\public\index.php(54): CodeIgniter\Boot::bootWeb(Object(Config\Paths))
#10 {main}
[Method: GET, Route: api/persona/buscar-apellido]
in SYSTEMPATH\Format\JSONFormatter.php on line 47.
 1 [internal function]: CodeIgniter\Debug\Exceptions->shutdownHandler()
CRITICAL - 2026-05-06 14:12:01 --> CodeIgniter\Format\Exceptions\FormatException: Failed to parse JSON string. Error: Malformed UTF-8 characters, possibly incorrectly encoded
[Method: GET, Route: api/persona/buscar-apellido]
in SYSTEMPATH\Format\JSONFormatter.php on line 47.
 1 SYSTEMPATH\Format\JSONFormatter.php(47): CodeIgniter\Format\Exceptions\FormatException::forInvalidJSON('Malformed UTF-8 characters, possibly incorrectly encoded')
 2 SYSTEMPATH\HTTP\ResponseTrait.php(252): CodeIgniter\Format\JSONFormatter->format([...])
 3 SYSTEMPATH\HTTP\ResponseTrait.php(178): CodeIgniter\HTTP\Response->formatBody([...], 'json')
 4 APPPATH\Controllers\ApiController.php(51): CodeIgniter\HTTP\Response->setJSON([...])
 5 SYSTEMPATH\CodeIgniter.php(951): App\Controllers\ApiController->buscarPersonaPorApellido()
 6 SYSTEMPATH\CodeIgniter.php(497): CodeIgniter\CodeIgniter->runController(Object(App\Controllers\ApiController))
 7 SYSTEMPATH\CodeIgniter.php(340): CodeIgniter\CodeIgniter->handleRequest(null, Object(Config\Cache), false)
 8 SYSTEMPATH\Boot.php(417): CodeIgniter\CodeIgniter->run()
 9 SYSTEMPATH\Boot.php(68): CodeIgniter\Boot::runCodeIgniter(Object(CodeIgniter\CodeIgniter))
10 FCPATH\index.php(54): CodeIgniter\Boot::bootWeb(Object(Config\Paths))
CRITICAL - 2026-05-06 14:12:01 --> ErrorException: Uncaught CodeIgniter\Format\Exceptions\FormatException: Failed to parse JSON string. Error: Malformed UTF-8 characters, possibly incorrectly encoded in C:\Users\pablo\OneDrive\Documentos\GitHub\JuseaRepository\vendor\codeigniter4\framework\system\Format\JSONFormatter.php:47
Stack trace:
#0 C:\Users\pablo\OneDrive\Documentos\GitHub\JuseaRepository\vendor\codeigniter4\framework\system\Format\JSONFormatter.php(47): CodeIgniter\Format\Exceptions\FormatException::forInvalidJSON('Malformed UTF-8...')
#1 C:\Users\pablo\OneDrive\Documentos\GitHub\JuseaRepository\vendor\codeigniter4\framework\system\API\ResponseTrait.php(352): CodeIgniter\Format\JSONFormatter->format(Array)
#2 C:\Users\pablo\OneDrive\Documentos\GitHub\JuseaRepository\vendor\codeigniter4\framework\system\API\ResponseTrait.php(111): CodeIgniter\Debug\ExceptionHandler->format(Array)
#3 C:\Users\pablo\OneDrive\Documentos\GitHub\JuseaRepository\vendor\codeigniter4\framework\system\Debug\ExceptionHandler.php(95): CodeIgniter\Debug\ExceptionHandler->respond(Array, 500)
#4 C:\Users\pablo\OneDrive\Documentos\GitHub\JuseaRepository\vendor\codeigniter4\framework\system\Debug\Exceptions.php(151): CodeIgniter\Debug\ExceptionHandler->handle(Object(CodeIgniter\Format\Exceptions\FormatException), Object(CodeIgniter\HTTP\IncomingRequest), Object(CodeIgniter\HTTP\Response), 500, 1)
#5 [internal function]: CodeIgniter\Debug\Exceptions->exceptionHandler(Object(CodeIgniter\Format\Exceptions\FormatException))
#6 {main}
  thrown
【Previous Exception】
CodeIgniter\Format\Exceptions\FormatException
Failed to parse JSON string. Error: Malformed UTF-8 characters, possibly incorrectly encoded
#0 C:\Users\pablo\OneDrive\Documentos\GitHub\JuseaRepository\vendor\codeigniter4\framework\system\Format\JSONFormatter.php(47): CodeIgniter\Format\Exceptions\FormatException::forInvalidJSON('Malformed UTF-8...')
#1 C:\Users\pablo\OneDrive\Documentos\GitHub\JuseaRepository\vendor\codeigniter4\framework\system\HTTP\ResponseTrait.php(252): CodeIgniter\Format\JSONFormatter->format(Array)
#2 C:\Users\pablo\OneDrive\Documentos\GitHub\JuseaRepository\vendor\codeigniter4\framework\system\HTTP\ResponseTrait.php(178): CodeIgniter\HTTP\Response->formatBody(Array, 'json')
#3 C:\Users\pablo\OneDrive\Documentos\GitHub\JuseaRepository\app\Controllers\ApiController.php(51): CodeIgniter\HTTP\Response->setJSON(Array)
#4 C:\Users\pablo\OneDrive\Documentos\GitHub\JuseaRepository\vendor\codeigniter4\framework\system\CodeIgniter.php(951): App\Controllers\ApiController->buscarPersonaPorApellido()
#5 C:\Users\pablo\OneDrive\Documentos\GitHub\JuseaRepository\vendor\codeigniter4\framework\system\CodeIgniter.php(497): CodeIgniter\CodeIgniter->runController(Object(App\Controllers\ApiController))
#6 C:\Users\pablo\OneDrive\Documentos\GitHub\JuseaRepository\vendor\codeigniter4\framework\system\CodeIgniter.php(340): CodeIgniter\CodeIgniter->handleRequest(NULL, Object(Config\Cache), false)
#7 C:\Users\pablo\OneDrive\Documentos\GitHub\JuseaRepository\vendor\codeigniter4\framework\system\Boot.php(417): CodeIgniter\CodeIgniter->run()
#8 C:\Users\pablo\OneDrive\Documentos\GitHub\JuseaRepository\vendor\codeigniter4\framework\system\Boot.php(68): CodeIgniter\Boot::runCodeIgniter(Object(CodeIgniter\CodeIgniter))
#9 C:\Users\pablo\OneDrive\Documentos\GitHub\JuseaRepository\public\index.php(54): CodeIgniter\Boot::bootWeb(Object(Config\Paths))
#10 {main}
[Method: GET, Route: api/persona/buscar-apellido]
in SYSTEMPATH\Format\JSONFormatter.php on line 47.
 1 [internal function]: CodeIgniter\Debug\Exceptions->shutdownHandler()
CRITICAL - 2026-05-06 14:12:02 --> CodeIgniter\Format\Exceptions\FormatException: Failed to parse JSON string. Error: Malformed UTF-8 characters, possibly incorrectly encoded
[Method: GET, Route: api/persona/buscar-apellido]
in SYSTEMPATH\Format\JSONFormatter.php on line 47.
 1 SYSTEMPATH\Format\JSONFormatter.php(47): CodeIgniter\Format\Exceptions\FormatException::forInvalidJSON('Malformed UTF-8 characters, possibly incorrectly encoded')
 2 SYSTEMPATH\HTTP\ResponseTrait.php(252): CodeIgniter\Format\JSONFormatter->format([...])
 3 SYSTEMPATH\HTTP\ResponseTrait.php(178): CodeIgniter\HTTP\Response->formatBody([...], 'json')
 4 APPPATH\Controllers\ApiController.php(51): CodeIgniter\HTTP\Response->setJSON([...])
 5 SYSTEMPATH\CodeIgniter.php(951): App\Controllers\ApiController->buscarPersonaPorApellido()
 6 SYSTEMPATH\CodeIgniter.php(497): CodeIgniter\CodeIgniter->runController(Object(App\Controllers\ApiController))
 7 SYSTEMPATH\CodeIgniter.php(340): CodeIgniter\CodeIgniter->handleRequest(null, Object(Config\Cache), false)
 8 SYSTEMPATH\Boot.php(417): CodeIgniter\CodeIgniter->run()
 9 SYSTEMPATH\Boot.php(68): CodeIgniter\Boot::runCodeIgniter(Object(CodeIgniter\CodeIgniter))
10 FCPATH\index.php(54): CodeIgniter\Boot::bootWeb(Object(Config\Paths))
CRITICAL - 2026-05-06 14:12:02 --> ErrorException: Uncaught CodeIgniter\Format\Exceptions\FormatException: Failed to parse JSON string. Error: Malformed UTF-8 characters, possibly incorrectly encoded in C:\Users\pablo\OneDrive\Documentos\GitHub\JuseaRepository\vendor\codeigniter4\framework\system\Format\JSONFormatter.php:47
Stack trace:
#0 C:\Users\pablo\OneDrive\Documentos\GitHub\JuseaRepository\vendor\codeigniter4\framework\system\Format\JSONFormatter.php(47): CodeIgniter\Format\Exceptions\FormatException::forInvalidJSON('Malformed UTF-8...')
#1 C:\Users\pablo\OneDrive\Documentos\GitHub\JuseaRepository\vendor\codeigniter4\framework\system\API\ResponseTrait.php(352): CodeIgniter\Format\JSONFormatter->format(Array)
#2 C:\Users\pablo\OneDrive\Documentos\GitHub\JuseaRepository\vendor\codeigniter4\framework\system\API\ResponseTrait.php(111): CodeIgniter\Debug\ExceptionHandler->format(Array)
#3 C:\Users\pablo\OneDrive\Documentos\GitHub\JuseaRepository\vendor\codeigniter4\framework\system\Debug\ExceptionHandler.php(95): CodeIgniter\Debug\ExceptionHandler->respond(Array, 500)
#4 C:\Users\pablo\OneDrive\Documentos\GitHub\JuseaRepository\vendor\codeigniter4\framework\system\Debug\Exceptions.php(151): CodeIgniter\Debug\ExceptionHandler->handle(Object(CodeIgniter\Format\Exceptions\FormatException), Object(CodeIgniter\HTTP\IncomingRequest), Object(CodeIgniter\HTTP\Response), 500, 1)
#5 [internal function]: CodeIgniter\Debug\Exceptions->exceptionHandler(Object(CodeIgniter\Format\Exceptions\FormatException))
#6 {main}
  thrown
【Previous Exception】
CodeIgniter\Format\Exceptions\FormatException
Failed to parse JSON string. Error: Malformed UTF-8 characters, possibly incorrectly encoded
#0 C:\Users\pablo\OneDrive\Documentos\GitHub\JuseaRepository\vendor\codeigniter4\framework\system\Format\JSONFormatter.php(47): CodeIgniter\Format\Exceptions\FormatException::forInvalidJSON('Malformed UTF-8...')
#1 C:\Users\pablo\OneDrive\Documentos\GitHub\JuseaRepository\vendor\codeigniter4\framework\system\HTTP\ResponseTrait.php(252): CodeIgniter\Format\JSONFormatter->format(Array)
#2 C:\Users\pablo\OneDrive\Documentos\GitHub\JuseaRepository\vendor\codeigniter4\framework\system\HTTP\ResponseTrait.php(178): CodeIgniter\HTTP\Response->formatBody(Array, 'json')
#3 C:\Users\pablo\OneDrive\Documentos\GitHub\JuseaRepository\app\Controllers\ApiController.php(51): CodeIgniter\HTTP\Response->setJSON(Array)
#4 C:\Users\pablo\OneDrive\Documentos\GitHub\JuseaRepository\vendor\codeigniter4\framework\system\CodeIgniter.php(951): App\Controllers\ApiController->buscarPersonaPorApellido()
#5 C:\Users\pablo\OneDrive\Documentos\GitHub\JuseaRepository\vendor\codeigniter4\framework\system\CodeIgniter.php(497): CodeIgniter\CodeIgniter->runController(Object(App\Controllers\ApiController))
#6 C:\Users\pablo\OneDrive\Documentos\GitHub\JuseaRepository\vendor\codeigniter4\framework\system\CodeIgniter.php(340): CodeIgniter\CodeIgniter->handleRequest(NULL, Object(Config\Cache), false)
#7 C:\Users\pablo\OneDrive\Documentos\GitHub\JuseaRepository\vendor\codeigniter4\framework\system\Boot.php(417): CodeIgniter\CodeIgniter->run()
#8 C:\Users\pablo\OneDrive\Documentos\GitHub\JuseaRepository\vendor\codeigniter4\framework\system\Boot.php(68): CodeIgniter\Boot::runCodeIgniter(Object(CodeIgniter\CodeIgniter))
#9 C:\Users\pablo\OneDrive\Documentos\GitHub\JuseaRepository\public\index.php(54): CodeIgniter\Boot::bootWeb(Object(Config\Paths))
#10 {main}
[Method: GET, Route: api/persona/buscar-apellido]
in SYSTEMPATH\Format\JSONFormatter.php on line 47.
 1 [internal function]: CodeIgniter\Debug\Exceptions->shutdownHandler()
CRITICAL - 2026-05-06 14:12:02 --> CodeIgniter\Format\Exceptions\FormatException: Failed to parse JSON string. Error: Malformed UTF-8 characters, possibly incorrectly encoded
[Method: GET, Route: api/persona/buscar-apellido]
in SYSTEMPATH\Format\JSONFormatter.php on line 47.
 1 SYSTEMPATH\Format\JSONFormatter.php(47): CodeIgniter\Format\Exceptions\FormatException::forInvalidJSON('Malformed UTF-8 characters, possibly incorrectly encoded')
 2 SYSTEMPATH\HTTP\ResponseTrait.php(252): CodeIgniter\Format\JSONFormatter->format([...])
 3 SYSTEMPATH\HTTP\ResponseTrait.php(178): CodeIgniter\HTTP\Response->formatBody([...], 'json')
 4 APPPATH\Controllers\ApiController.php(51): CodeIgniter\HTTP\Response->setJSON([...])
 5 SYSTEMPATH\CodeIgniter.php(951): App\Controllers\ApiController->buscarPersonaPorApellido()
 6 SYSTEMPATH\CodeIgniter.php(497): CodeIgniter\CodeIgniter->runController(Object(App\Controllers\ApiController))
 7 SYSTEMPATH\CodeIgniter.php(340): CodeIgniter\CodeIgniter->handleRequest(null, Object(Config\Cache), false)
 8 SYSTEMPATH\Boot.php(417): CodeIgniter\CodeIgniter->run()
 9 SYSTEMPATH\Boot.php(68): CodeIgniter\Boot::runCodeIgniter(Object(CodeIgniter\CodeIgniter))
10 FCPATH\index.php(54): CodeIgniter\Boot::bootWeb(Object(Config\Paths))
CRITICAL - 2026-05-06 14:12:02 --> ErrorException: Uncaught CodeIgniter\Format\Exceptions\FormatException: Failed to parse JSON string. Error: Malformed UTF-8 characters, possibly incorrectly encoded in C:\Users\pablo\OneDrive\Documentos\GitHub\JuseaRepository\vendor\codeigniter4\framework\system\Format\JSONFormatter.php:47
Stack trace:
#0 C:\Users\pablo\OneDrive\Documentos\GitHub\JuseaRepository\vendor\codeigniter4\framework\system\Format\JSONFormatter.php(47): CodeIgniter\Format\Exceptions\FormatException::forInvalidJSON('Malformed UTF-8...')
#1 C:\Users\pablo\OneDrive\Documentos\GitHub\JuseaRepository\vendor\codeigniter4\framework\system\API\ResponseTrait.php(352): CodeIgniter\Format\JSONFormatter->format(Array)
#2 C:\Users\pablo\OneDrive\Documentos\GitHub\JuseaRepository\vendor\codeigniter4\framework\system\API\ResponseTrait.php(111): CodeIgniter\Debug\ExceptionHandler->format(Array)
#3 C:\Users\pablo\OneDrive\Documentos\GitHub\JuseaRepository\vendor\codeigniter4\framework\system\Debug\ExceptionHandler.php(95): CodeIgniter\Debug\ExceptionHandler->respond(Array, 500)
#4 C:\Users\pablo\OneDrive\Documentos\GitHub\JuseaRepository\vendor\codeigniter4\framework\system\Debug\Exceptions.php(151): CodeIgniter\Debug\ExceptionHandler->handle(Object(CodeIgniter\Format\Exceptions\FormatException), Object(CodeIgniter\HTTP\IncomingRequest), Object(CodeIgniter\HTTP\Response), 500, 1)
#5 [internal function]: CodeIgniter\Debug\Exceptions->exceptionHandler(Object(CodeIgniter\Format\Exceptions\FormatException))
#6 {main}
  thrown
【Previous Exception】
CodeIgniter\Format\Exceptions\FormatException
Failed to parse JSON string. Error: Malformed UTF-8 characters, possibly incorrectly encoded
#0 C:\Users\pablo\OneDrive\Documentos\GitHub\JuseaRepository\vendor\codeigniter4\framework\system\Format\JSONFormatter.php(47): CodeIgniter\Format\Exceptions\FormatException::forInvalidJSON('Malformed UTF-8...')
#1 C:\Users\pablo\OneDrive\Documentos\GitHub\JuseaRepository\vendor\codeigniter4\framework\system\HTTP\ResponseTrait.php(252): CodeIgniter\Format\JSONFormatter->format(Array)
#2 C:\Users\pablo\OneDrive\Documentos\GitHub\JuseaRepository\vendor\codeigniter4\framework\system\HTTP\ResponseTrait.php(178): CodeIgniter\HTTP\Response->formatBody(Array, 'json')
#3 C:\Users\pablo\OneDrive\Documentos\GitHub\JuseaRepository\app\Controllers\ApiController.php(51): CodeIgniter\HTTP\Response->setJSON(Array)
#4 C:\Users\pablo\OneDrive\Documentos\GitHub\JuseaRepository\vendor\codeigniter4\framework\system\CodeIgniter.php(951): App\Controllers\ApiController->buscarPersonaPorApellido()
#5 C:\Users\pablo\OneDrive\Documentos\GitHub\JuseaRepository\vendor\codeigniter4\framework\system\CodeIgniter.php(497): CodeIgniter\CodeIgniter->runController(Object(App\Controllers\ApiController))
#6 C:\Users\pablo\OneDrive\Documentos\GitHub\JuseaRepository\vendor\codeigniter4\framework\system\CodeIgniter.php(340): CodeIgniter\CodeIgniter->handleRequest(NULL, Object(Config\Cache), false)
#7 C:\Users\pablo\OneDrive\Documentos\GitHub\JuseaRepository\vendor\codeigniter4\framework\system\Boot.php(417): CodeIgniter\CodeIgniter->run()
#8 C:\Users\pablo\OneDrive\Documentos\GitHub\JuseaRepository\vendor\codeigniter4\framework\system\Boot.php(68): CodeIgniter\Boot::runCodeIgniter(Object(CodeIgniter\CodeIgniter))
#9 C:\Users\pablo\OneDrive\Documentos\GitHub\JuseaRepository\public\index.php(54): CodeIgniter\Boot::bootWeb(Object(Config\Paths))
#10 {main}
[Method: GET, Route: api/persona/buscar-apellido]
in SYSTEMPATH\Format\JSONFormatter.php on line 47.
 1 [internal function]: CodeIgniter\Debug\Exceptions->shutdownHandler()
CRITICAL - 2026-05-06 14:12:02 --> CodeIgniter\Format\Exceptions\FormatException: Failed to parse JSON string. Error: Malformed UTF-8 characters, possibly incorrectly encoded
[Method: GET, Route: api/persona/buscar-apellido]
in SYSTEMPATH\Format\JSONFormatter.php on line 47.
 1 SYSTEMPATH\Format\JSONFormatter.php(47): CodeIgniter\Format\Exceptions\FormatException::forInvalidJSON('Malformed UTF-8 characters, possibly incorrectly encoded')
 2 SYSTEMPATH\HTTP\ResponseTrait.php(252): CodeIgniter\Format\JSONFormatter->format([...])
 3 SYSTEMPATH\HTTP\ResponseTrait.php(178): CodeIgniter\HTTP\Response->formatBody([...], 'json')
 4 APPPATH\Controllers\ApiController.php(51): CodeIgniter\HTTP\Response->setJSON([...])
 5 SYSTEMPATH\CodeIgniter.php(951): App\Controllers\ApiController->buscarPersonaPorApellido()
 6 SYSTEMPATH\CodeIgniter.php(497): CodeIgniter\CodeIgniter->runController(Object(App\Controllers\ApiController))
 7 SYSTEMPATH\CodeIgniter.php(340): CodeIgniter\CodeIgniter->handleRequest(null, Object(Config\Cache), false)
 8 SYSTEMPATH\Boot.php(417): CodeIgniter\CodeIgniter->run()
 9 SYSTEMPATH\Boot.php(68): CodeIgniter\Boot::runCodeIgniter(Object(CodeIgniter\CodeIgniter))
10 FCPATH\index.php(54): CodeIgniter\Boot::bootWeb(Object(Config\Paths))
CRITICAL - 2026-05-06 14:12:02 --> ErrorException: Uncaught CodeIgniter\Format\Exceptions\FormatException: Failed to parse JSON string. Error: Malformed UTF-8 characters, possibly incorrectly encoded in C:\Users\pablo\OneDrive\Documentos\GitHub\JuseaRepository\vendor\codeigniter4\framework\system\Format\JSONFormatter.php:47
Stack trace:
#0 C:\Users\pablo\OneDrive\Documentos\GitHub\JuseaRepository\vendor\codeigniter4\framework\system\Format\JSONFormatter.php(47): CodeIgniter\Format\Exceptions\FormatException::forInvalidJSON('Malformed UTF-8...')
#1 C:\Users\pablo\OneDrive\Documentos\GitHub\JuseaRepository\vendor\codeigniter4\framework\system\API\ResponseTrait.php(352): CodeIgniter\Format\JSONFormatter->format(Array)
#2 C:\Users\pablo\OneDrive\Documentos\GitHub\JuseaRepository\vendor\codeigniter4\framework\system\API\ResponseTrait.php(111): CodeIgniter\Debug\ExceptionHandler->format(Array)
#3 C:\Users\pablo\OneDrive\Documentos\GitHub\JuseaRepository\vendor\codeigniter4\framework\system\Debug\ExceptionHandler.php(95): CodeIgniter\Debug\ExceptionHandler->respond(Array, 500)
#4 C:\Users\pablo\OneDrive\Documentos\GitHub\JuseaRepository\vendor\codeigniter4\framework\system\Debug\Exceptions.php(151): CodeIgniter\Debug\ExceptionHandler->handle(Object(CodeIgniter\Format\Exceptions\FormatException), Object(CodeIgniter\HTTP\IncomingRequest), Object(CodeIgniter\HTTP\Response), 500, 1)
#5 [internal function]: CodeIgniter\Debug\Exceptions->exceptionHandler(Object(CodeIgniter\Format\Exceptions\FormatException))
#6 {main}
  thrown
【Previous Exception】
CodeIgniter\Format\Exceptions\FormatException
Failed to parse JSON string. Error: Malformed UTF-8 characters, possibly incorrectly encoded
#0 C:\Users\pablo\OneDrive\Documentos\GitHub\JuseaRepository\vendor\codeigniter4\framework\system\Format\JSONFormatter.php(47): CodeIgniter\Format\Exceptions\FormatException::forInvalidJSON('Malformed UTF-8...')
#1 C:\Users\pablo\OneDrive\Documentos\GitHub\JuseaRepository\vendor\codeigniter4\framework\system\HTTP\ResponseTrait.php(252): CodeIgniter\Format\JSONFormatter->format(Array)
#2 C:\Users\pablo\OneDrive\Documentos\GitHub\JuseaRepository\vendor\codeigniter4\framework\system\HTTP\ResponseTrait.php(178): CodeIgniter\HTTP\Response->formatBody(Array, 'json')
#3 C:\Users\pablo\OneDrive\Documentos\GitHub\JuseaRepository\app\Controllers\ApiController.php(51): CodeIgniter\HTTP\Response->setJSON(Array)
#4 C:\Users\pablo\OneDrive\Documentos\GitHub\JuseaRepository\vendor\codeigniter4\framework\system\CodeIgniter.php(951): App\Controllers\ApiController->buscarPersonaPorApellido()
#5 C:\Users\pablo\OneDrive\Documentos\GitHub\JuseaRepository\vendor\codeigniter4\framework\system\CodeIgniter.php(497): CodeIgniter\CodeIgniter->runController(Object(App\Controllers\ApiController))
#6 C:\Users\pablo\OneDrive\Documentos\GitHub\JuseaRepository\vendor\codeigniter4\framework\system\CodeIgniter.php(340): CodeIgniter\CodeIgniter->handleRequest(NULL, Object(Config\Cache), false)
#7 C:\Users\pablo\OneDrive\Documentos\GitHub\JuseaRepository\vendor\codeigniter4\framework\system\Boot.php(417): CodeIgniter\CodeIgniter->run()
#8 C:\Users\pablo\OneDrive\Documentos\GitHub\JuseaRepository\vendor\codeigniter4\framework\system\Boot.php(68): CodeIgniter\Boot::runCodeIgniter(Object(CodeIgniter\CodeIgniter))
#9 C:\Users\pablo\OneDrive\Documentos\GitHub\JuseaRepository\public\index.php(54): CodeIgniter\Boot::bootWeb(Object(Config\Paths))
#10 {main}
[Method: GET, Route: api/persona/buscar-apellido]
in SYSTEMPATH\Format\JSONFormatter.php on line 47.
 1 [internal function]: CodeIgniter\Debug\Exceptions->shutdownHandler()
CRITICAL - 2026-05-06 14:12:03 --> CodeIgniter\Format\Exceptions\FormatException: Failed to parse JSON string. Error: Malformed UTF-8 characters, possibly incorrectly encoded
[Method: GET, Route: api/persona/buscar-apellido]
in SYSTEMPATH\Format\JSONFormatter.php on line 47.
 1 SYSTEMPATH\Format\JSONFormatter.php(47): CodeIgniter\Format\Exceptions\FormatException::forInvalidJSON('Malformed UTF-8 characters, possibly incorrectly encoded')
 2 SYSTEMPATH\HTTP\ResponseTrait.php(252): CodeIgniter\Format\JSONFormatter->format([...])
 3 SYSTEMPATH\HTTP\ResponseTrait.php(178): CodeIgniter\HTTP\Response->formatBody([...], 'json')
 4 APPPATH\Controllers\ApiController.php(51): CodeIgniter\HTTP\Response->setJSON([...])
 5 SYSTEMPATH\CodeIgniter.php(951): App\Controllers\ApiController->buscarPersonaPorApellido()
 6 SYSTEMPATH\CodeIgniter.php(497): CodeIgniter\CodeIgniter->runController(Object(App\Controllers\ApiController))
 7 SYSTEMPATH\CodeIgniter.php(340): CodeIgniter\CodeIgniter->handleRequest(null, Object(Config\Cache), false)
 8 SYSTEMPATH\Boot.php(417): CodeIgniter\CodeIgniter->run()
 9 SYSTEMPATH\Boot.php(68): CodeIgniter\Boot::runCodeIgniter(Object(CodeIgniter\CodeIgniter))
10 FCPATH\index.php(54): CodeIgniter\Boot::bootWeb(Object(Config\Paths))
CRITICAL - 2026-05-06 14:12:03 --> ErrorException: Uncaught CodeIgniter\Format\Exceptions\FormatException: Failed to parse JSON string. Error: Malformed UTF-8 characters, possibly incorrectly encoded in C:\Users\pablo\OneDrive\Documentos\GitHub\JuseaRepository\vendor\codeigniter4\framework\system\Format\JSONFormatter.php:47
Stack trace:
#0 C:\Users\pablo\OneDrive\Documentos\GitHub\JuseaRepository\vendor\codeigniter4\framework\system\Format\JSONFormatter.php(47): CodeIgniter\Format\Exceptions\FormatException::forInvalidJSON('Malformed UTF-8...')
#1 C:\Users\pablo\OneDrive\Documentos\GitHub\JuseaRepository\vendor\codeigniter4\framework\system\API\ResponseTrait.php(352): CodeIgniter\Format\JSONFormatter->format(Array)
#2 C:\Users\pablo\OneDrive\Documentos\GitHub\JuseaRepository\vendor\codeigniter4\framework\system\API\ResponseTrait.php(111): CodeIgniter\Debug\ExceptionHandler->format(Array)
#3 C:\Users\pablo\OneDrive\Documentos\GitHub\JuseaRepository\vendor\codeigniter4\framework\system\Debug\ExceptionHandler.php(95): CodeIgniter\Debug\ExceptionHandler->respond(Array, 500)
#4 C:\Users\pablo\OneDrive\Documentos\GitHub\JuseaRepository\vendor\codeigniter4\framework\system\Debug\Exceptions.php(151): CodeIgniter\Debug\ExceptionHandler->handle(Object(CodeIgniter\Format\Exceptions\FormatException), Object(CodeIgniter\HTTP\IncomingRequest), Object(CodeIgniter\HTTP\Response), 500, 1)
#5 [internal function]: CodeIgniter\Debug\Exceptions->exceptionHandler(Object(CodeIgniter\Format\Exceptions\FormatException))
#6 {main}
  thrown
【Previous Exception】
CodeIgniter\Format\Exceptions\FormatException
Failed to parse JSON string. Error: Malformed UTF-8 characters, possibly incorrectly encoded
#0 C:\Users\pablo\OneDrive\Documentos\GitHub\JuseaRepository\vendor\codeigniter4\framework\system\Format\JSONFormatter.php(47): CodeIgniter\Format\Exceptions\FormatException::forInvalidJSON('Malformed UTF-8...')
#1 C:\Users\pablo\OneDrive\Documentos\GitHub\JuseaRepository\vendor\codeigniter4\framework\system\HTTP\ResponseTrait.php(252): CodeIgniter\Format\JSONFormatter->format(Array)
#2 C:\Users\pablo\OneDrive\Documentos\GitHub\JuseaRepository\vendor\codeigniter4\framework\system\HTTP\ResponseTrait.php(178): CodeIgniter\HTTP\Response->formatBody(Array, 'json')
#3 C:\Users\pablo\OneDrive\Documentos\GitHub\JuseaRepository\app\Controllers\ApiController.php(51): CodeIgniter\HTTP\Response->setJSON(Array)
#4 C:\Users\pablo\OneDrive\Documentos\GitHub\JuseaRepository\vendor\codeigniter4\framework\system\CodeIgniter.php(951): App\Controllers\ApiController->buscarPersonaPorApellido()
#5 C:\Users\pablo\OneDrive\Documentos\GitHub\JuseaRepository\vendor\codeigniter4\framework\system\CodeIgniter.php(497): CodeIgniter\CodeIgniter->runController(Object(App\Controllers\ApiController))
#6 C:\Users\pablo\OneDrive\Documentos\GitHub\JuseaRepository\vendor\codeigniter4\framework\system\CodeIgniter.php(340): CodeIgniter\CodeIgniter->handleRequest(NULL, Object(Config\Cache), false)
#7 C:\Users\pablo\OneDrive\Documentos\GitHub\JuseaRepository\vendor\codeigniter4\framework\system\Boot.php(417): CodeIgniter\CodeIgniter->run()
#8 C:\Users\pablo\OneDrive\Documentos\GitHub\JuseaRepository\vendor\codeigniter4\framework\system\Boot.php(68): CodeIgniter\Boot::runCodeIgniter(Object(CodeIgniter\CodeIgniter))
#9 C:\Users\pablo\OneDrive\Documentos\GitHub\JuseaRepository\public\index.php(54): CodeIgniter\Boot::bootWeb(Object(Config\Paths))
#10 {main}
[Method: GET, Route: api/persona/buscar-apellido]
in SYSTEMPATH\Format\JSONFormatter.php on line 47.
 1 [internal function]: CodeIgniter\Debug\Exceptions->shutdownHandler()
CRITICAL - 2026-05-06 14:12:03 --> CodeIgniter\Format\Exceptions\FormatException: Failed to parse JSON string. Error: Malformed UTF-8 characters, possibly incorrectly encoded
[Method: GET, Route: api/persona/buscar-apellido]
in SYSTEMPATH\Format\JSONFormatter.php on line 47.
 1 SYSTEMPATH\Format\JSONFormatter.php(47): CodeIgniter\Format\Exceptions\FormatException::forInvalidJSON('Malformed UTF-8 characters, possibly incorrectly encoded')
 2 SYSTEMPATH\HTTP\ResponseTrait.php(252): CodeIgniter\Format\JSONFormatter->format([...])
 3 SYSTEMPATH\HTTP\ResponseTrait.php(178): CodeIgniter\HTTP\Response->formatBody([...], 'json')
 4 APPPATH\Controllers\ApiController.php(51): CodeIgniter\HTTP\Response->setJSON([...])
 5 SYSTEMPATH\CodeIgniter.php(951): App\Controllers\ApiController->buscarPersonaPorApellido()
 6 SYSTEMPATH\CodeIgniter.php(497): CodeIgniter\CodeIgniter->runController(Object(App\Controllers\ApiController))
 7 SYSTEMPATH\CodeIgniter.php(340): CodeIgniter\CodeIgniter->handleRequest(null, Object(Config\Cache), false)
 8 SYSTEMPATH\Boot.php(417): CodeIgniter\CodeIgniter->run()
 9 SYSTEMPATH\Boot.php(68): CodeIgniter\Boot::runCodeIgniter(Object(CodeIgniter\CodeIgniter))
10 FCPATH\index.php(54): CodeIgniter\Boot::bootWeb(Object(Config\Paths))
CRITICAL - 2026-05-06 14:12:03 --> ErrorException: Uncaught CodeIgniter\Format\Exceptions\FormatException: Failed to parse JSON string. Error: Malformed UTF-8 characters, possibly incorrectly encoded in C:\Users\pablo\OneDrive\Documentos\GitHub\JuseaRepository\vendor\codeigniter4\framework\system\Format\JSONFormatter.php:47
Stack trace:
#0 C:\Users\pablo\OneDrive\Documentos\GitHub\JuseaRepository\vendor\codeigniter4\framework\system\Format\JSONFormatter.php(47): CodeIgniter\Format\Exceptions\FormatException::forInvalidJSON('Malformed UTF-8...')
#1 C:\Users\pablo\OneDrive\Documentos\GitHub\JuseaRepository\vendor\codeigniter4\framework\system\API\ResponseTrait.php(352): CodeIgniter\Format\JSONFormatter->format(Array)
#2 C:\Users\pablo\OneDrive\Documentos\GitHub\JuseaRepository\vendor\codeigniter4\framework\system\API\ResponseTrait.php(111): CodeIgniter\Debug\ExceptionHandler->format(Array)
#3 C:\Users\pablo\OneDrive\Documentos\GitHub\JuseaRepository\vendor\codeigniter4\framework\system\Debug\ExceptionHandler.php(95): CodeIgniter\Debug\ExceptionHandler->respond(Array, 500)
#4 C:\Users\pablo\OneDrive\Documentos\GitHub\JuseaRepository\vendor\codeigniter4\framework\system\Debug\Exceptions.php(151): CodeIgniter\Debug\ExceptionHandler->handle(Object(CodeIgniter\Format\Exceptions\FormatException), Object(CodeIgniter\HTTP\IncomingRequest), Object(CodeIgniter\HTTP\Response), 500, 1)
#5 [internal function]: CodeIgniter\Debug\Exceptions->exceptionHandler(Object(CodeIgniter\Format\Exceptions\FormatException))
#6 {main}
  thrown
【Previous Exception】
CodeIgniter\Format\Exceptions\FormatException
Failed to parse JSON string. Error: Malformed UTF-8 characters, possibly incorrectly encoded
#0 C:\Users\pablo\OneDrive\Documentos\GitHub\JuseaRepository\vendor\codeigniter4\framework\system\Format\JSONFormatter.php(47): CodeIgniter\Format\Exceptions\FormatException::forInvalidJSON('Malformed UTF-8...')
#1 C:\Users\pablo\OneDrive\Documentos\GitHub\JuseaRepository\vendor\codeigniter4\framework\system\HTTP\ResponseTrait.php(252): CodeIgniter\Format\JSONFormatter->format(Array)
#2 C:\Users\pablo\OneDrive\Documentos\GitHub\JuseaRepository\vendor\codeigniter4\framework\system\HTTP\ResponseTrait.php(178): CodeIgniter\HTTP\Response->formatBody(Array, 'json')
#3 C:\Users\pablo\OneDrive\Documentos\GitHub\JuseaRepository\app\Controllers\ApiController.php(51): CodeIgniter\HTTP\Response->setJSON(Array)
#4 C:\Users\pablo\OneDrive\Documentos\GitHub\JuseaRepository\vendor\codeigniter4\framework\system\CodeIgniter.php(951): App\Controllers\ApiController->buscarPersonaPorApellido()
#5 C:\Users\pablo\OneDrive\Documentos\GitHub\JuseaRepository\vendor\codeigniter4\framework\system\CodeIgniter.php(497): CodeIgniter\CodeIgniter->runController(Object(App\Controllers\ApiController))
#6 C:\Users\pablo\OneDrive\Documentos\GitHub\JuseaRepository\vendor\codeigniter4\framework\system\CodeIgniter.php(340): CodeIgniter\CodeIgniter->handleRequest(NULL, Object(Config\Cache), false)
#7 C:\Users\pablo\OneDrive\Documentos\GitHub\JuseaRepository\vendor\codeigniter4\framework\system\Boot.php(417): CodeIgniter\CodeIgniter->run()
#8 C:\Users\pablo\OneDrive\Documentos\GitHub\JuseaRepository\vendor\codeigniter4\framework\system\Boot.php(68): CodeIgniter\Boot::runCodeIgniter(Object(CodeIgniter\CodeIgniter))
#9 C:\Users\pablo\OneDrive\Documentos\GitHub\JuseaRepository\public\index.php(54): CodeIgniter\Boot::bootWeb(Object(Config\Paths))
#10 {main}
[Method: GET, Route: api/persona/buscar-apellido]
in SYSTEMPATH\Format\JSONFormatter.php on line 47.
 1 [internal function]: CodeIgniter\Debug\Exceptions->shutdownHandler()
CRITICAL - 2026-05-06 14:12:19 --> CodeIgniter\Format\Exceptions\FormatException: Failed to parse JSON string. Error: Malformed UTF-8 characters, possibly incorrectly encoded
[Method: GET, Route: api/persona/buscar-apellido]
in SYSTEMPATH\Format\JSONFormatter.php on line 47.
 1 SYSTEMPATH\Format\JSONFormatter.php(47): CodeIgniter\Format\Exceptions\FormatException::forInvalidJSON('Malformed UTF-8 characters, possibly incorrectly encoded')
 2 SYSTEMPATH\HTTP\ResponseTrait.php(252): CodeIgniter\Format\JSONFormatter->format([...])
 3 SYSTEMPATH\HTTP\ResponseTrait.php(178): CodeIgniter\HTTP\Response->formatBody([...], 'json')
 4 APPPATH\Controllers\ApiController.php(51): CodeIgniter\HTTP\Response->setJSON([...])
 5 SYSTEMPATH\CodeIgniter.php(951): App\Controllers\ApiController->buscarPersonaPorApellido()
 6 SYSTEMPATH\CodeIgniter.php(497): CodeIgniter\CodeIgniter->runController(Object(App\Controllers\ApiController))
 7 SYSTEMPATH\CodeIgniter.php(340): CodeIgniter\CodeIgniter->handleRequest(null, Object(Config\Cache), false)
 8 SYSTEMPATH\Boot.php(417): CodeIgniter\CodeIgniter->run()
 9 SYSTEMPATH\Boot.php(68): CodeIgniter\Boot::runCodeIgniter(Object(CodeIgniter\CodeIgniter))
10 FCPATH\index.php(54): CodeIgniter\Boot::bootWeb(Object(Config\Paths))
CRITICAL - 2026-05-06 14:12:19 --> ErrorException: Uncaught CodeIgniter\Format\Exceptions\FormatException: Failed to parse JSON string. Error: Malformed UTF-8 characters, possibly incorrectly encoded in C:\Users\pablo\OneDrive\Documentos\GitHub\JuseaRepository\vendor\codeigniter4\framework\system\Format\JSONFormatter.php:47
Stack trace:
#0 C:\Users\pablo\OneDrive\Documentos\GitHub\JuseaRepository\vendor\codeigniter4\framework\system\Format\JSONFormatter.php(47): CodeIgniter\Format\Exceptions\FormatException::forInvalidJSON('Malformed UTF-8...')
#1 C:\Users\pablo\OneDrive\Documentos\GitHub\JuseaRepository\vendor\codeigniter4\framework\system\API\ResponseTrait.php(352): CodeIgniter\Format\JSONFormatter->format(Array)
#2 C:\Users\pablo\OneDrive\Documentos\GitHub\JuseaRepository\vendor\codeigniter4\framework\system\API\ResponseTrait.php(111): CodeIgniter\Debug\ExceptionHandler->format(Array)
#3 C:\Users\pablo\OneDrive\Documentos\GitHub\JuseaRepository\vendor\codeigniter4\framework\system\Debug\ExceptionHandler.php(95): CodeIgniter\Debug\ExceptionHandler->respond(Array, 500)
#4 C:\Users\pablo\OneDrive\Documentos\GitHub\JuseaRepository\vendor\codeigniter4\framework\system\Debug\Exceptions.php(151): CodeIgniter\Debug\ExceptionHandler->handle(Object(CodeIgniter\Format\Exceptions\FormatException), Object(CodeIgniter\HTTP\IncomingRequest), Object(CodeIgniter\HTTP\Response), 500, 1)
#5 [internal function]: CodeIgniter\Debug\Exceptions->exceptionHandler(Object(CodeIgniter\Format\Exceptions\FormatException))
#6 {main}
  thrown
【Previous Exception】
CodeIgniter\Format\Exceptions\FormatException
Failed to parse JSON string. Error: Malformed UTF-8 characters, possibly incorrectly encoded
#0 C:\Users\pablo\OneDrive\Documentos\GitHub\JuseaRepository\vendor\codeigniter4\framework\system\Format\JSONFormatter.php(47): CodeIgniter\Format\Exceptions\FormatException::forInvalidJSON('Malformed UTF-8...')
#1 C:\Users\pablo\OneDrive\Documentos\GitHub\JuseaRepository\vendor\codeigniter4\framework\system\HTTP\ResponseTrait.php(252): CodeIgniter\Format\JSONFormatter->format(Array)
#2 C:\Users\pablo\OneDrive\Documentos\GitHub\JuseaRepository\vendor\codeigniter4\framework\system\HTTP\ResponseTrait.php(178): CodeIgniter\HTTP\Response->formatBody(Array, 'json')
#3 C:\Users\pablo\OneDrive\Documentos\GitHub\JuseaRepository\app\Controllers\ApiController.php(51): CodeIgniter\HTTP\Response->setJSON(Array)
#4 C:\Users\pablo\OneDrive\Documentos\GitHub\JuseaRepository\vendor\codeigniter4\framework\system\CodeIgniter.php(951): App\Controllers\ApiController->buscarPersonaPorApellido()
#5 C:\Users\pablo\OneDrive\Documentos\GitHub\JuseaRepository\vendor\codeigniter4\framework\system\CodeIgniter.php(497): CodeIgniter\CodeIgniter->runController(Object(App\Controllers\ApiController))
#6 C:\Users\pablo\OneDrive\Documentos\GitHub\JuseaRepository\vendor\codeigniter4\framework\system\CodeIgniter.php(340): CodeIgniter\CodeIgniter->handleRequest(NULL, Object(Config\Cache), false)
#7 C:\Users\pablo\OneDrive\Documentos\GitHub\JuseaRepository\vendor\codeigniter4\framework\system\Boot.php(417): CodeIgniter\CodeIgniter->run()
#8 C:\Users\pablo\OneDrive\Documentos\GitHub\JuseaRepository\vendor\codeigniter4\framework\system\Boot.php(68): CodeIgniter\Boot::runCodeIgniter(Object(CodeIgniter\CodeIgniter))
#9 C:\Users\pablo\OneDrive\Documentos\GitHub\JuseaRepository\public\index.php(54): CodeIgniter\Boot::bootWeb(Object(Config\Paths))
#10 {main}
[Method: GET, Route: api/persona/buscar-apellido]
in SYSTEMPATH\Format\JSONFormatter.php on line 47.
 1 [internal function]: CodeIgniter\Debug\Exceptions->shutdownHandler()
CRITICAL - 2026-05-06 14:12:22 --> CodeIgniter\Format\Exceptions\FormatException: Failed to parse JSON string. Error: Malformed UTF-8 characters, possibly incorrectly encoded
[Method: GET, Route: api/persona/buscar-apellido]
in SYSTEMPATH\Format\JSONFormatter.php on line 47.
 1 SYSTEMPATH\Format\JSONFormatter.php(47): CodeIgniter\Format\Exceptions\FormatException::forInvalidJSON('Malformed UTF-8 characters, possibly incorrectly encoded')
 2 SYSTEMPATH\HTTP\ResponseTrait.php(252): CodeIgniter\Format\JSONFormatter->format([...])
 3 SYSTEMPATH\HTTP\ResponseTrait.php(178): CodeIgniter\HTTP\Response->formatBody([...], 'json')
 4 APPPATH\Controllers\ApiController.php(51): CodeIgniter\HTTP\Response->setJSON([...])
 5 SYSTEMPATH\CodeIgniter.php(951): App\Controllers\ApiController->buscarPersonaPorApellido()
 6 SYSTEMPATH\CodeIgniter.php(497): CodeIgniter\CodeIgniter->runController(Object(App\Controllers\ApiController))
 7 SYSTEMPATH\CodeIgniter.php(340): CodeIgniter\CodeIgniter->handleRequest(null, Object(Config\Cache), false)
 8 SYSTEMPATH\Boot.php(417): CodeIgniter\CodeIgniter->run()
 9 SYSTEMPATH\Boot.php(68): CodeIgniter\Boot::runCodeIgniter(Object(CodeIgniter\CodeIgniter))
10 FCPATH\index.php(54): CodeIgniter\Boot::bootWeb(Object(Config\Paths))
CRITICAL - 2026-05-06 14:12:22 --> ErrorException: Uncaught CodeIgniter\Format\Exceptions\FormatException: Failed to parse JSON string. Error: Malformed UTF-8 characters, possibly incorrectly encoded in C:\Users\pablo\OneDrive\Documentos\GitHub\JuseaRepository\vendor\codeigniter4\framework\system\Format\JSONFormatter.php:47
Stack trace:
#0 C:\Users\pablo\OneDrive\Documentos\GitHub\JuseaRepository\vendor\codeigniter4\framework\system\Format\JSONFormatter.php(47): CodeIgniter\Format\Exceptions\FormatException::forInvalidJSON('Malformed UTF-8...')
#1 C:\Users\pablo\OneDrive\Documentos\GitHub\JuseaRepository\vendor\codeigniter4\framework\system\API\ResponseTrait.php(352): CodeIgniter\Format\JSONFormatter->format(Array)
#2 C:\Users\pablo\OneDrive\Documentos\GitHub\JuseaRepository\vendor\codeigniter4\framework\system\API\ResponseTrait.php(111): CodeIgniter\Debug\ExceptionHandler->format(Array)
#3 C:\Users\pablo\OneDrive\Documentos\GitHub\JuseaRepository\vendor\codeigniter4\framework\system\Debug\ExceptionHandler.php(95): CodeIgniter\Debug\ExceptionHandler->respond(Array, 500)
#4 C:\Users\pablo\OneDrive\Documentos\GitHub\JuseaRepository\vendor\codeigniter4\framework\system\Debug\Exceptions.php(151): CodeIgniter\Debug\ExceptionHandler->handle(Object(CodeIgniter\Format\Exceptions\FormatException), Object(CodeIgniter\HTTP\IncomingRequest), Object(CodeIgniter\HTTP\Response), 500, 1)
#5 [internal function]: CodeIgniter\Debug\Exceptions->exceptionHandler(Object(CodeIgniter\Format\Exceptions\FormatException))
#6 {main}
  thrown
【Previous Exception】
CodeIgniter\Format\Exceptions\FormatException
Failed to parse JSON string. Error: Malformed UTF-8 characters, possibly incorrectly encoded
#0 C:\Users\pablo\OneDrive\Documentos\GitHub\JuseaRepository\vendor\codeigniter4\framework\system\Format\JSONFormatter.php(47): CodeIgniter\Format\Exceptions\FormatException::forInvalidJSON('Malformed UTF-8...')
#1 C:\Users\pablo\OneDrive\Documentos\GitHub\JuseaRepository\vendor\codeigniter4\framework\system\HTTP\ResponseTrait.php(252): CodeIgniter\Format\JSONFormatter->format(Array)
#2 C:\Users\pablo\OneDrive\Documentos\GitHub\JuseaRepository\vendor\codeigniter4\framework\system\HTTP\ResponseTrait.php(178): CodeIgniter\HTTP\Response->formatBody(Array, 'json')
#3 C:\Users\pablo\OneDrive\Documentos\GitHub\JuseaRepository\app\Controllers\ApiController.php(51): CodeIgniter\HTTP\Response->setJSON(Array)
#4 C:\Users\pablo\OneDrive\Documentos\GitHub\JuseaRepository\vendor\codeigniter4\framework\system\CodeIgniter.php(951): App\Controllers\ApiController->buscarPersonaPorApellido()
#5 C:\Users\pablo\OneDrive\Documentos\GitHub\JuseaRepository\vendor\codeigniter4\framework\system\CodeIgniter.php(497): CodeIgniter\CodeIgniter->runController(Object(App\Controllers\ApiController))
#6 C:\Users\pablo\OneDrive\Documentos\GitHub\JuseaRepository\vendor\codeigniter4\framework\system\CodeIgniter.php(340): CodeIgniter\CodeIgniter->handleRequest(NULL, Object(Config\Cache), false)
#7 C:\Users\pablo\OneDrive\Documentos\GitHub\JuseaRepository\vendor\codeigniter4\framework\system\Boot.php(417): CodeIgniter\CodeIgniter->run()
#8 C:\Users\pablo\OneDrive\Documentos\GitHub\JuseaRepository\vendor\codeigniter4\framework\system\Boot.php(68): CodeIgniter\Boot::runCodeIgniter(Object(CodeIgniter\CodeIgniter))
#9 C:\Users\pablo\OneDrive\Documentos\GitHub\JuseaRepository\public\index.php(54): CodeIgniter\Boot::bootWeb(Object(Config\Paths))
#10 {main}
[Method: GET, Route: api/persona/buscar-apellido]
in SYSTEMPATH\Format\JSONFormatter.php on line 47.
 1 [internal function]: CodeIgniter\Debug\Exceptions->shutdownHandler()
CRITICAL - 2026-05-06 14:12:26 --> CodeIgniter\Format\Exceptions\FormatException: Failed to parse JSON string. Error: Malformed UTF-8 characters, possibly incorrectly encoded
[Method: GET, Route: api/persona/buscar-apellido]
in SYSTEMPATH\Format\JSONFormatter.php on line 47.
 1 SYSTEMPATH\Format\JSONFormatter.php(47): CodeIgniter\Format\Exceptions\FormatException::forInvalidJSON('Malformed UTF-8 characters, possibly incorrectly encoded')
 2 SYSTEMPATH\HTTP\ResponseTrait.php(252): CodeIgniter\Format\JSONFormatter->format([...])
 3 SYSTEMPATH\HTTP\ResponseTrait.php(178): CodeIgniter\HTTP\Response->formatBody([...], 'json')
 4 APPPATH\Controllers\ApiController.php(51): CodeIgniter\HTTP\Response->setJSON([...])
 5 SYSTEMPATH\CodeIgniter.php(951): App\Controllers\ApiController->buscarPersonaPorApellido()
 6 SYSTEMPATH\CodeIgniter.php(497): CodeIgniter\CodeIgniter->runController(Object(App\Controllers\ApiController))
 7 SYSTEMPATH\CodeIgniter.php(340): CodeIgniter\CodeIgniter->handleRequest(null, Object(Config\Cache), false)
 8 SYSTEMPATH\Boot.php(417): CodeIgniter\CodeIgniter->run()
 9 SYSTEMPATH\Boot.php(68): CodeIgniter\Boot::runCodeIgniter(Object(CodeIgniter\CodeIgniter))
10 FCPATH\index.php(54): CodeIgniter\Boot::bootWeb(Object(Config\Paths))
CRITICAL - 2026-05-06 14:12:26 --> ErrorException: Uncaught CodeIgniter\Format\Exceptions\FormatException: Failed to parse JSON string. Error: Malformed UTF-8 characters, possibly incorrectly encoded in C:\Users\pablo\OneDrive\Documentos\GitHub\JuseaRepository\vendor\codeigniter4\framework\system\Format\JSONFormatter.php:47
Stack trace:
#0 C:\Users\pablo\OneDrive\Documentos\GitHub\JuseaRepository\vendor\codeigniter4\framework\system\Format\JSONFormatter.php(47): CodeIgniter\Format\Exceptions\FormatException::forInvalidJSON('Malformed UTF-8...')
#1 C:\Users\pablo\OneDrive\Documentos\GitHub\JuseaRepository\vendor\codeigniter4\framework\system\API\ResponseTrait.php(352): CodeIgniter\Format\JSONFormatter->format(Array)
#2 C:\Users\pablo\OneDrive\Documentos\GitHub\JuseaRepository\vendor\codeigniter4\framework\system\API\ResponseTrait.php(111): CodeIgniter\Debug\ExceptionHandler->format(Array)
#3 C:\Users\pablo\OneDrive\Documentos\GitHub\JuseaRepository\vendor\codeigniter4\framework\system\Debug\ExceptionHandler.php(95): CodeIgniter\Debug\ExceptionHandler->respond(Array, 500)
#4 C:\Users\pablo\OneDrive\Documentos\GitHub\JuseaRepository\vendor\codeigniter4\framework\system\Debug\Exceptions.php(151): CodeIgniter\Debug\ExceptionHandler->handle(Object(CodeIgniter\Format\Exceptions\FormatException), Object(CodeIgniter\HTTP\IncomingRequest), Object(CodeIgniter\HTTP\Response), 500, 1)
#5 [internal function]: CodeIgniter\Debug\Exceptions->exceptionHandler(Object(CodeIgniter\Format\Exceptions\FormatException))
#6 {main}
  thrown
【Previous Exception】
CodeIgniter\Format\Exceptions\FormatException
Failed to parse JSON string. Error: Malformed UTF-8 characters, possibly incorrectly encoded
#0 C:\Users\pablo\OneDrive\Documentos\GitHub\JuseaRepository\vendor\codeigniter4\framework\system\Format\JSONFormatter.php(47): CodeIgniter\Format\Exceptions\FormatException::forInvalidJSON('Malformed UTF-8...')
#1 C:\Users\pablo\OneDrive\Documentos\GitHub\JuseaRepository\vendor\codeigniter4\framework\system\HTTP\ResponseTrait.php(252): CodeIgniter\Format\JSONFormatter->format(Array)
#2 C:\Users\pablo\OneDrive\Documentos\GitHub\JuseaRepository\vendor\codeigniter4\framework\system\HTTP\ResponseTrait.php(178): CodeIgniter\HTTP\Response->formatBody(Array, 'json')
#3 C:\Users\pablo\OneDrive\Documentos\GitHub\JuseaRepository\app\Controllers\ApiController.php(51): CodeIgniter\HTTP\Response->setJSON(Array)
#4 C:\Users\pablo\OneDrive\Documentos\GitHub\JuseaRepository\vendor\codeigniter4\framework\system\CodeIgniter.php(951): App\Controllers\ApiController->buscarPersonaPorApellido()
#5 C:\Users\pablo\OneDrive\Documentos\GitHub\JuseaRepository\vendor\codeigniter4\framework\system\CodeIgniter.php(497): CodeIgniter\CodeIgniter->runController(Object(App\Controllers\ApiController))
#6 C:\Users\pablo\OneDrive\Documentos\GitHub\JuseaRepository\vendor\codeigniter4\framework\system\CodeIgniter.php(340): CodeIgniter\CodeIgniter->handleRequest(NULL, Object(Config\Cache), false)
#7 C:\Users\pablo\OneDrive\Documentos\GitHub\JuseaRepository\vendor\codeigniter4\framework\system\Boot.php(417): CodeIgniter\CodeIgniter->run()
#8 C:\Users\pablo\OneDrive\Documentos\GitHub\JuseaRepository\vendor\codeigniter4\framework\system\Boot.php(68): CodeIgniter\Boot::runCodeIgniter(Object(CodeIgniter\CodeIgniter))
#9 C:\Users\pablo\OneDrive\Documentos\GitHub\JuseaRepository\public\index.php(54): CodeIgniter\Boot::bootWeb(Object(Config\Paths))
#10 {main}
[Method: GET, Route: api/persona/buscar-apellido]
in SYSTEMPATH\Format\JSONFormatter.php on line 47.
 1 [internal function]: CodeIgniter\Debug\Exceptions->shutdownHandler()
CRITICAL - 2026-05-06 14:12:28 --> CodeIgniter\Format\Exceptions\FormatException: Failed to parse JSON string. Error: Malformed UTF-8 characters, possibly incorrectly encoded
[Method: GET, Route: api/persona/buscar-apellido]
in SYSTEMPATH\Format\JSONFormatter.php on line 47.
 1 SYSTEMPATH\Format\JSONFormatter.php(47): CodeIgniter\Format\Exceptions\FormatException::forInvalidJSON('Malformed UTF-8 characters, possibly incorrectly encoded')
 2 SYSTEMPATH\HTTP\ResponseTrait.php(252): CodeIgniter\Format\JSONFormatter->format([...])
 3 SYSTEMPATH\HTTP\ResponseTrait.php(178): CodeIgniter\HTTP\Response->formatBody([...], 'json')
 4 APPPATH\Controllers\ApiController.php(51): CodeIgniter\HTTP\Response->setJSON([...])
 5 SYSTEMPATH\CodeIgniter.php(951): App\Controllers\ApiController->buscarPersonaPorApellido()
 6 SYSTEMPATH\CodeIgniter.php(497): CodeIgniter\CodeIgniter->runController(Object(App\Controllers\ApiController))
 7 SYSTEMPATH\CodeIgniter.php(340): CodeIgniter\CodeIgniter->handleRequest(null, Object(Config\Cache), false)
 8 SYSTEMPATH\Boot.php(417): CodeIgniter\CodeIgniter->run()
 9 SYSTEMPATH\Boot.php(68): CodeIgniter\Boot::runCodeIgniter(Object(CodeIgniter\CodeIgniter))
10 FCPATH\index.php(54): CodeIgniter\Boot::bootWeb(Object(Config\Paths))
CRITICAL - 2026-05-06 14:12:28 --> ErrorException: Uncaught CodeIgniter\Format\Exceptions\FormatException: Failed to parse JSON string. Error: Malformed UTF-8 characters, possibly incorrectly encoded in C:\Users\pablo\OneDrive\Documentos\GitHub\JuseaRepository\vendor\codeigniter4\framework\system\Format\JSONFormatter.php:47
Stack trace:
#0 C:\Users\pablo\OneDrive\Documentos\GitHub\JuseaRepository\vendor\codeigniter4\framework\system\Format\JSONFormatter.php(47): CodeIgniter\Format\Exceptions\FormatException::forInvalidJSON('Malformed UTF-8...')
#1 C:\Users\pablo\OneDrive\Documentos\GitHub\JuseaRepository\vendor\codeigniter4\framework\system\API\ResponseTrait.php(352): CodeIgniter\Format\JSONFormatter->format(Array)
#2 C:\Users\pablo\OneDrive\Documentos\GitHub\JuseaRepository\vendor\codeigniter4\framework\system\API\ResponseTrait.php(111): CodeIgniter\Debug\ExceptionHandler->format(Array)
#3 C:\Users\pablo\OneDrive\Documentos\GitHub\JuseaRepository\vendor\codeigniter4\framework\system\Debug\ExceptionHandler.php(95): CodeIgniter\Debug\ExceptionHandler->respond(Array, 500)
#4 C:\Users\pablo\OneDrive\Documentos\GitHub\JuseaRepository\vendor\codeigniter4\framework\system\Debug\Exceptions.php(151): CodeIgniter\Debug\ExceptionHandler->handle(Object(CodeIgniter\Format\Exceptions\FormatException), Object(CodeIgniter\HTTP\IncomingRequest), Object(CodeIgniter\HTTP\Response), 500, 1)
#5 [internal function]: CodeIgniter\Debug\Exceptions->exceptionHandler(Object(CodeIgniter\Format\Exceptions\FormatException))
#6 {main}
  thrown
【Previous Exception】
CodeIgniter\Format\Exceptions\FormatException
Failed to parse JSON string. Error: Malformed UTF-8 characters, possibly incorrectly encoded
#0 C:\Users\pablo\OneDrive\Documentos\GitHub\JuseaRepository\vendor\codeigniter4\framework\system\Format\JSONFormatter.php(47): CodeIgniter\Format\Exceptions\FormatException::forInvalidJSON('Malformed UTF-8...')
#1 C:\Users\pablo\OneDrive\Documentos\GitHub\JuseaRepository\vendor\codeigniter4\framework\system\HTTP\ResponseTrait.php(252): CodeIgniter\Format\JSONFormatter->format(Array)
#2 C:\Users\pablo\OneDrive\Documentos\GitHub\JuseaRepository\vendor\codeigniter4\framework\system\HTTP\ResponseTrait.php(178): CodeIgniter\HTTP\Response->formatBody(Array, 'json')
#3 C:\Users\pablo\OneDrive\Documentos\GitHub\JuseaRepository\app\Controllers\ApiController.php(51): CodeIgniter\HTTP\Response->setJSON(Array)
#4 C:\Users\pablo\OneDrive\Documentos\GitHub\JuseaRepository\vendor\codeigniter4\framework\system\CodeIgniter.php(951): App\Controllers\ApiController->buscarPersonaPorApellido()
#5 C:\Users\pablo\OneDrive\Documentos\GitHub\JuseaRepository\vendor\codeigniter4\framework\system\CodeIgniter.php(497): CodeIgniter\CodeIgniter->runController(Object(App\Controllers\ApiController))
#6 C:\Users\pablo\OneDrive\Documentos\GitHub\JuseaRepository\vendor\codeigniter4\framework\system\CodeIgniter.php(340): CodeIgniter\CodeIgniter->handleRequest(NULL, Object(Config\Cache), false)
#7 C:\Users\pablo\OneDrive\Documentos\GitHub\JuseaRepository\vendor\codeigniter4\framework\system\Boot.php(417): CodeIgniter\CodeIgniter->run()
#8 C:\Users\pablo\OneDrive\Documentos\GitHub\JuseaRepository\vendor\codeigniter4\framework\system\Boot.php(68): CodeIgniter\Boot::runCodeIgniter(Object(CodeIgniter\CodeIgniter))
#9 C:\Users\pablo\OneDrive\Documentos\GitHub\JuseaRepository\public\index.php(54): CodeIgniter\Boot::bootWeb(Object(Config\Paths))
#10 {main}
[Method: GET, Route: api/persona/buscar-apellido]
in SYSTEMPATH\Format\JSONFormatter.php on line 47.
 1 [internal function]: CodeIgniter\Debug\Exceptions->shutdownHandler()
CRITICAL - 2026-05-06 14:12:28 --> CodeIgniter\Format\Exceptions\FormatException: Failed to parse JSON string. Error: Malformed UTF-8 characters, possibly incorrectly encoded
[Method: GET, Route: api/persona/buscar-apellido]
in SYSTEMPATH\Format\JSONFormatter.php on line 47.
 1 SYSTEMPATH\Format\JSONFormatter.php(47): CodeIgniter\Format\Exceptions\FormatException::forInvalidJSON('Malformed UTF-8 characters, possibly incorrectly encoded')
 2 SYSTEMPATH\HTTP\ResponseTrait.php(252): CodeIgniter\Format\JSONFormatter->format([...])
 3 SYSTEMPATH\HTTP\ResponseTrait.php(178): CodeIgniter\HTTP\Response->formatBody([...], 'json')
 4 APPPATH\Controllers\ApiController.php(51): CodeIgniter\HTTP\Response->setJSON([...])
 5 SYSTEMPATH\CodeIgniter.php(951): App\Controllers\ApiController->buscarPersonaPorApellido()
 6 SYSTEMPATH\CodeIgniter.php(497): CodeIgniter\CodeIgniter->runController(Object(App\Controllers\ApiController))
 7 SYSTEMPATH\CodeIgniter.php(340): CodeIgniter\CodeIgniter->handleRequest(null, Object(Config\Cache), false)
 8 SYSTEMPATH\Boot.php(417): CodeIgniter\CodeIgniter->run()
 9 SYSTEMPATH\Boot.php(68): CodeIgniter\Boot::runCodeIgniter(Object(CodeIgniter\CodeIgniter))
10 FCPATH\index.php(54): CodeIgniter\Boot::bootWeb(Object(Config\Paths))
CRITICAL - 2026-05-06 14:12:28 --> ErrorException: Uncaught CodeIgniter\Format\Exceptions\FormatException: Failed to parse JSON string. Error: Malformed UTF-8 characters, possibly incorrectly encoded in C:\Users\pablo\OneDrive\Documentos\GitHub\JuseaRepository\vendor\codeigniter4\framework\system\Format\JSONFormatter.php:47
Stack trace:
#0 C:\Users\pablo\OneDrive\Documentos\GitHub\JuseaRepository\vendor\codeigniter4\framework\system\Format\JSONFormatter.php(47): CodeIgniter\Format\Exceptions\FormatException::forInvalidJSON('Malformed UTF-8...')
#1 C:\Users\pablo\OneDrive\Documentos\GitHub\JuseaRepository\vendor\codeigniter4\framework\system\API\ResponseTrait.php(352): CodeIgniter\Format\JSONFormatter->format(Array)
#2 C:\Users\pablo\OneDrive\Documentos\GitHub\JuseaRepository\vendor\codeigniter4\framework\system\API\ResponseTrait.php(111): CodeIgniter\Debug\ExceptionHandler->format(Array)
#3 C:\Users\pablo\OneDrive\Documentos\GitHub\JuseaRepository\vendor\codeigniter4\framework\system\Debug\ExceptionHandler.php(95): CodeIgniter\Debug\ExceptionHandler->respond(Array, 500)
#4 C:\Users\pablo\OneDrive\Documentos\GitHub\JuseaRepository\vendor\codeigniter4\framework\system\Debug\Exceptions.php(151): CodeIgniter\Debug\ExceptionHandler->handle(Object(CodeIgniter\Format\Exceptions\FormatException), Object(CodeIgniter\HTTP\IncomingRequest), Object(CodeIgniter\HTTP\Response), 500, 1)
#5 [internal function]: CodeIgniter\Debug\Exceptions->exceptionHandler(Object(CodeIgniter\Format\Exceptions\FormatException))
#6 {main}
  thrown
【Previous Exception】
CodeIgniter\Format\Exceptions\FormatException
Failed to parse JSON string. Error: Malformed UTF-8 characters, possibly incorrectly encoded
#0 C:\Users\pablo\OneDrive\Documentos\GitHub\JuseaRepository\vendor\codeigniter4\framework\system\Format\JSONFormatter.php(47): CodeIgniter\Format\Exceptions\FormatException::forInvalidJSON('Malformed UTF-8...')
#1 C:\Users\pablo\OneDrive\Documentos\GitHub\JuseaRepository\vendor\codeigniter4\framework\system\HTTP\ResponseTrait.php(252): CodeIgniter\Format\JSONFormatter->format(Array)
#2 C:\Users\pablo\OneDrive\Documentos\GitHub\JuseaRepository\vendor\codeigniter4\framework\system\HTTP\ResponseTrait.php(178): CodeIgniter\HTTP\Response->formatBody(Array, 'json')
#3 C:\Users\pablo\OneDrive\Documentos\GitHub\JuseaRepository\app\Controllers\ApiController.php(51): CodeIgniter\HTTP\Response->setJSON(Array)
#4 C:\Users\pablo\OneDrive\Documentos\GitHub\JuseaRepository\vendor\codeigniter4\framework\system\CodeIgniter.php(951): App\Controllers\ApiController->buscarPersonaPorApellido()
#5 C:\Users\pablo\OneDrive\Documentos\GitHub\JuseaRepository\vendor\codeigniter4\framework\system\CodeIgniter.php(497): CodeIgniter\CodeIgniter->runController(Object(App\Controllers\ApiController))
#6 C:\Users\pablo\OneDrive\Documentos\GitHub\JuseaRepository\vendor\codeigniter4\framework\system\CodeIgniter.php(340): CodeIgniter\CodeIgniter->handleRequest(NULL, Object(Config\Cache), false)
#7 C:\Users\pablo\OneDrive\Documentos\GitHub\JuseaRepository\vendor\codeigniter4\framework\system\Boot.php(417): CodeIgniter\CodeIgniter->run()
#8 C:\Users\pablo\OneDrive\Documentos\GitHub\JuseaRepository\vendor\codeigniter4\framework\system\Boot.php(68): CodeIgniter\Boot::runCodeIgniter(Object(CodeIgniter\CodeIgniter))
#9 C:\Users\pablo\OneDrive\Documentos\GitHub\JuseaRepository\public\index.php(54): CodeIgniter\Boot::bootWeb(Object(Config\Paths))
#10 {main}
[Method: GET, Route: api/persona/buscar-apellido]
in SYSTEMPATH\Format\JSONFormatter.php on line 47.
 1 [internal function]: CodeIgniter\Debug\Exceptions->shutdownHandler()
CRITICAL - 2026-05-06 14:12:29 --> CodeIgniter\Format\Exceptions\FormatException: Failed to parse JSON string. Error: Malformed UTF-8 characters, possibly incorrectly encoded
[Method: GET, Route: api/persona/buscar-apellido]
in SYSTEMPATH\Format\JSONFormatter.php on line 47.
 1 SYSTEMPATH\Format\JSONFormatter.php(47): CodeIgniter\Format\Exceptions\FormatException::forInvalidJSON('Malformed UTF-8 characters, possibly incorrectly encoded')
 2 SYSTEMPATH\HTTP\ResponseTrait.php(252): CodeIgniter\Format\JSONFormatter->format([...])
 3 SYSTEMPATH\HTTP\ResponseTrait.php(178): CodeIgniter\HTTP\Response->formatBody([...], 'json')
 4 APPPATH\Controllers\ApiController.php(51): CodeIgniter\HTTP\Response->setJSON([...])
 5 SYSTEMPATH\CodeIgniter.php(951): App\Controllers\ApiController->buscarPersonaPorApellido()
 6 SYSTEMPATH\CodeIgniter.php(497): CodeIgniter\CodeIgniter->runController(Object(App\Controllers\ApiController))
 7 SYSTEMPATH\CodeIgniter.php(340): CodeIgniter\CodeIgniter->handleRequest(null, Object(Config\Cache), false)
 8 SYSTEMPATH\Boot.php(417): CodeIgniter\CodeIgniter->run()
 9 SYSTEMPATH\Boot.php(68): CodeIgniter\Boot::runCodeIgniter(Object(CodeIgniter\CodeIgniter))
10 FCPATH\index.php(54): CodeIgniter\Boot::bootWeb(Object(Config\Paths))
CRITICAL - 2026-05-06 14:12:29 --> ErrorException: Uncaught CodeIgniter\Format\Exceptions\FormatException: Failed to parse JSON string. Error: Malformed UTF-8 characters, possibly incorrectly encoded in C:\Users\pablo\OneDrive\Documentos\GitHub\JuseaRepository\vendor\codeigniter4\framework\system\Format\JSONFormatter.php:47
Stack trace:
#0 C:\Users\pablo\OneDrive\Documentos\GitHub\JuseaRepository\vendor\codeigniter4\framework\system\Format\JSONFormatter.php(47): CodeIgniter\Format\Exceptions\FormatException::forInvalidJSON('Malformed UTF-8...')
#1 C:\Users\pablo\OneDrive\Documentos\GitHub\JuseaRepository\vendor\codeigniter4\framework\system\API\ResponseTrait.php(352): CodeIgniter\Format\JSONFormatter->format(Array)
#2 C:\Users\pablo\OneDrive\Documentos\GitHub\JuseaRepository\vendor\codeigniter4\framework\system\API\ResponseTrait.php(111): CodeIgniter\Debug\ExceptionHandler->format(Array)
#3 C:\Users\pablo\OneDrive\Documentos\GitHub\JuseaRepository\vendor\codeigniter4\framework\system\Debug\ExceptionHandler.php(95): CodeIgniter\Debug\ExceptionHandler->respond(Array, 500)
#4 C:\Users\pablo\OneDrive\Documentos\GitHub\JuseaRepository\vendor\codeigniter4\framework\system\Debug\Exceptions.php(151): CodeIgniter\Debug\ExceptionHandler->handle(Object(CodeIgniter\Format\Exceptions\FormatException), Object(CodeIgniter\HTTP\IncomingRequest), Object(CodeIgniter\HTTP\Response), 500, 1)
#5 [internal function]: CodeIgniter\Debug\Exceptions->exceptionHandler(Object(CodeIgniter\Format\Exceptions\FormatException))
#6 {main}
  thrown
【Previous Exception】
CodeIgniter\Format\Exceptions\FormatException
Failed to parse JSON string. Error: Malformed UTF-8 characters, possibly incorrectly encoded
#0 C:\Users\pablo\OneDrive\Documentos\GitHub\JuseaRepository\vendor\codeigniter4\framework\system\Format\JSONFormatter.php(47): CodeIgniter\Format\Exceptions\FormatException::forInvalidJSON('Malformed UTF-8...')
#1 C:\Users\pablo\OneDrive\Documentos\GitHub\JuseaRepository\vendor\codeigniter4\framework\system\HTTP\ResponseTrait.php(252): CodeIgniter\Format\JSONFormatter->format(Array)
#2 C:\Users\pablo\OneDrive\Documentos\GitHub\JuseaRepository\vendor\codeigniter4\framework\system\HTTP\ResponseTrait.php(178): CodeIgniter\HTTP\Response->formatBody(Array, 'json')
#3 C:\Users\pablo\OneDrive\Documentos\GitHub\JuseaRepository\app\Controllers\ApiController.php(51): CodeIgniter\HTTP\Response->setJSON(Array)
#4 C:\Users\pablo\OneDrive\Documentos\GitHub\JuseaRepository\vendor\codeigniter4\framework\system\CodeIgniter.php(951): App\Controllers\ApiController->buscarPersonaPorApellido()
#5 C:\Users\pablo\OneDrive\Documentos\GitHub\JuseaRepository\vendor\codeigniter4\framework\system\CodeIgniter.php(497): CodeIgniter\CodeIgniter->runController(Object(App\Controllers\ApiController))
#6 C:\Users\pablo\OneDrive\Documentos\GitHub\JuseaRepository\vendor\codeigniter4\framework\system\CodeIgniter.php(340): CodeIgniter\CodeIgniter->handleRequest(NULL, Object(Config\Cache), false)
#7 C:\Users\pablo\OneDrive\Documentos\GitHub\JuseaRepository\vendor\codeigniter4\framework\system\Boot.php(417): CodeIgniter\CodeIgniter->run()
#8 C:\Users\pablo\OneDrive\Documentos\GitHub\JuseaRepository\vendor\codeigniter4\framework\system\Boot.php(68): CodeIgniter\Boot::runCodeIgniter(Object(CodeIgniter\CodeIgniter))
#9 C:\Users\pablo\OneDrive\Documentos\GitHub\JuseaRepository\public\index.php(54): CodeIgniter\Boot::bootWeb(Object(Config\Paths))
#10 {main}
[Method: GET, Route: api/persona/buscar-apellido]
in SYSTEMPATH\Format\JSONFormatter.php on line 47.
 1 [internal function]: CodeIgniter\Debug\Exceptions->shutdownHandler()
CRITICAL - 2026-05-06 14:12:29 --> CodeIgniter\Format\Exceptions\FormatException: Failed to parse JSON string. Error: Malformed UTF-8 characters, possibly incorrectly encoded
[Method: GET, Route: api/persona/buscar-apellido]
in SYSTEMPATH\Format\JSONFormatter.php on line 47.
 1 SYSTEMPATH\Format\JSONFormatter.php(47): CodeIgniter\Format\Exceptions\FormatException::forInvalidJSON('Malformed UTF-8 characters, possibly incorrectly encoded')
 2 SYSTEMPATH\HTTP\ResponseTrait.php(252): CodeIgniter\Format\JSONFormatter->format([...])
 3 SYSTEMPATH\HTTP\ResponseTrait.php(178): CodeIgniter\HTTP\Response->formatBody([...], 'json')
 4 APPPATH\Controllers\ApiController.php(51): CodeIgniter\HTTP\Response->setJSON([...])
 5 SYSTEMPATH\CodeIgniter.php(951): App\Controllers\ApiController->buscarPersonaPorApellido()
 6 SYSTEMPATH\CodeIgniter.php(497): CodeIgniter\CodeIgniter->runController(Object(App\Controllers\ApiController))
 7 SYSTEMPATH\CodeIgniter.php(340): CodeIgniter\CodeIgniter->handleRequest(null, Object(Config\Cache), false)
 8 SYSTEMPATH\Boot.php(417): CodeIgniter\CodeIgniter->run()
 9 SYSTEMPATH\Boot.php(68): CodeIgniter\Boot::runCodeIgniter(Object(CodeIgniter\CodeIgniter))
10 FCPATH\index.php(54): CodeIgniter\Boot::bootWeb(Object(Config\Paths))
CRITICAL - 2026-05-06 14:12:29 --> ErrorException: Uncaught CodeIgniter\Format\Exceptions\FormatException: Failed to parse JSON string. Error: Malformed UTF-8 characters, possibly incorrectly encoded in C:\Users\pablo\OneDrive\Documentos\GitHub\JuseaRepository\vendor\codeigniter4\framework\system\Format\JSONFormatter.php:47
Stack trace:
#0 C:\Users\pablo\OneDrive\Documentos\GitHub\JuseaRepository\vendor\codeigniter4\framework\system\Format\JSONFormatter.php(47): CodeIgniter\Format\Exceptions\FormatException::forInvalidJSON('Malformed UTF-8...')
#1 C:\Users\pablo\OneDrive\Documentos\GitHub\JuseaRepository\vendor\codeigniter4\framework\system\API\ResponseTrait.php(352): CodeIgniter\Format\JSONFormatter->format(Array)
#2 C:\Users\pablo\OneDrive\Documentos\GitHub\JuseaRepository\vendor\codeigniter4\framework\system\API\ResponseTrait.php(111): CodeIgniter\Debug\ExceptionHandler->format(Array)
#3 C:\Users\pablo\OneDrive\Documentos\GitHub\JuseaRepository\vendor\codeigniter4\framework\system\Debug\ExceptionHandler.php(95): CodeIgniter\Debug\ExceptionHandler->respond(Array, 500)
#4 C:\Users\pablo\OneDrive\Documentos\GitHub\JuseaRepository\vendor\codeigniter4\framework\system\Debug\Exceptions.php(151): CodeIgniter\Debug\ExceptionHandler->handle(Object(CodeIgniter\Format\Exceptions\FormatException), Object(CodeIgniter\HTTP\IncomingRequest), Object(CodeIgniter\HTTP\Response), 500, 1)
#5 [internal function]: CodeIgniter\Debug\Exceptions->exceptionHandler(Object(CodeIgniter\Format\Exceptions\FormatException))
#6 {main}
  thrown
【Previous Exception】
CodeIgniter\Format\Exceptions\FormatException
Failed to parse JSON string. Error: Malformed UTF-8 characters, possibly incorrectly encoded
#0 C:\Users\pablo\OneDrive\Documentos\GitHub\JuseaRepository\vendor\codeigniter4\framework\system\Format\JSONFormatter.php(47): CodeIgniter\Format\Exceptions\FormatException::forInvalidJSON('Malformed UTF-8...')
#1 C:\Users\pablo\OneDrive\Documentos\GitHub\JuseaRepository\vendor\codeigniter4\framework\system\HTTP\ResponseTrait.php(252): CodeIgniter\Format\JSONFormatter->format(Array)
#2 C:\Users\pablo\OneDrive\Documentos\GitHub\JuseaRepository\vendor\codeigniter4\framework\system\HTTP\ResponseTrait.php(178): CodeIgniter\HTTP\Response->formatBody(Array, 'json')
#3 C:\Users\pablo\OneDrive\Documentos\GitHub\JuseaRepository\app\Controllers\ApiController.php(51): CodeIgniter\HTTP\Response->setJSON(Array)
#4 C:\Users\pablo\OneDrive\Documentos\GitHub\JuseaRepository\vendor\codeigniter4\framework\system\CodeIgniter.php(951): App\Controllers\ApiController->buscarPersonaPorApellido()
#5 C:\Users\pablo\OneDrive\Documentos\GitHub\JuseaRepository\vendor\codeigniter4\framework\system\CodeIgniter.php(497): CodeIgniter\CodeIgniter->runController(Object(App\Controllers\ApiController))
#6 C:\Users\pablo\OneDrive\Documentos\GitHub\JuseaRepository\vendor\codeigniter4\framework\system\CodeIgniter.php(340): CodeIgniter\CodeIgniter->handleRequest(NULL, Object(Config\Cache), false)
#7 C:\Users\pablo\OneDrive\Documentos\GitHub\JuseaRepository\vendor\codeigniter4\framework\system\Boot.php(417): CodeIgniter\CodeIgniter->run()
#8 C:\Users\pablo\OneDrive\Documentos\GitHub\JuseaRepository\vendor\codeigniter4\framework\system\Boot.php(68): CodeIgniter\Boot::runCodeIgniter(Object(CodeIgniter\CodeIgniter))
#9 C:\Users\pablo\OneDrive\Documentos\GitHub\JuseaRepository\public\index.php(54): CodeIgniter\Boot::bootWeb(Object(Config\Paths))
#10 {main}
[Method: GET, Route: api/persona/buscar-apellido]
in SYSTEMPATH\Format\JSONFormatter.php on line 47.
 1 [internal function]: CodeIgniter\Debug\Exceptions->shutdownHandler()
CRITICAL - 2026-05-06 14:12:31 --> CodeIgniter\Format\Exceptions\FormatException: Failed to parse JSON string. Error: Malformed UTF-8 characters, possibly incorrectly encoded
[Method: GET, Route: api/persona/buscar-apellido]
in SYSTEMPATH\Format\JSONFormatter.php on line 47.
 1 SYSTEMPATH\Format\JSONFormatter.php(47): CodeIgniter\Format\Exceptions\FormatException::forInvalidJSON('Malformed UTF-8 characters, possibly incorrectly encoded')
 2 SYSTEMPATH\HTTP\ResponseTrait.php(252): CodeIgniter\Format\JSONFormatter->format([...])
 3 SYSTEMPATH\HTTP\ResponseTrait.php(178): CodeIgniter\HTTP\Response->formatBody([...], 'json')
 4 APPPATH\Controllers\ApiController.php(51): CodeIgniter\HTTP\Response->setJSON([...])
 5 SYSTEMPATH\CodeIgniter.php(951): App\Controllers\ApiController->buscarPersonaPorApellido()
 6 SYSTEMPATH\CodeIgniter.php(497): CodeIgniter\CodeIgniter->runController(Object(App\Controllers\ApiController))
 7 SYSTEMPATH\CodeIgniter.php(340): CodeIgniter\CodeIgniter->handleRequest(null, Object(Config\Cache), false)
 8 SYSTEMPATH\Boot.php(417): CodeIgniter\CodeIgniter->run()
 9 SYSTEMPATH\Boot.php(68): CodeIgniter\Boot::runCodeIgniter(Object(CodeIgniter\CodeIgniter))
10 FCPATH\index.php(54): CodeIgniter\Boot::bootWeb(Object(Config\Paths))
CRITICAL - 2026-05-06 14:12:31 --> ErrorException: Uncaught CodeIgniter\Format\Exceptions\FormatException: Failed to parse JSON string. Error: Malformed UTF-8 characters, possibly incorrectly encoded in C:\Users\pablo\OneDrive\Documentos\GitHub\JuseaRepository\vendor\codeigniter4\framework\system\Format\JSONFormatter.php:47
Stack trace:
#0 C:\Users\pablo\OneDrive\Documentos\GitHub\JuseaRepository\vendor\codeigniter4\framework\system\Format\JSONFormatter.php(47): CodeIgniter\Format\Exceptions\FormatException::forInvalidJSON('Malformed UTF-8...')
#1 C:\Users\pablo\OneDrive\Documentos\GitHub\JuseaRepository\vendor\codeigniter4\framework\system\API\ResponseTrait.php(352): CodeIgniter\Format\JSONFormatter->format(Array)
#2 C:\Users\pablo\OneDrive\Documentos\GitHub\JuseaRepository\vendor\codeigniter4\framework\system\API\ResponseTrait.php(111): CodeIgniter\Debug\ExceptionHandler->format(Array)
#3 C:\Users\pablo\OneDrive\Documentos\GitHub\JuseaRepository\vendor\codeigniter4\framework\system\Debug\ExceptionHandler.php(95): CodeIgniter\Debug\ExceptionHandler->respond(Array, 500)
#4 C:\Users\pablo\OneDrive\Documentos\GitHub\JuseaRepository\vendor\codeigniter4\framework\system\Debug\Exceptions.php(151): CodeIgniter\Debug\ExceptionHandler->handle(Object(CodeIgniter\Format\Exceptions\FormatException), Object(CodeIgniter\HTTP\IncomingRequest), Object(CodeIgniter\HTTP\Response), 500, 1)
#5 [internal function]: CodeIgniter\Debug\Exceptions->exceptionHandler(Object(CodeIgniter\Format\Exceptions\FormatException))
#6 {main}
  thrown
【Previous Exception】
CodeIgniter\Format\Exceptions\FormatException
Failed to parse JSON string. Error: Malformed UTF-8 characters, possibly incorrectly encoded
#0 C:\Users\pablo\OneDrive\Documentos\GitHub\JuseaRepository\vendor\codeigniter4\framework\system\Format\JSONFormatter.php(47): CodeIgniter\Format\Exceptions\FormatException::forInvalidJSON('Malformed UTF-8...')
#1 C:\Users\pablo\OneDrive\Documentos\GitHub\JuseaRepository\vendor\codeigniter4\framework\system\HTTP\ResponseTrait.php(252): CodeIgniter\Format\JSONFormatter->format(Array)
#2 C:\Users\pablo\OneDrive\Documentos\GitHub\JuseaRepository\vendor\codeigniter4\framework\system\HTTP\ResponseTrait.php(178): CodeIgniter\HTTP\Response->formatBody(Array, 'json')
#3 C:\Users\pablo\OneDrive\Documentos\GitHub\JuseaRepository\app\Controllers\ApiController.php(51): CodeIgniter\HTTP\Response->setJSON(Array)
#4 C:\Users\pablo\OneDrive\Documentos\GitHub\JuseaRepository\vendor\codeigniter4\framework\system\CodeIgniter.php(951): App\Controllers\ApiController->buscarPersonaPorApellido()
#5 C:\Users\pablo\OneDrive\Documentos\GitHub\JuseaRepository\vendor\codeigniter4\framework\system\CodeIgniter.php(497): CodeIgniter\CodeIgniter->runController(Object(App\Controllers\ApiController))
#6 C:\Users\pablo\OneDrive\Documentos\GitHub\JuseaRepository\vendor\codeigniter4\framework\system\CodeIgniter.php(340): CodeIgniter\CodeIgniter->handleRequest(NULL, Object(Config\Cache), false)
#7 C:\Users\pablo\OneDrive\Documentos\GitHub\JuseaRepository\vendor\codeigniter4\framework\system\Boot.php(417): CodeIgniter\CodeIgniter->run()
#8 C:\Users\pablo\OneDrive\Documentos\GitHub\JuseaRepository\vendor\codeigniter4\framework\system\Boot.php(68): CodeIgniter\Boot::runCodeIgniter(Object(CodeIgniter\CodeIgniter))
#9 C:\Users\pablo\OneDrive\Documentos\GitHub\JuseaRepository\public\index.php(54): CodeIgniter\Boot::bootWeb(Object(Config\Paths))
#10 {main}
[Method: GET, Route: api/persona/buscar-apellido]
in SYSTEMPATH\Format\JSONFormatter.php on line 47.
 1 [internal function]: CodeIgniter\Debug\Exceptions->shutdownHandler()
CRITICAL - 2026-05-06 14:12:31 --> CodeIgniter\Format\Exceptions\FormatException: Failed to parse JSON string. Error: Malformed UTF-8 characters, possibly incorrectly encoded
[Method: GET, Route: api/persona/buscar-apellido]
in SYSTEMPATH\Format\JSONFormatter.php on line 47.
 1 SYSTEMPATH\Format\JSONFormatter.php(47): CodeIgniter\Format\Exceptions\FormatException::forInvalidJSON('Malformed UTF-8 characters, possibly incorrectly encoded')
 2 SYSTEMPATH\HTTP\ResponseTrait.php(252): CodeIgniter\Format\JSONFormatter->format([...])
 3 SYSTEMPATH\HTTP\ResponseTrait.php(178): CodeIgniter\HTTP\Response->formatBody([...], 'json')
 4 APPPATH\Controllers\ApiController.php(51): CodeIgniter\HTTP\Response->setJSON([...])
 5 SYSTEMPATH\CodeIgniter.php(951): App\Controllers\ApiController->buscarPersonaPorApellido()
 6 SYSTEMPATH\CodeIgniter.php(497): CodeIgniter\CodeIgniter->runController(Object(App\Controllers\ApiController))
 7 SYSTEMPATH\CodeIgniter.php(340): CodeIgniter\CodeIgniter->handleRequest(null, Object(Config\Cache), false)
 8 SYSTEMPATH\Boot.php(417): CodeIgniter\CodeIgniter->run()
 9 SYSTEMPATH\Boot.php(68): CodeIgniter\Boot::runCodeIgniter(Object(CodeIgniter\CodeIgniter))
10 FCPATH\index.php(54): CodeIgniter\Boot::bootWeb(Object(Config\Paths))
CRITICAL - 2026-05-06 14:12:31 --> ErrorException: Uncaught CodeIgniter\Format\Exceptions\FormatException: Failed to parse JSON string. Error: Malformed UTF-8 characters, possibly incorrectly encoded in C:\Users\pablo\OneDrive\Documentos\GitHub\JuseaRepository\vendor\codeigniter4\framework\system\Format\JSONFormatter.php:47
Stack trace:
#0 C:\Users\pablo\OneDrive\Documentos\GitHub\JuseaRepository\vendor\codeigniter4\framework\system\Format\JSONFormatter.php(47): CodeIgniter\Format\Exceptions\FormatException::forInvalidJSON('Malformed UTF-8...')
#1 C:\Users\pablo\OneDrive\Documentos\GitHub\JuseaRepository\vendor\codeigniter4\framework\system\API\ResponseTrait.php(352): CodeIgniter\Format\JSONFormatter->format(Array)
#2 C:\Users\pablo\OneDrive\Documentos\GitHub\JuseaRepository\vendor\codeigniter4\framework\system\API\ResponseTrait.php(111): CodeIgniter\Debug\ExceptionHandler->format(Array)
#3 C:\Users\pablo\OneDrive\Documentos\GitHub\JuseaRepository\vendor\codeigniter4\framework\system\Debug\ExceptionHandler.php(95): CodeIgniter\Debug\ExceptionHandler->respond(Array, 500)
#4 C:\Users\pablo\OneDrive\Documentos\GitHub\JuseaRepository\vendor\codeigniter4\framework\system\Debug\Exceptions.php(151): CodeIgniter\Debug\ExceptionHandler->handle(Object(CodeIgniter\Format\Exceptions\FormatException), Object(CodeIgniter\HTTP\IncomingRequest), Object(CodeIgniter\HTTP\Response), 500, 1)
#5 [internal function]: CodeIgniter\Debug\Exceptions->exceptionHandler(Object(CodeIgniter\Format\Exceptions\FormatException))
#6 {main}
  thrown
【Previous Exception】
CodeIgniter\Format\Exceptions\FormatException
Failed to parse JSON string. Error: Malformed UTF-8 characters, possibly incorrectly encoded
#0 C:\Users\pablo\OneDrive\Documentos\GitHub\JuseaRepository\vendor\codeigniter4\framework\system\Format\JSONFormatter.php(47): CodeIgniter\Format\Exceptions\FormatException::forInvalidJSON('Malformed UTF-8...')
#1 C:\Users\pablo\OneDrive\Documentos\GitHub\JuseaRepository\vendor\codeigniter4\framework\system\HTTP\ResponseTrait.php(252): CodeIgniter\Format\JSONFormatter->format(Array)
#2 C:\Users\pablo\OneDrive\Documentos\GitHub\JuseaRepository\vendor\codeigniter4\framework\system\HTTP\ResponseTrait.php(178): CodeIgniter\HTTP\Response->formatBody(Array, 'json')
#3 C:\Users\pablo\OneDrive\Documentos\GitHub\JuseaRepository\app\Controllers\ApiController.php(51): CodeIgniter\HTTP\Response->setJSON(Array)
#4 C:\Users\pablo\OneDrive\Documentos\GitHub\JuseaRepository\vendor\codeigniter4\framework\system\CodeIgniter.php(951): App\Controllers\ApiController->buscarPersonaPorApellido()
#5 C:\Users\pablo\OneDrive\Documentos\GitHub\JuseaRepository\vendor\codeigniter4\framework\system\CodeIgniter.php(497): CodeIgniter\CodeIgniter->runController(Object(App\Controllers\ApiController))
#6 C:\Users\pablo\OneDrive\Documentos\GitHub\JuseaRepository\vendor\codeigniter4\framework\system\CodeIgniter.php(340): CodeIgniter\CodeIgniter->handleRequest(NULL, Object(Config\Cache), false)
#7 C:\Users\pablo\OneDrive\Documentos\GitHub\JuseaRepository\vendor\codeigniter4\framework\system\Boot.php(417): CodeIgniter\CodeIgniter->run()
#8 C:\Users\pablo\OneDrive\Documentos\GitHub\JuseaRepository\vendor\codeigniter4\framework\system\Boot.php(68): CodeIgniter\Boot::runCodeIgniter(Object(CodeIgniter\CodeIgniter))
#9 C:\Users\pablo\OneDrive\Documentos\GitHub\JuseaRepository\public\index.php(54): CodeIgniter\Boot::bootWeb(Object(Config\Paths))
#10 {main}
[Method: GET, Route: api/persona/buscar-apellido]
in SYSTEMPATH\Format\JSONFormatter.php on line 47.
 1 [internal function]: CodeIgniter\Debug\Exceptions->shutdownHandler()
CRITICAL - 2026-05-06 14:12:32 --> CodeIgniter\Format\Exceptions\FormatException: Failed to parse JSON string. Error: Malformed UTF-8 characters, possibly incorrectly encoded
[Method: GET, Route: api/persona/buscar-apellido]
in SYSTEMPATH\Format\JSONFormatter.php on line 47.
 1 SYSTEMPATH\Format\JSONFormatter.php(47): CodeIgniter\Format\Exceptions\FormatException::forInvalidJSON('Malformed UTF-8 characters, possibly incorrectly encoded')
 2 SYSTEMPATH\HTTP\ResponseTrait.php(252): CodeIgniter\Format\JSONFormatter->format([...])
 3 SYSTEMPATH\HTTP\ResponseTrait.php(178): CodeIgniter\HTTP\Response->formatBody([...], 'json')
 4 APPPATH\Controllers\ApiController.php(51): CodeIgniter\HTTP\Response->setJSON([...])
 5 SYSTEMPATH\CodeIgniter.php(951): App\Controllers\ApiController->buscarPersonaPorApellido()
 6 SYSTEMPATH\CodeIgniter.php(497): CodeIgniter\CodeIgniter->runController(Object(App\Controllers\ApiController))
 7 SYSTEMPATH\CodeIgniter.php(340): CodeIgniter\CodeIgniter->handleRequest(null, Object(Config\Cache), false)
 8 SYSTEMPATH\Boot.php(417): CodeIgniter\CodeIgniter->run()
 9 SYSTEMPATH\Boot.php(68): CodeIgniter\Boot::runCodeIgniter(Object(CodeIgniter\CodeIgniter))
10 FCPATH\index.php(54): CodeIgniter\Boot::bootWeb(Object(Config\Paths))
CRITICAL - 2026-05-06 14:12:32 --> ErrorException: Uncaught CodeIgniter\Format\Exceptions\FormatException: Failed to parse JSON string. Error: Malformed UTF-8 characters, possibly incorrectly encoded in C:\Users\pablo\OneDrive\Documentos\GitHub\JuseaRepository\vendor\codeigniter4\framework\system\Format\JSONFormatter.php:47
Stack trace:
#0 C:\Users\pablo\OneDrive\Documentos\GitHub\JuseaRepository\vendor\codeigniter4\framework\system\Format\JSONFormatter.php(47): CodeIgniter\Format\Exceptions\FormatException::forInvalidJSON('Malformed UTF-8...')
#1 C:\Users\pablo\OneDrive\Documentos\GitHub\JuseaRepository\vendor\codeigniter4\framework\system\API\ResponseTrait.php(352): CodeIgniter\Format\JSONFormatter->format(Array)
#2 C:\Users\pablo\OneDrive\Documentos\GitHub\JuseaRepository\vendor\codeigniter4\framework\system\API\ResponseTrait.php(111): CodeIgniter\Debug\ExceptionHandler->format(Array)
#3 C:\Users\pablo\OneDrive\Documentos\GitHub\JuseaRepository\vendor\codeigniter4\framework\system\Debug\ExceptionHandler.php(95): CodeIgniter\Debug\ExceptionHandler->respond(Array, 500)
#4 C:\Users\pablo\OneDrive\Documentos\GitHub\JuseaRepository\vendor\codeigniter4\framework\system\Debug\Exceptions.php(151): CodeIgniter\Debug\ExceptionHandler->handle(Object(CodeIgniter\Format\Exceptions\FormatException), Object(CodeIgniter\HTTP\IncomingRequest), Object(CodeIgniter\HTTP\Response), 500, 1)
#5 [internal function]: CodeIgniter\Debug\Exceptions->exceptionHandler(Object(CodeIgniter\Format\Exceptions\FormatException))
#6 {main}
  thrown
【Previous Exception】
CodeIgniter\Format\Exceptions\FormatException
Failed to parse JSON string. Error: Malformed UTF-8 characters, possibly incorrectly encoded
#0 C:\Users\pablo\OneDrive\Documentos\GitHub\JuseaRepository\vendor\codeigniter4\framework\system\Format\JSONFormatter.php(47): CodeIgniter\Format\Exceptions\FormatException::forInvalidJSON('Malformed UTF-8...')
#1 C:\Users\pablo\OneDrive\Documentos\GitHub\JuseaRepository\vendor\codeigniter4\framework\system\HTTP\ResponseTrait.php(252): CodeIgniter\Format\JSONFormatter->format(Array)
#2 C:\Users\pablo\OneDrive\Documentos\GitHub\JuseaRepository\vendor\codeigniter4\framework\system\HTTP\ResponseTrait.php(178): CodeIgniter\HTTP\Response->formatBody(Array, 'json')
#3 C:\Users\pablo\OneDrive\Documentos\GitHub\JuseaRepository\app\Controllers\ApiController.php(51): CodeIgniter\HTTP\Response->setJSON(Array)
#4 C:\Users\pablo\OneDrive\Documentos\GitHub\JuseaRepository\vendor\codeigniter4\framework\system\CodeIgniter.php(951): App\Controllers\ApiController->buscarPersonaPorApellido()
#5 C:\Users\pablo\OneDrive\Documentos\GitHub\JuseaRepository\vendor\codeigniter4\framework\system\CodeIgniter.php(497): CodeIgniter\CodeIgniter->runController(Object(App\Controllers\ApiController))
#6 C:\Users\pablo\OneDrive\Documentos\GitHub\JuseaRepository\vendor\codeigniter4\framework\system\CodeIgniter.php(340): CodeIgniter\CodeIgniter->handleRequest(NULL, Object(Config\Cache), false)
#7 C:\Users\pablo\OneDrive\Documentos\GitHub\JuseaRepository\vendor\codeigniter4\framework\system\Boot.php(417): CodeIgniter\CodeIgniter->run()
#8 C:\Users\pablo\OneDrive\Documentos\GitHub\JuseaRepository\vendor\codeigniter4\framework\system\Boot.php(68): CodeIgniter\Boot::runCodeIgniter(Object(CodeIgniter\CodeIgniter))
#9 C:\Users\pablo\OneDrive\Documentos\GitHub\JuseaRepository\public\index.php(54): CodeIgniter\Boot::bootWeb(Object(Config\Paths))
#10 {main}
[Method: GET, Route: api/persona/buscar-apellido]
in SYSTEMPATH\Format\JSONFormatter.php on line 47.
 1 [internal function]: CodeIgniter\Debug\Exceptions->shutdownHandler()
CRITICAL - 2026-05-06 14:12:32 --> CodeIgniter\Format\Exceptions\FormatException: Failed to parse JSON string. Error: Malformed UTF-8 characters, possibly incorrectly encoded
[Method: GET, Route: api/persona/buscar-apellido]
in SYSTEMPATH\Format\JSONFormatter.php on line 47.
 1 SYSTEMPATH\Format\JSONFormatter.php(47): CodeIgniter\Format\Exceptions\FormatException::forInvalidJSON('Malformed UTF-8 characters, possibly incorrectly encoded')
 2 SYSTEMPATH\HTTP\ResponseTrait.php(252): CodeIgniter\Format\JSONFormatter->format([...])
 3 SYSTEMPATH\HTTP\ResponseTrait.php(178): CodeIgniter\HTTP\Response->formatBody([...], 'json')
 4 APPPATH\Controllers\ApiController.php(51): CodeIgniter\HTTP\Response->setJSON([...])
 5 SYSTEMPATH\CodeIgniter.php(951): App\Controllers\ApiController->buscarPersonaPorApellido()
 6 SYSTEMPATH\CodeIgniter.php(497): CodeIgniter\CodeIgniter->runController(Object(App\Controllers\ApiController))
 7 SYSTEMPATH\CodeIgniter.php(340): CodeIgniter\CodeIgniter->handleRequest(null, Object(Config\Cache), false)
 8 SYSTEMPATH\Boot.php(417): CodeIgniter\CodeIgniter->run()
 9 SYSTEMPATH\Boot.php(68): CodeIgniter\Boot::runCodeIgniter(Object(CodeIgniter\CodeIgniter))
10 FCPATH\index.php(54): CodeIgniter\Boot::bootWeb(Object(Config\Paths))
CRITICAL - 2026-05-06 14:12:32 --> ErrorException: Uncaught CodeIgniter\Format\Exceptions\FormatException: Failed to parse JSON string. Error: Malformed UTF-8 characters, possibly incorrectly encoded in C:\Users\pablo\OneDrive\Documentos\GitHub\JuseaRepository\vendor\codeigniter4\framework\system\Format\JSONFormatter.php:47
Stack trace:
#0 C:\Users\pablo\OneDrive\Documentos\GitHub\JuseaRepository\vendor\codeigniter4\framework\system\Format\JSONFormatter.php(47): CodeIgniter\Format\Exceptions\FormatException::forInvalidJSON('Malformed UTF-8...')
#1 C:\Users\pablo\OneDrive\Documentos\GitHub\JuseaRepository\vendor\codeigniter4\framework\system\API\ResponseTrait.php(352): CodeIgniter\Format\JSONFormatter->format(Array)
#2 C:\Users\pablo\OneDrive\Documentos\GitHub\JuseaRepository\vendor\codeigniter4\framework\system\API\ResponseTrait.php(111): CodeIgniter\Debug\ExceptionHandler->format(Array)
#3 C:\Users\pablo\OneDrive\Documentos\GitHub\JuseaRepository\vendor\codeigniter4\framework\system\Debug\ExceptionHandler.php(95): CodeIgniter\Debug\ExceptionHandler->respond(Array, 500)
#4 C:\Users\pablo\OneDrive\Documentos\GitHub\JuseaRepository\vendor\codeigniter4\framework\system\Debug\Exceptions.php(151): CodeIgniter\Debug\ExceptionHandler->handle(Object(CodeIgniter\Format\Exceptions\FormatException), Object(CodeIgniter\HTTP\IncomingRequest), Object(CodeIgniter\HTTP\Response), 500, 1)
#5 [internal function]: CodeIgniter\Debug\Exceptions->exceptionHandler(Object(CodeIgniter\Format\Exceptions\FormatException))
#6 {main}
  thrown
【Previous Exception】
CodeIgniter\Format\Exceptions\FormatException
Failed to parse JSON string. Error: Malformed UTF-8 characters, possibly incorrectly encoded
#0 C:\Users\pablo\OneDrive\Documentos\GitHub\JuseaRepository\vendor\codeigniter4\framework\system\Format\JSONFormatter.php(47): CodeIgniter\Format\Exceptions\FormatException::forInvalidJSON('Malformed UTF-8...')
#1 C:\Users\pablo\OneDrive\Documentos\GitHub\JuseaRepository\vendor\codeigniter4\framework\system\HTTP\ResponseTrait.php(252): CodeIgniter\Format\JSONFormatter->format(Array)
#2 C:\Users\pablo\OneDrive\Documentos\GitHub\JuseaRepository\vendor\codeigniter4\framework\system\HTTP\ResponseTrait.php(178): CodeIgniter\HTTP\Response->formatBody(Array, 'json')
#3 C:\Users\pablo\OneDrive\Documentos\GitHub\JuseaRepository\app\Controllers\ApiController.php(51): CodeIgniter\HTTP\Response->setJSON(Array)
#4 C:\Users\pablo\OneDrive\Documentos\GitHub\JuseaRepository\vendor\codeigniter4\framework\system\CodeIgniter.php(951): App\Controllers\ApiController->buscarPersonaPorApellido()
#5 C:\Users\pablo\OneDrive\Documentos\GitHub\JuseaRepository\vendor\codeigniter4\framework\system\CodeIgniter.php(497): CodeIgniter\CodeIgniter->runController(Object(App\Controllers\ApiController))
#6 C:\Users\pablo\OneDrive\Documentos\GitHub\JuseaRepository\vendor\codeigniter4\framework\system\CodeIgniter.php(340): CodeIgniter\CodeIgniter->handleRequest(NULL, Object(Config\Cache), false)
#7 C:\Users\pablo\OneDrive\Documentos\GitHub\JuseaRepository\vendor\codeigniter4\framework\system\Boot.php(417): CodeIgniter\CodeIgniter->run()
#8 C:\Users\pablo\OneDrive\Documentos\GitHub\JuseaRepository\vendor\codeigniter4\framework\system\Boot.php(68): CodeIgniter\Boot::runCodeIgniter(Object(CodeIgniter\CodeIgniter))
#9 C:\Users\pablo\OneDrive\Documentos\GitHub\JuseaRepository\public\index.php(54): CodeIgniter\Boot::bootWeb(Object(Config\Paths))
#10 {main}
[Method: GET, Route: api/persona/buscar-apellido]
in SYSTEMPATH\Format\JSONFormatter.php on line 47.
 1 [internal function]: CodeIgniter\Debug\Exceptions->shutdownHandler()
CRITICAL - 2026-05-06 14:12:32 --> CodeIgniter\Format\Exceptions\FormatException: Failed to parse JSON string. Error: Malformed UTF-8 characters, possibly incorrectly encoded
[Method: GET, Route: api/persona/buscar-apellido]
in SYSTEMPATH\Format\JSONFormatter.php on line 47.
 1 SYSTEMPATH\Format\JSONFormatter.php(47): CodeIgniter\Format\Exceptions\FormatException::forInvalidJSON('Malformed UTF-8 characters, possibly incorrectly encoded')
 2 SYSTEMPATH\HTTP\ResponseTrait.php(252): CodeIgniter\Format\JSONFormatter->format([...])
 3 SYSTEMPATH\HTTP\ResponseTrait.php(178): CodeIgniter\HTTP\Response->formatBody([...], 'json')
 4 APPPATH\Controllers\ApiController.php(51): CodeIgniter\HTTP\Response->setJSON([...])
 5 SYSTEMPATH\CodeIgniter.php(951): App\Controllers\ApiController->buscarPersonaPorApellido()
 6 SYSTEMPATH\CodeIgniter.php(497): CodeIgniter\CodeIgniter->runController(Object(App\Controllers\ApiController))
 7 SYSTEMPATH\CodeIgniter.php(340): CodeIgniter\CodeIgniter->handleRequest(null, Object(Config\Cache), false)
 8 SYSTEMPATH\Boot.php(417): CodeIgniter\CodeIgniter->run()
 9 SYSTEMPATH\Boot.php(68): CodeIgniter\Boot::runCodeIgniter(Object(CodeIgniter\CodeIgniter))
10 FCPATH\index.php(54): CodeIgniter\Boot::bootWeb(Object(Config\Paths))
CRITICAL - 2026-05-06 14:12:32 --> ErrorException: Uncaught CodeIgniter\Format\Exceptions\FormatException: Failed to parse JSON string. Error: Malformed UTF-8 characters, possibly incorrectly encoded in C:\Users\pablo\OneDrive\Documentos\GitHub\JuseaRepository\vendor\codeigniter4\framework\system\Format\JSONFormatter.php:47
Stack trace:
#0 C:\Users\pablo\OneDrive\Documentos\GitHub\JuseaRepository\vendor\codeigniter4\framework\system\Format\JSONFormatter.php(47): CodeIgniter\Format\Exceptions\FormatException::forInvalidJSON('Malformed UTF-8...')
#1 C:\Users\pablo\OneDrive\Documentos\GitHub\JuseaRepository\vendor\codeigniter4\framework\system\API\ResponseTrait.php(352): CodeIgniter\Format\JSONFormatter->format(Array)
#2 C:\Users\pablo\OneDrive\Documentos\GitHub\JuseaRepository\vendor\codeigniter4\framework\system\API\ResponseTrait.php(111): CodeIgniter\Debug\ExceptionHandler->format(Array)
#3 C:\Users\pablo\OneDrive\Documentos\GitHub\JuseaRepository\vendor\codeigniter4\framework\system\Debug\ExceptionHandler.php(95): CodeIgniter\Debug\ExceptionHandler->respond(Array, 500)
#4 C:\Users\pablo\OneDrive\Documentos\GitHub\JuseaRepository\vendor\codeigniter4\framework\system\Debug\Exceptions.php(151): CodeIgniter\Debug\ExceptionHandler->handle(Object(CodeIgniter\Format\Exceptions\FormatException), Object(CodeIgniter\HTTP\IncomingRequest), Object(CodeIgniter\HTTP\Response), 500, 1)
#5 [internal function]: CodeIgniter\Debug\Exceptions->exceptionHandler(Object(CodeIgniter\Format\Exceptions\FormatException))
#6 {main}
  thrown
【Previous Exception】
CodeIgniter\Format\Exceptions\FormatException
Failed to parse JSON string. Error: Malformed UTF-8 characters, possibly incorrectly encoded
#0 C:\Users\pablo\OneDrive\Documentos\GitHub\JuseaRepository\vendor\codeigniter4\framework\system\Format\JSONFormatter.php(47): CodeIgniter\Format\Exceptions\FormatException::forInvalidJSON('Malformed UTF-8...')
#1 C:\Users\pablo\OneDrive\Documentos\GitHub\JuseaRepository\vendor\codeigniter4\framework\system\HTTP\ResponseTrait.php(252): CodeIgniter\Format\JSONFormatter->format(Array)
#2 C:\Users\pablo\OneDrive\Documentos\GitHub\JuseaRepository\vendor\codeigniter4\framework\system\HTTP\ResponseTrait.php(178): CodeIgniter\HTTP\Response->formatBody(Array, 'json')
#3 C:\Users\pablo\OneDrive\Documentos\GitHub\JuseaRepository\app\Controllers\ApiController.php(51): CodeIgniter\HTTP\Response->setJSON(Array)
#4 C:\Users\pablo\OneDrive\Documentos\GitHub\JuseaRepository\vendor\codeigniter4\framework\system\CodeIgniter.php(951): App\Controllers\ApiController->buscarPersonaPorApellido()
#5 C:\Users\pablo\OneDrive\Documentos\GitHub\JuseaRepository\vendor\codeigniter4\framework\system\CodeIgniter.php(497): CodeIgniter\CodeIgniter->runController(Object(App\Controllers\ApiController))
#6 C:\Users\pablo\OneDrive\Documentos\GitHub\JuseaRepository\vendor\codeigniter4\framework\system\CodeIgniter.php(340): CodeIgniter\CodeIgniter->handleRequest(NULL, Object(Config\Cache), false)
#7 C:\Users\pablo\OneDrive\Documentos\GitHub\JuseaRepository\vendor\codeigniter4\framework\system\Boot.php(417): CodeIgniter\CodeIgniter->run()
#8 C:\Users\pablo\OneDrive\Documentos\GitHub\JuseaRepository\vendor\codeigniter4\framework\system\Boot.php(68): CodeIgniter\Boot::runCodeIgniter(Object(CodeIgniter\CodeIgniter))
#9 C:\Users\pablo\OneDrive\Documentos\GitHub\JuseaRepository\public\index.php(54): CodeIgniter\Boot::bootWeb(Object(Config\Paths))
#10 {main}
[Method: GET, Route: api/persona/buscar-apellido]
in SYSTEMPATH\Format\JSONFormatter.php on line 47.
 1 [internal function]: CodeIgniter\Debug\Exceptions->shutdownHandler()
CRITICAL - 2026-05-06 14:12:34 --> CodeIgniter\Format\Exceptions\FormatException: Failed to parse JSON string. Error: Malformed UTF-8 characters, possibly incorrectly encoded
[Method: GET, Route: api/persona/buscar-apellido]
in SYSTEMPATH\Format\JSONFormatter.php on line 47.
 1 SYSTEMPATH\Format\JSONFormatter.php(47): CodeIgniter\Format\Exceptions\FormatException::forInvalidJSON('Malformed UTF-8 characters, possibly incorrectly encoded')
 2 SYSTEMPATH\HTTP\ResponseTrait.php(252): CodeIgniter\Format\JSONFormatter->format([...])
 3 SYSTEMPATH\HTTP\ResponseTrait.php(178): CodeIgniter\HTTP\Response->formatBody([...], 'json')
 4 APPPATH\Controllers\ApiController.php(51): CodeIgniter\HTTP\Response->setJSON([...])
 5 SYSTEMPATH\CodeIgniter.php(951): App\Controllers\ApiController->buscarPersonaPorApellido()
 6 SYSTEMPATH\CodeIgniter.php(497): CodeIgniter\CodeIgniter->runController(Object(App\Controllers\ApiController))
 7 SYSTEMPATH\CodeIgniter.php(340): CodeIgniter\CodeIgniter->handleRequest(null, Object(Config\Cache), false)
 8 SYSTEMPATH\Boot.php(417): CodeIgniter\CodeIgniter->run()
 9 SYSTEMPATH\Boot.php(68): CodeIgniter\Boot::runCodeIgniter(Object(CodeIgniter\CodeIgniter))
10 FCPATH\index.php(54): CodeIgniter\Boot::bootWeb(Object(Config\Paths))
CRITICAL - 2026-05-06 14:12:34 --> ErrorException: Uncaught CodeIgniter\Format\Exceptions\FormatException: Failed to parse JSON string. Error: Malformed UTF-8 characters, possibly incorrectly encoded in C:\Users\pablo\OneDrive\Documentos\GitHub\JuseaRepository\vendor\codeigniter4\framework\system\Format\JSONFormatter.php:47
Stack trace:
#0 C:\Users\pablo\OneDrive\Documentos\GitHub\JuseaRepository\vendor\codeigniter4\framework\system\Format\JSONFormatter.php(47): CodeIgniter\Format\Exceptions\FormatException::forInvalidJSON('Malformed UTF-8...')
#1 C:\Users\pablo\OneDrive\Documentos\GitHub\JuseaRepository\vendor\codeigniter4\framework\system\API\ResponseTrait.php(352): CodeIgniter\Format\JSONFormatter->format(Array)
#2 C:\Users\pablo\OneDrive\Documentos\GitHub\JuseaRepository\vendor\codeigniter4\framework\system\API\ResponseTrait.php(111): CodeIgniter\Debug\ExceptionHandler->format(Array)
#3 C:\Users\pablo\OneDrive\Documentos\GitHub\JuseaRepository\vendor\codeigniter4\framework\system\Debug\ExceptionHandler.php(95): CodeIgniter\Debug\ExceptionHandler->respond(Array, 500)
#4 C:\Users\pablo\OneDrive\Documentos\GitHub\JuseaRepository\vendor\codeigniter4\framework\system\Debug\Exceptions.php(151): CodeIgniter\Debug\ExceptionHandler->handle(Object(CodeIgniter\Format\Exceptions\FormatException), Object(CodeIgniter\HTTP\IncomingRequest), Object(CodeIgniter\HTTP\Response), 500, 1)
#5 [internal function]: CodeIgniter\Debug\Exceptions->exceptionHandler(Object(CodeIgniter\Format\Exceptions\FormatException))
#6 {main}
  thrown
【Previous Exception】
CodeIgniter\Format\Exceptions\FormatException
Failed to parse JSON string. Error: Malformed UTF-8 characters, possibly incorrectly encoded
#0 C:\Users\pablo\OneDrive\Documentos\GitHub\JuseaRepository\vendor\codeigniter4\framework\system\Format\JSONFormatter.php(47): CodeIgniter\Format\Exceptions\FormatException::forInvalidJSON('Malformed UTF-8...')
#1 C:\Users\pablo\OneDrive\Documentos\GitHub\JuseaRepository\vendor\codeigniter4\framework\system\HTTP\ResponseTrait.php(252): CodeIgniter\Format\JSONFormatter->format(Array)
#2 C:\Users\pablo\OneDrive\Documentos\GitHub\JuseaRepository\vendor\codeigniter4\framework\system\HTTP\ResponseTrait.php(178): CodeIgniter\HTTP\Response->formatBody(Array, 'json')
#3 C:\Users\pablo\OneDrive\Documentos\GitHub\JuseaRepository\app\Controllers\ApiController.php(51): CodeIgniter\HTTP\Response->setJSON(Array)
#4 C:\Users\pablo\OneDrive\Documentos\GitHub\JuseaRepository\vendor\codeigniter4\framework\system\CodeIgniter.php(951): App\Controllers\ApiController->buscarPersonaPorApellido()
#5 C:\Users\pablo\OneDrive\Documentos\GitHub\JuseaRepository\vendor\codeigniter4\framework\system\CodeIgniter.php(497): CodeIgniter\CodeIgniter->runController(Object(App\Controllers\ApiController))
#6 C:\Users\pablo\OneDrive\Documentos\GitHub\JuseaRepository\vendor\codeigniter4\framework\system\CodeIgniter.php(340): CodeIgniter\CodeIgniter->handleRequest(NULL, Object(Config\Cache), false)
#7 C:\Users\pablo\OneDrive\Documentos\GitHub\JuseaRepository\vendor\codeigniter4\framework\system\Boot.php(417): CodeIgniter\CodeIgniter->run()
#8 C:\Users\pablo\OneDrive\Documentos\GitHub\JuseaRepository\vendor\codeigniter4\framework\system\Boot.php(68): CodeIgniter\Boot::runCodeIgniter(Object(CodeIgniter\CodeIgniter))
#9 C:\Users\pablo\OneDrive\Documentos\GitHub\JuseaRepository\public\index.php(54): CodeIgniter\Boot::bootWeb(Object(Config\Paths))
#10 {main}
[Method: GET, Route: api/persona/buscar-apellido]
in SYSTEMPATH\Format\JSONFormatter.php on line 47.
 1 [internal function]: CodeIgniter\Debug\Exceptions->shutdownHandler()
CRITICAL - 2026-05-06 14:12:39 --> CodeIgniter\Format\Exceptions\FormatException: Failed to parse JSON string. Error: Malformed UTF-8 characters, possibly incorrectly encoded
[Method: GET, Route: api/persona/buscar-apellido]
in SYSTEMPATH\Format\JSONFormatter.php on line 47.
 1 SYSTEMPATH\Format\JSONFormatter.php(47): CodeIgniter\Format\Exceptions\FormatException::forInvalidJSON('Malformed UTF-8 characters, possibly incorrectly encoded')
 2 SYSTEMPATH\HTTP\ResponseTrait.php(252): CodeIgniter\Format\JSONFormatter->format([...])
 3 SYSTEMPATH\HTTP\ResponseTrait.php(178): CodeIgniter\HTTP\Response->formatBody([...], 'json')
 4 APPPATH\Controllers\ApiController.php(51): CodeIgniter\HTTP\Response->setJSON([...])
 5 SYSTEMPATH\CodeIgniter.php(951): App\Controllers\ApiController->buscarPersonaPorApellido()
 6 SYSTEMPATH\CodeIgniter.php(497): CodeIgniter\CodeIgniter->runController(Object(App\Controllers\ApiController))
 7 SYSTEMPATH\CodeIgniter.php(340): CodeIgniter\CodeIgniter->handleRequest(null, Object(Config\Cache), false)
 8 SYSTEMPATH\Boot.php(417): CodeIgniter\CodeIgniter->run()
 9 SYSTEMPATH\Boot.php(68): CodeIgniter\Boot::runCodeIgniter(Object(CodeIgniter\CodeIgniter))
10 FCPATH\index.php(54): CodeIgniter\Boot::bootWeb(Object(Config\Paths))
CRITICAL - 2026-05-06 14:12:39 --> ErrorException: Uncaught CodeIgniter\Format\Exceptions\FormatException: Failed to parse JSON string. Error: Malformed UTF-8 characters, possibly incorrectly encoded in C:\Users\pablo\OneDrive\Documentos\GitHub\JuseaRepository\vendor\codeigniter4\framework\system\Format\JSONFormatter.php:47
Stack trace:
#0 C:\Users\pablo\OneDrive\Documentos\GitHub\JuseaRepository\vendor\codeigniter4\framework\system\Format\JSONFormatter.php(47): CodeIgniter\Format\Exceptions\FormatException::forInvalidJSON('Malformed UTF-8...')
#1 C:\Users\pablo\OneDrive\Documentos\GitHub\JuseaRepository\vendor\codeigniter4\framework\system\API\ResponseTrait.php(352): CodeIgniter\Format\JSONFormatter->format(Array)
#2 C:\Users\pablo\OneDrive\Documentos\GitHub\JuseaRepository\vendor\codeigniter4\framework\system\API\ResponseTrait.php(111): CodeIgniter\Debug\ExceptionHandler->format(Array)
#3 C:\Users\pablo\OneDrive\Documentos\GitHub\JuseaRepository\vendor\codeigniter4\framework\system\Debug\ExceptionHandler.php(95): CodeIgniter\Debug\ExceptionHandler->respond(Array, 500)
#4 C:\Users\pablo\OneDrive\Documentos\GitHub\JuseaRepository\vendor\codeigniter4\framework\system\Debug\Exceptions.php(151): CodeIgniter\Debug\ExceptionHandler->handle(Object(CodeIgniter\Format\Exceptions\FormatException), Object(CodeIgniter\HTTP\IncomingRequest), Object(CodeIgniter\HTTP\Response), 500, 1)
#5 [internal function]: CodeIgniter\Debug\Exceptions->exceptionHandler(Object(CodeIgniter\Format\Exceptions\FormatException))
#6 {main}
  thrown
【Previous Exception】
CodeIgniter\Format\Exceptions\FormatException
Failed to parse JSON string. Error: Malformed UTF-8 characters, possibly incorrectly encoded
#0 C:\Users\pablo\OneDrive\Documentos\GitHub\JuseaRepository\vendor\codeigniter4\framework\system\Format\JSONFormatter.php(47): CodeIgniter\Format\Exceptions\FormatException::forInvalidJSON('Malformed UTF-8...')
#1 C:\Users\pablo\OneDrive\Documentos\GitHub\JuseaRepository\vendor\codeigniter4\framework\system\HTTP\ResponseTrait.php(252): CodeIgniter\Format\JSONFormatter->format(Array)
#2 C:\Users\pablo\OneDrive\Documentos\GitHub\JuseaRepository\vendor\codeigniter4\framework\system\HTTP\ResponseTrait.php(178): CodeIgniter\HTTP\Response->formatBody(Array, 'json')
#3 C:\Users\pablo\OneDrive\Documentos\GitHub\JuseaRepository\app\Controllers\ApiController.php(51): CodeIgniter\HTTP\Response->setJSON(Array)
#4 C:\Users\pablo\OneDrive\Documentos\GitHub\JuseaRepository\vendor\codeigniter4\framework\system\CodeIgniter.php(951): App\Controllers\ApiController->buscarPersonaPorApellido()
#5 C:\Users\pablo\OneDrive\Documentos\GitHub\JuseaRepository\vendor\codeigniter4\framework\system\CodeIgniter.php(497): CodeIgniter\CodeIgniter->runController(Object(App\Controllers\ApiController))
#6 C:\Users\pablo\OneDrive\Documentos\GitHub\JuseaRepository\vendor\codeigniter4\framework\system\CodeIgniter.php(340): CodeIgniter\CodeIgniter->handleRequest(NULL, Object(Config\Cache), false)
#7 C:\Users\pablo\OneDrive\Documentos\GitHub\JuseaRepository\vendor\codeigniter4\framework\system\Boot.php(417): CodeIgniter\CodeIgniter->run()
#8 C:\Users\pablo\OneDrive\Documentos\GitHub\JuseaRepository\vendor\codeigniter4\framework\system\Boot.php(68): CodeIgniter\Boot::runCodeIgniter(Object(CodeIgniter\CodeIgniter))
#9 C:\Users\pablo\OneDrive\Documentos\GitHub\JuseaRepository\public\index.php(54): CodeIgniter\Boot::bootWeb(Object(Config\Paths))
#10 {main}
[Method: GET, Route: api/persona/buscar-apellido]
in SYSTEMPATH\Format\JSONFormatter.php on line 47.
 1 [internal function]: CodeIgniter\Debug\Exceptions->shutdownHandler()
CRITICAL - 2026-05-06 14:12:50 --> CodeIgniter\Format\Exceptions\FormatException: Failed to parse JSON string. Error: Malformed UTF-8 characters, possibly incorrectly encoded
[Method: GET, Route: api/persona/buscar-apellido]
in SYSTEMPATH\Format\JSONFormatter.php on line 47.
 1 SYSTEMPATH\Format\JSONFormatter.php(47): CodeIgniter\Format\Exceptions\FormatException::forInvalidJSON('Malformed UTF-8 characters, possibly incorrectly encoded')
 2 SYSTEMPATH\HTTP\ResponseTrait.php(252): CodeIgniter\Format\JSONFormatter->format([...])
 3 SYSTEMPATH\HTTP\ResponseTrait.php(178): CodeIgniter\HTTP\Response->formatBody([...], 'json')
 4 APPPATH\Controllers\ApiController.php(51): CodeIgniter\HTTP\Response->setJSON([...])
 5 SYSTEMPATH\CodeIgniter.php(951): App\Controllers\ApiController->buscarPersonaPorApellido()
 6 SYSTEMPATH\CodeIgniter.php(497): CodeIgniter\CodeIgniter->runController(Object(App\Controllers\ApiController))
 7 SYSTEMPATH\CodeIgniter.php(340): CodeIgniter\CodeIgniter->handleRequest(null, Object(Config\Cache), false)
 8 SYSTEMPATH\Boot.php(417): CodeIgniter\CodeIgniter->run()
 9 SYSTEMPATH\Boot.php(68): CodeIgniter\Boot::runCodeIgniter(Object(CodeIgniter\CodeIgniter))
10 FCPATH\index.php(54): CodeIgniter\Boot::bootWeb(Object(Config\Paths))
CRITICAL - 2026-05-06 14:12:50 --> ErrorException: Uncaught CodeIgniter\Format\Exceptions\FormatException: Failed to parse JSON string. Error: Malformed UTF-8 characters, possibly incorrectly encoded in C:\Users\pablo\OneDrive\Documentos\GitHub\JuseaRepository\vendor\codeigniter4\framework\system\Format\JSONFormatter.php:47
Stack trace:
#0 C:\Users\pablo\OneDrive\Documentos\GitHub\JuseaRepository\vendor\codeigniter4\framework\system\Format\JSONFormatter.php(47): CodeIgniter\Format\Exceptions\FormatException::forInvalidJSON('Malformed UTF-8...')
#1 C:\Users\pablo\OneDrive\Documentos\GitHub\JuseaRepository\vendor\codeigniter4\framework\system\API\ResponseTrait.php(352): CodeIgniter\Format\JSONFormatter->format(Array)
#2 C:\Users\pablo\OneDrive\Documentos\GitHub\JuseaRepository\vendor\codeigniter4\framework\system\API\ResponseTrait.php(111): CodeIgniter\Debug\ExceptionHandler->format(Array)
#3 C:\Users\pablo\OneDrive\Documentos\GitHub\JuseaRepository\vendor\codeigniter4\framework\system\Debug\ExceptionHandler.php(95): CodeIgniter\Debug\ExceptionHandler->respond(Array, 500)
#4 C:\Users\pablo\OneDrive\Documentos\GitHub\JuseaRepository\vendor\codeigniter4\framework\system\Debug\Exceptions.php(151): CodeIgniter\Debug\ExceptionHandler->handle(Object(CodeIgniter\Format\Exceptions\FormatException), Object(CodeIgniter\HTTP\IncomingRequest), Object(CodeIgniter\HTTP\Response), 500, 1)
#5 [internal function]: CodeIgniter\Debug\Exceptions->exceptionHandler(Object(CodeIgniter\Format\Exceptions\FormatException))
#6 {main}
  thrown
【Previous Exception】
CodeIgniter\Format\Exceptions\FormatException
Failed to parse JSON string. Error: Malformed UTF-8 characters, possibly incorrectly encoded
#0 C:\Users\pablo\OneDrive\Documentos\GitHub\JuseaRepository\vendor\codeigniter4\framework\system\Format\JSONFormatter.php(47): CodeIgniter\Format\Exceptions\FormatException::forInvalidJSON('Malformed UTF-8...')
#1 C:\Users\pablo\OneDrive\Documentos\GitHub\JuseaRepository\vendor\codeigniter4\framework\system\HTTP\ResponseTrait.php(252): CodeIgniter\Format\JSONFormatter->format(Array)
#2 C:\Users\pablo\OneDrive\Documentos\GitHub\JuseaRepository\vendor\codeigniter4\framework\system\HTTP\ResponseTrait.php(178): CodeIgniter\HTTP\Response->formatBody(Array, 'json')
#3 C:\Users\pablo\OneDrive\Documentos\GitHub\JuseaRepository\app\Controllers\ApiController.php(51): CodeIgniter\HTTP\Response->setJSON(Array)
#4 C:\Users\pablo\OneDrive\Documentos\GitHub\JuseaRepository\vendor\codeigniter4\framework\system\CodeIgniter.php(951): App\Controllers\ApiController->buscarPersonaPorApellido()
#5 C:\Users\pablo\OneDrive\Documentos\GitHub\JuseaRepository\vendor\codeigniter4\framework\system\CodeIgniter.php(497): CodeIgniter\CodeIgniter->runController(Object(App\Controllers\ApiController))
#6 C:\Users\pablo\OneDrive\Documentos\GitHub\JuseaRepository\vendor\codeigniter4\framework\system\CodeIgniter.php(340): CodeIgniter\CodeIgniter->handleRequest(NULL, Object(Config\Cache), false)
#7 C:\Users\pablo\OneDrive\Documentos\GitHub\JuseaRepository\vendor\codeigniter4\framework\system\Boot.php(417): CodeIgniter\CodeIgniter->run()
#8 C:\Users\pablo\OneDrive\Documentos\GitHub\JuseaRepository\vendor\codeigniter4\framework\system\Boot.php(68): CodeIgniter\Boot::runCodeIgniter(Object(CodeIgniter\CodeIgniter))
#9 C:\Users\pablo\OneDrive\Documentos\GitHub\JuseaRepository\public\index.php(54): CodeIgniter\Boot::bootWeb(Object(Config\Paths))
#10 {main}
[Method: GET, Route: api/persona/buscar-apellido]
in SYSTEMPATH\Format\JSONFormatter.php on line 47.
 1 [internal function]: CodeIgniter\Debug\Exceptions->shutdownHandler()
CRITICAL - 2026-05-06 14:12:50 --> CodeIgniter\Format\Exceptions\FormatException: Failed to parse JSON string. Error: Malformed UTF-8 characters, possibly incorrectly encoded
[Method: GET, Route: api/persona/buscar-apellido]
in SYSTEMPATH\Format\JSONFormatter.php on line 47.
 1 SYSTEMPATH\Format\JSONFormatter.php(47): CodeIgniter\Format\Exceptions\FormatException::forInvalidJSON('Malformed UTF-8 characters, possibly incorrectly encoded')
 2 SYSTEMPATH\HTTP\ResponseTrait.php(252): CodeIgniter\Format\JSONFormatter->format([...])
 3 SYSTEMPATH\HTTP\ResponseTrait.php(178): CodeIgniter\HTTP\Response->formatBody([...], 'json')
 4 APPPATH\Controllers\ApiController.php(51): CodeIgniter\HTTP\Response->setJSON([...])
 5 SYSTEMPATH\CodeIgniter.php(951): App\Controllers\ApiController->buscarPersonaPorApellido()
 6 SYSTEMPATH\CodeIgniter.php(497): CodeIgniter\CodeIgniter->runController(Object(App\Controllers\ApiController))
 7 SYSTEMPATH\CodeIgniter.php(340): CodeIgniter\CodeIgniter->handleRequest(null, Object(Config\Cache), false)
 8 SYSTEMPATH\Boot.php(417): CodeIgniter\CodeIgniter->run()
 9 SYSTEMPATH\Boot.php(68): CodeIgniter\Boot::runCodeIgniter(Object(CodeIgniter\CodeIgniter))
10 FCPATH\index.php(54): CodeIgniter\Boot::bootWeb(Object(Config\Paths))
CRITICAL - 2026-05-06 14:12:50 --> ErrorException: Uncaught CodeIgniter\Format\Exceptions\FormatException: Failed to parse JSON string. Error: Malformed UTF-8 characters, possibly incorrectly encoded in C:\Users\pablo\OneDrive\Documentos\GitHub\JuseaRepository\vendor\codeigniter4\framework\system\Format\JSONFormatter.php:47
Stack trace:
#0 C:\Users\pablo\OneDrive\Documentos\GitHub\JuseaRepository\vendor\codeigniter4\framework\system\Format\JSONFormatter.php(47): CodeIgniter\Format\Exceptions\FormatException::forInvalidJSON('Malformed UTF-8...')
#1 C:\Users\pablo\OneDrive\Documentos\GitHub\JuseaRepository\vendor\codeigniter4\framework\system\API\ResponseTrait.php(352): CodeIgniter\Format\JSONFormatter->format(Array)
#2 C:\Users\pablo\OneDrive\Documentos\GitHub\JuseaRepository\vendor\codeigniter4\framework\system\API\ResponseTrait.php(111): CodeIgniter\Debug\ExceptionHandler->format(Array)
#3 C:\Users\pablo\OneDrive\Documentos\GitHub\JuseaRepository\vendor\codeigniter4\framework\system\Debug\ExceptionHandler.php(95): CodeIgniter\Debug\ExceptionHandler->respond(Array, 500)
#4 C:\Users\pablo\OneDrive\Documentos\GitHub\JuseaRepository\vendor\codeigniter4\framework\system\Debug\Exceptions.php(151): CodeIgniter\Debug\ExceptionHandler->handle(Object(CodeIgniter\Format\Exceptions\FormatException), Object(CodeIgniter\HTTP\IncomingRequest), Object(CodeIgniter\HTTP\Response), 500, 1)
#5 [internal function]: CodeIgniter\Debug\Exceptions->exceptionHandler(Object(CodeIgniter\Format\Exceptions\FormatException))
#6 {main}
  thrown
【Previous Exception】
CodeIgniter\Format\Exceptions\FormatException
Failed to parse JSON string. Error: Malformed UTF-8 characters, possibly incorrectly encoded
#0 C:\Users\pablo\OneDrive\Documentos\GitHub\JuseaRepository\vendor\codeigniter4\framework\system\Format\JSONFormatter.php(47): CodeIgniter\Format\Exceptions\FormatException::forInvalidJSON('Malformed UTF-8...')
#1 C:\Users\pablo\OneDrive\Documentos\GitHub\JuseaRepository\vendor\codeigniter4\framework\system\HTTP\ResponseTrait.php(252): CodeIgniter\Format\JSONFormatter->format(Array)
#2 C:\Users\pablo\OneDrive\Documentos\GitHub\JuseaRepository\vendor\codeigniter4\framework\system\HTTP\ResponseTrait.php(178): CodeIgniter\HTTP\Response->formatBody(Array, 'json')
#3 C:\Users\pablo\OneDrive\Documentos\GitHub\JuseaRepository\app\Controllers\ApiController.php(51): CodeIgniter\HTTP\Response->setJSON(Array)
#4 C:\Users\pablo\OneDrive\Documentos\GitHub\JuseaRepository\vendor\codeigniter4\framework\system\CodeIgniter.php(951): App\Controllers\ApiController->buscarPersonaPorApellido()
#5 C:\Users\pablo\OneDrive\Documentos\GitHub\JuseaRepository\vendor\codeigniter4\framework\system\CodeIgniter.php(497): CodeIgniter\CodeIgniter->runController(Object(App\Controllers\ApiController))
#6 C:\Users\pablo\OneDrive\Documentos\GitHub\JuseaRepository\vendor\codeigniter4\framework\system\CodeIgniter.php(340): CodeIgniter\CodeIgniter->handleRequest(NULL, Object(Config\Cache), false)
#7 C:\Users\pablo\OneDrive\Documentos\GitHub\JuseaRepository\vendor\codeigniter4\framework\system\Boot.php(417): CodeIgniter\CodeIgniter->run()
#8 C:\Users\pablo\OneDrive\Documentos\GitHub\JuseaRepository\vendor\codeigniter4\framework\system\Boot.php(68): CodeIgniter\Boot::runCodeIgniter(Object(CodeIgniter\CodeIgniter))
#9 C:\Users\pablo\OneDrive\Documentos\GitHub\JuseaRepository\public\index.php(54): CodeIgniter\Boot::bootWeb(Object(Config\Paths))
#10 {main}
[Method: GET, Route: api/persona/buscar-apellido]
in SYSTEMPATH\Format\JSONFormatter.php on line 47.
 1 [internal function]: CodeIgniter\Debug\Exceptions->shutdownHandler()
CRITICAL - 2026-05-06 14:12:50 --> CodeIgniter\Format\Exceptions\FormatException: Failed to parse JSON string. Error: Malformed UTF-8 characters, possibly incorrectly encoded
[Method: GET, Route: api/persona/buscar-apellido]
in SYSTEMPATH\Format\JSONFormatter.php on line 47.
 1 SYSTEMPATH\Format\JSONFormatter.php(47): CodeIgniter\Format\Exceptions\FormatException::forInvalidJSON('Malformed UTF-8 characters, possibly incorrectly encoded')
 2 SYSTEMPATH\HTTP\ResponseTrait.php(252): CodeIgniter\Format\JSONFormatter->format([...])
 3 SYSTEMPATH\HTTP\ResponseTrait.php(178): CodeIgniter\HTTP\Response->formatBody([...], 'json')
 4 APPPATH\Controllers\ApiController.php(51): CodeIgniter\HTTP\Response->setJSON([...])
 5 SYSTEMPATH\CodeIgniter.php(951): App\Controllers\ApiController->buscarPersonaPorApellido()
 6 SYSTEMPATH\CodeIgniter.php(497): CodeIgniter\CodeIgniter->runController(Object(App\Controllers\ApiController))
 7 SYSTEMPATH\CodeIgniter.php(340): CodeIgniter\CodeIgniter->handleRequest(null, Object(Config\Cache), false)
 8 SYSTEMPATH\Boot.php(417): CodeIgniter\CodeIgniter->run()
 9 SYSTEMPATH\Boot.php(68): CodeIgniter\Boot::runCodeIgniter(Object(CodeIgniter\CodeIgniter))
10 FCPATH\index.php(54): CodeIgniter\Boot::bootWeb(Object(Config\Paths))
CRITICAL - 2026-05-06 14:12:50 --> ErrorException: Uncaught CodeIgniter\Format\Exceptions\FormatException: Failed to parse JSON string. Error: Malformed UTF-8 characters, possibly incorrectly encoded in C:\Users\pablo\OneDrive\Documentos\GitHub\JuseaRepository\vendor\codeigniter4\framework\system\Format\JSONFormatter.php:47
Stack trace:
#0 C:\Users\pablo\OneDrive\Documentos\GitHub\JuseaRepository\vendor\codeigniter4\framework\system\Format\JSONFormatter.php(47): CodeIgniter\Format\Exceptions\FormatException::forInvalidJSON('Malformed UTF-8...')
#1 C:\Users\pablo\OneDrive\Documentos\GitHub\JuseaRepository\vendor\codeigniter4\framework\system\API\ResponseTrait.php(352): CodeIgniter\Format\JSONFormatter->format(Array)
#2 C:\Users\pablo\OneDrive\Documentos\GitHub\JuseaRepository\vendor\codeigniter4\framework\system\API\ResponseTrait.php(111): CodeIgniter\Debug\ExceptionHandler->format(Array)
#3 C:\Users\pablo\OneDrive\Documentos\GitHub\JuseaRepository\vendor\codeigniter4\framework\system\Debug\ExceptionHandler.php(95): CodeIgniter\Debug\ExceptionHandler->respond(Array, 500)
#4 C:\Users\pablo\OneDrive\Documentos\GitHub\JuseaRepository\vendor\codeigniter4\framework\system\Debug\Exceptions.php(151): CodeIgniter\Debug\ExceptionHandler->handle(Object(CodeIgniter\Format\Exceptions\FormatException), Object(CodeIgniter\HTTP\IncomingRequest), Object(CodeIgniter\HTTP\Response), 500, 1)
#5 [internal function]: CodeIgniter\Debug\Exceptions->exceptionHandler(Object(CodeIgniter\Format\Exceptions\FormatException))
#6 {main}
  thrown
【Previous Exception】
CodeIgniter\Format\Exceptions\FormatException
Failed to parse JSON string. Error: Malformed UTF-8 characters, possibly incorrectly encoded
#0 C:\Users\pablo\OneDrive\Documentos\GitHub\JuseaRepository\vendor\codeigniter4\framework\system\Format\JSONFormatter.php(47): CodeIgniter\Format\Exceptions\FormatException::forInvalidJSON('Malformed UTF-8...')
#1 C:\Users\pablo\OneDrive\Documentos\GitHub\JuseaRepository\vendor\codeigniter4\framework\system\HTTP\ResponseTrait.php(252): CodeIgniter\Format\JSONFormatter->format(Array)
#2 C:\Users\pablo\OneDrive\Documentos\GitHub\JuseaRepository\vendor\codeigniter4\framework\system\HTTP\ResponseTrait.php(178): CodeIgniter\HTTP\Response->formatBody(Array, 'json')
#3 C:\Users\pablo\OneDrive\Documentos\GitHub\JuseaRepository\app\Controllers\ApiController.php(51): CodeIgniter\HTTP\Response->setJSON(Array)
#4 C:\Users\pablo\OneDrive\Documentos\GitHub\JuseaRepository\vendor\codeigniter4\framework\system\CodeIgniter.php(951): App\Controllers\ApiController->buscarPersonaPorApellido()
#5 C:\Users\pablo\OneDrive\Documentos\GitHub\JuseaRepository\vendor\codeigniter4\framework\system\CodeIgniter.php(497): CodeIgniter\CodeIgniter->runController(Object(App\Controllers\ApiController))
#6 C:\Users\pablo\OneDrive\Documentos\GitHub\JuseaRepository\vendor\codeigniter4\framework\system\CodeIgniter.php(340): CodeIgniter\CodeIgniter->handleRequest(NULL, Object(Config\Cache), false)
#7 C:\Users\pablo\OneDrive\Documentos\GitHub\JuseaRepository\vendor\codeigniter4\framework\system\Boot.php(417): CodeIgniter\CodeIgniter->run()
#8 C:\Users\pablo\OneDrive\Documentos\GitHub\JuseaRepository\vendor\codeigniter4\framework\system\Boot.php(68): CodeIgniter\Boot::runCodeIgniter(Object(CodeIgniter\CodeIgniter))
#9 C:\Users\pablo\OneDrive\Documentos\GitHub\JuseaRepository\public\index.php(54): CodeIgniter\Boot::bootWeb(Object(Config\Paths))
#10 {main}
[Method: GET, Route: api/persona/buscar-apellido]
in SYSTEMPATH\Format\JSONFormatter.php on line 47.
 1 [internal function]: CodeIgniter\Debug\Exceptions->shutdownHandler()
CRITICAL - 2026-05-06 14:12:51 --> CodeIgniter\Format\Exceptions\FormatException: Failed to parse JSON string. Error: Malformed UTF-8 characters, possibly incorrectly encoded
[Method: GET, Route: api/persona/buscar-apellido]
in SYSTEMPATH\Format\JSONFormatter.php on line 47.
 1 SYSTEMPATH\Format\JSONFormatter.php(47): CodeIgniter\Format\Exceptions\FormatException::forInvalidJSON('Malformed UTF-8 characters, possibly incorrectly encoded')
 2 SYSTEMPATH\HTTP\ResponseTrait.php(252): CodeIgniter\Format\JSONFormatter->format([...])
 3 SYSTEMPATH\HTTP\ResponseTrait.php(178): CodeIgniter\HTTP\Response->formatBody([...], 'json')
 4 APPPATH\Controllers\ApiController.php(51): CodeIgniter\HTTP\Response->setJSON([...])
 5 SYSTEMPATH\CodeIgniter.php(951): App\Controllers\ApiController->buscarPersonaPorApellido()
 6 SYSTEMPATH\CodeIgniter.php(497): CodeIgniter\CodeIgniter->runController(Object(App\Controllers\ApiController))
 7 SYSTEMPATH\CodeIgniter.php(340): CodeIgniter\CodeIgniter->handleRequest(null, Object(Config\Cache), false)
 8 SYSTEMPATH\Boot.php(417): CodeIgniter\CodeIgniter->run()
 9 SYSTEMPATH\Boot.php(68): CodeIgniter\Boot::runCodeIgniter(Object(CodeIgniter\CodeIgniter))
10 FCPATH\index.php(54): CodeIgniter\Boot::bootWeb(Object(Config\Paths))
CRITICAL - 2026-05-06 14:12:51 --> ErrorException: Uncaught CodeIgniter\Format\Exceptions\FormatException: Failed to parse JSON string. Error: Malformed UTF-8 characters, possibly incorrectly encoded in C:\Users\pablo\OneDrive\Documentos\GitHub\JuseaRepository\vendor\codeigniter4\framework\system\Format\JSONFormatter.php:47
Stack trace:
#0 C:\Users\pablo\OneDrive\Documentos\GitHub\JuseaRepository\vendor\codeigniter4\framework\system\Format\JSONFormatter.php(47): CodeIgniter\Format\Exceptions\FormatException::forInvalidJSON('Malformed UTF-8...')
#1 C:\Users\pablo\OneDrive\Documentos\GitHub\JuseaRepository\vendor\codeigniter4\framework\system\API\ResponseTrait.php(352): CodeIgniter\Format\JSONFormatter->format(Array)
#2 C:\Users\pablo\OneDrive\Documentos\GitHub\JuseaRepository\vendor\codeigniter4\framework\system\API\ResponseTrait.php(111): CodeIgniter\Debug\ExceptionHandler->format(Array)
#3 C:\Users\pablo\OneDrive\Documentos\GitHub\JuseaRepository\vendor\codeigniter4\framework\system\Debug\ExceptionHandler.php(95): CodeIgniter\Debug\ExceptionHandler->respond(Array, 500)
#4 C:\Users\pablo\OneDrive\Documentos\GitHub\JuseaRepository\vendor\codeigniter4\framework\system\Debug\Exceptions.php(151): CodeIgniter\Debug\ExceptionHandler->handle(Object(CodeIgniter\Format\Exceptions\FormatException), Object(CodeIgniter\HTTP\IncomingRequest), Object(CodeIgniter\HTTP\Response), 500, 1)
#5 [internal function]: CodeIgniter\Debug\Exceptions->exceptionHandler(Object(CodeIgniter\Format\Exceptions\FormatException))
#6 {main}
  thrown
【Previous Exception】
CodeIgniter\Format\Exceptions\FormatException
Failed to parse JSON string. Error: Malformed UTF-8 characters, possibly incorrectly encoded
#0 C:\Users\pablo\OneDrive\Documentos\GitHub\JuseaRepository\vendor\codeigniter4\framework\system\Format\JSONFormatter.php(47): CodeIgniter\Format\Exceptions\FormatException::forInvalidJSON('Malformed UTF-8...')
#1 C:\Users\pablo\OneDrive\Documentos\GitHub\JuseaRepository\vendor\codeigniter4\framework\system\HTTP\ResponseTrait.php(252): CodeIgniter\Format\JSONFormatter->format(Array)
#2 C:\Users\pablo\OneDrive\Documentos\GitHub\JuseaRepository\vendor\codeigniter4\framework\system\HTTP\ResponseTrait.php(178): CodeIgniter\HTTP\Response->formatBody(Array, 'json')
#3 C:\Users\pablo\OneDrive\Documentos\GitHub\JuseaRepository\app\Controllers\ApiController.php(51): CodeIgniter\HTTP\Response->setJSON(Array)
#4 C:\Users\pablo\OneDrive\Documentos\GitHub\JuseaRepository\vendor\codeigniter4\framework\system\CodeIgniter.php(951): App\Controllers\ApiController->buscarPersonaPorApellido()
#5 C:\Users\pablo\OneDrive\Documentos\GitHub\JuseaRepository\vendor\codeigniter4\framework\system\CodeIgniter.php(497): CodeIgniter\CodeIgniter->runController(Object(App\Controllers\ApiController))
#6 C:\Users\pablo\OneDrive\Documentos\GitHub\JuseaRepository\vendor\codeigniter4\framework\system\CodeIgniter.php(340): CodeIgniter\CodeIgniter->handleRequest(NULL, Object(Config\Cache), false)
#7 C:\Users\pablo\OneDrive\Documentos\GitHub\JuseaRepository\vendor\codeigniter4\framework\system\Boot.php(417): CodeIgniter\CodeIgniter->run()
#8 C:\Users\pablo\OneDrive\Documentos\GitHub\JuseaRepository\vendor\codeigniter4\framework\system\Boot.php(68): CodeIgniter\Boot::runCodeIgniter(Object(CodeIgniter\CodeIgniter))
#9 C:\Users\pablo\OneDrive\Documentos\GitHub\JuseaRepository\public\index.php(54): CodeIgniter\Boot::bootWeb(Object(Config\Paths))
#10 {main}
[Method: GET, Route: api/persona/buscar-apellido]
in SYSTEMPATH\Format\JSONFormatter.php on line 47.
 1 [internal function]: CodeIgniter\Debug\Exceptions->shutdownHandler()
CRITICAL - 2026-05-06 14:12:54 --> CodeIgniter\Format\Exceptions\FormatException: Failed to parse JSON string. Error: Malformed UTF-8 characters, possibly incorrectly encoded
[Method: GET, Route: api/persona/buscar-apellido]
in SYSTEMPATH\Format\JSONFormatter.php on line 47.
 1 SYSTEMPATH\Format\JSONFormatter.php(47): CodeIgniter\Format\Exceptions\FormatException::forInvalidJSON('Malformed UTF-8 characters, possibly incorrectly encoded')
 2 SYSTEMPATH\HTTP\ResponseTrait.php(252): CodeIgniter\Format\JSONFormatter->format([...])
 3 SYSTEMPATH\HTTP\ResponseTrait.php(178): CodeIgniter\HTTP\Response->formatBody([...], 'json')
 4 APPPATH\Controllers\ApiController.php(51): CodeIgniter\HTTP\Response->setJSON([...])
 5 SYSTEMPATH\CodeIgniter.php(951): App\Controllers\ApiController->buscarPersonaPorApellido()
 6 SYSTEMPATH\CodeIgniter.php(497): CodeIgniter\CodeIgniter->runController(Object(App\Controllers\ApiController))
 7 SYSTEMPATH\CodeIgniter.php(340): CodeIgniter\CodeIgniter->handleRequest(null, Object(Config\Cache), false)
 8 SYSTEMPATH\Boot.php(417): CodeIgniter\CodeIgniter->run()
 9 SYSTEMPATH\Boot.php(68): CodeIgniter\Boot::runCodeIgniter(Object(CodeIgniter\CodeIgniter))
10 FCPATH\index.php(54): CodeIgniter\Boot::bootWeb(Object(Config\Paths))
CRITICAL - 2026-05-06 14:12:54 --> ErrorException: Uncaught CodeIgniter\Format\Exceptions\FormatException: Failed to parse JSON string. Error: Malformed UTF-8 characters, possibly incorrectly encoded in C:\Users\pablo\OneDrive\Documentos\GitHub\JuseaRepository\vendor\codeigniter4\framework\system\Format\JSONFormatter.php:47
Stack trace:
#0 C:\Users\pablo\OneDrive\Documentos\GitHub\JuseaRepository\vendor\codeigniter4\framework\system\Format\JSONFormatter.php(47): CodeIgniter\Format\Exceptions\FormatException::forInvalidJSON('Malformed UTF-8...')
#1 C:\Users\pablo\OneDrive\Documentos\GitHub\JuseaRepository\vendor\codeigniter4\framework\system\API\ResponseTrait.php(352): CodeIgniter\Format\JSONFormatter->format(Array)
#2 C:\Users\pablo\OneDrive\Documentos\GitHub\JuseaRepository\vendor\codeigniter4\framework\system\API\ResponseTrait.php(111): CodeIgniter\Debug\ExceptionHandler->format(Array)
#3 C:\Users\pablo\OneDrive\Documentos\GitHub\JuseaRepository\vendor\codeigniter4\framework\system\Debug\ExceptionHandler.php(95): CodeIgniter\Debug\ExceptionHandler->respond(Array, 500)
#4 C:\Users\pablo\OneDrive\Documentos\GitHub\JuseaRepository\vendor\codeigniter4\framework\system\Debug\Exceptions.php(151): CodeIgniter\Debug\ExceptionHandler->handle(Object(CodeIgniter\Format\Exceptions\FormatException), Object(CodeIgniter\HTTP\IncomingRequest), Object(CodeIgniter\HTTP\Response), 500, 1)
#5 [internal function]: CodeIgniter\Debug\Exceptions->exceptionHandler(Object(CodeIgniter\Format\Exceptions\FormatException))
#6 {main}
  thrown
【Previous Exception】
CodeIgniter\Format\Exceptions\FormatException
Failed to parse JSON string. Error: Malformed UTF-8 characters, possibly incorrectly encoded
#0 C:\Users\pablo\OneDrive\Documentos\GitHub\JuseaRepository\vendor\codeigniter4\framework\system\Format\JSONFormatter.php(47): CodeIgniter\Format\Exceptions\FormatException::forInvalidJSON('Malformed UTF-8...')
#1 C:\Users\pablo\OneDrive\Documentos\GitHub\JuseaRepository\vendor\codeigniter4\framework\system\HTTP\ResponseTrait.php(252): CodeIgniter\Format\JSONFormatter->format(Array)
#2 C:\Users\pablo\OneDrive\Documentos\GitHub\JuseaRepository\vendor\codeigniter4\framework\system\HTTP\ResponseTrait.php(178): CodeIgniter\HTTP\Response->formatBody(Array, 'json')
#3 C:\Users\pablo\OneDrive\Documentos\GitHub\JuseaRepository\app\Controllers\ApiController.php(51): CodeIgniter\HTTP\Response->setJSON(Array)
#4 C:\Users\pablo\OneDrive\Documentos\GitHub\JuseaRepository\vendor\codeigniter4\framework\system\CodeIgniter.php(951): App\Controllers\ApiController->buscarPersonaPorApellido()
#5 C:\Users\pablo\OneDrive\Documentos\GitHub\JuseaRepository\vendor\codeigniter4\framework\system\CodeIgniter.php(497): CodeIgniter\CodeIgniter->runController(Object(App\Controllers\ApiController))
#6 C:\Users\pablo\OneDrive\Documentos\GitHub\JuseaRepository\vendor\codeigniter4\framework\system\CodeIgniter.php(340): CodeIgniter\CodeIgniter->handleRequest(NULL, Object(Config\Cache), false)
#7 C:\Users\pablo\OneDrive\Documentos\GitHub\JuseaRepository\vendor\codeigniter4\framework\system\Boot.php(417): CodeIgniter\CodeIgniter->run()
#8 C:\Users\pablo\OneDrive\Documentos\GitHub\JuseaRepository\vendor\codeigniter4\framework\system\Boot.php(68): CodeIgniter\Boot::runCodeIgniter(Object(CodeIgniter\CodeIgniter))
#9 C:\Users\pablo\OneDrive\Documentos\GitHub\JuseaRepository\public\index.php(54): CodeIgniter\Boot::bootWeb(Object(Config\Paths))
#10 {main}
[Method: GET, Route: api/persona/buscar-apellido]
in SYSTEMPATH\Format\JSONFormatter.php on line 47.
 1 [internal function]: CodeIgniter\Debug\Exceptions->shutdownHandler()
CRITICAL - 2026-05-06 14:12:55 --> CodeIgniter\Format\Exceptions\FormatException: Failed to parse JSON string. Error: Malformed UTF-8 characters, possibly incorrectly encoded
[Method: GET, Route: api/persona/buscar-apellido]
in SYSTEMPATH\Format\JSONFormatter.php on line 47.
 1 SYSTEMPATH\Format\JSONFormatter.php(47): CodeIgniter\Format\Exceptions\FormatException::forInvalidJSON('Malformed UTF-8 characters, possibly incorrectly encoded')
 2 SYSTEMPATH\HTTP\ResponseTrait.php(252): CodeIgniter\Format\JSONFormatter->format([...])
 3 SYSTEMPATH\HTTP\ResponseTrait.php(178): CodeIgniter\HTTP\Response->formatBody([...], 'json')
 4 APPPATH\Controllers\ApiController.php(51): CodeIgniter\HTTP\Response->setJSON([...])
 5 SYSTEMPATH\CodeIgniter.php(951): App\Controllers\ApiController->buscarPersonaPorApellido()
 6 SYSTEMPATH\CodeIgniter.php(497): CodeIgniter\CodeIgniter->runController(Object(App\Controllers\ApiController))
 7 SYSTEMPATH\CodeIgniter.php(340): CodeIgniter\CodeIgniter->handleRequest(null, Object(Config\Cache), false)
 8 SYSTEMPATH\Boot.php(417): CodeIgniter\CodeIgniter->run()
 9 SYSTEMPATH\Boot.php(68): CodeIgniter\Boot::runCodeIgniter(Object(CodeIgniter\CodeIgniter))
10 FCPATH\index.php(54): CodeIgniter\Boot::bootWeb(Object(Config\Paths))
CRITICAL - 2026-05-06 14:12:55 --> ErrorException: Uncaught CodeIgniter\Format\Exceptions\FormatException: Failed to parse JSON string. Error: Malformed UTF-8 characters, possibly incorrectly encoded in C:\Users\pablo\OneDrive\Documentos\GitHub\JuseaRepository\vendor\codeigniter4\framework\system\Format\JSONFormatter.php:47
Stack trace:
#0 C:\Users\pablo\OneDrive\Documentos\GitHub\JuseaRepository\vendor\codeigniter4\framework\system\Format\JSONFormatter.php(47): CodeIgniter\Format\Exceptions\FormatException::forInvalidJSON('Malformed UTF-8...')
#1 C:\Users\pablo\OneDrive\Documentos\GitHub\JuseaRepository\vendor\codeigniter4\framework\system\API\ResponseTrait.php(352): CodeIgniter\Format\JSONFormatter->format(Array)
#2 C:\Users\pablo\OneDrive\Documentos\GitHub\JuseaRepository\vendor\codeigniter4\framework\system\API\ResponseTrait.php(111): CodeIgniter\Debug\ExceptionHandler->format(Array)
#3 C:\Users\pablo\OneDrive\Documentos\GitHub\JuseaRepository\vendor\codeigniter4\framework\system\Debug\ExceptionHandler.php(95): CodeIgniter\Debug\ExceptionHandler->respond(Array, 500)
#4 C:\Users\pablo\OneDrive\Documentos\GitHub\JuseaRepository\vendor\codeigniter4\framework\system\Debug\Exceptions.php(151): CodeIgniter\Debug\ExceptionHandler->handle(Object(CodeIgniter\Format\Exceptions\FormatException), Object(CodeIgniter\HTTP\IncomingRequest), Object(CodeIgniter\HTTP\Response), 500, 1)
#5 [internal function]: CodeIgniter\Debug\Exceptions->exceptionHandler(Object(CodeIgniter\Format\Exceptions\FormatException))
#6 {main}
  thrown
【Previous Exception】
CodeIgniter\Format\Exceptions\FormatException
Failed to parse JSON string. Error: Malformed UTF-8 characters, possibly incorrectly encoded
#0 C:\Users\pablo\OneDrive\Documentos\GitHub\JuseaRepository\vendor\codeigniter4\framework\system\Format\JSONFormatter.php(47): CodeIgniter\Format\Exceptions\FormatException::forInvalidJSON('Malformed UTF-8...')
#1 C:\Users\pablo\OneDrive\Documentos\GitHub\JuseaRepository\vendor\codeigniter4\framework\system\HTTP\ResponseTrait.php(252): CodeIgniter\Format\JSONFormatter->format(Array)
#2 C:\Users\pablo\OneDrive\Documentos\GitHub\JuseaRepository\vendor\codeigniter4\framework\system\HTTP\ResponseTrait.php(178): CodeIgniter\HTTP\Response->formatBody(Array, 'json')
#3 C:\Users\pablo\OneDrive\Documentos\GitHub\JuseaRepository\app\Controllers\ApiController.php(51): CodeIgniter\HTTP\Response->setJSON(Array)
#4 C:\Users\pablo\OneDrive\Documentos\GitHub\JuseaRepository\vendor\codeigniter4\framework\system\CodeIgniter.php(951): App\Controllers\ApiController->buscarPersonaPorApellido()
#5 C:\Users\pablo\OneDrive\Documentos\GitHub\JuseaRepository\vendor\codeigniter4\framework\system\CodeIgniter.php(497): CodeIgniter\CodeIgniter->runController(Object(App\Controllers\ApiController))
#6 C:\Users\pablo\OneDrive\Documentos\GitHub\JuseaRepository\vendor\codeigniter4\framework\system\CodeIgniter.php(340): CodeIgniter\CodeIgniter->handleRequest(NULL, Object(Config\Cache), false)
#7 C:\Users\pablo\OneDrive\Documentos\GitHub\JuseaRepository\vendor\codeigniter4\framework\system\Boot.php(417): CodeIgniter\CodeIgniter->run()
#8 C:\Users\pablo\OneDrive\Documentos\GitHub\JuseaRepository\vendor\codeigniter4\framework\system\Boot.php(68): CodeIgniter\Boot::runCodeIgniter(Object(CodeIgniter\CodeIgniter))
#9 C:\Users\pablo\OneDrive\Documentos\GitHub\JuseaRepository\public\index.php(54): CodeIgniter\Boot::bootWeb(Object(Config\Paths))
#10 {main}
[Method: GET, Route: api/persona/buscar-apellido]
in SYSTEMPATH\Format\JSONFormatter.php on line 47.
 1 [internal function]: CodeIgniter\Debug\Exceptions->shutdownHandler()
CRITICAL - 2026-05-06 14:12:56 --> CodeIgniter\Format\Exceptions\FormatException: Failed to parse JSON string. Error: Malformed UTF-8 characters, possibly incorrectly encoded
[Method: GET, Route: api/persona/buscar-apellido]
in SYSTEMPATH\Format\JSONFormatter.php on line 47.
 1 SYSTEMPATH\Format\JSONFormatter.php(47): CodeIgniter\Format\Exceptions\FormatException::forInvalidJSON('Malformed UTF-8 characters, possibly incorrectly encoded')
 2 SYSTEMPATH\HTTP\ResponseTrait.php(252): CodeIgniter\Format\JSONFormatter->format([...])
 3 SYSTEMPATH\HTTP\ResponseTrait.php(178): CodeIgniter\HTTP\Response->formatBody([...], 'json')
 4 APPPATH\Controllers\ApiController.php(51): CodeIgniter\HTTP\Response->setJSON([...])
 5 SYSTEMPATH\CodeIgniter.php(951): App\Controllers\ApiController->buscarPersonaPorApellido()
 6 SYSTEMPATH\CodeIgniter.php(497): CodeIgniter\CodeIgniter->runController(Object(App\Controllers\ApiController))
 7 SYSTEMPATH\CodeIgniter.php(340): CodeIgniter\CodeIgniter->handleRequest(null, Object(Config\Cache), false)
 8 SYSTEMPATH\Boot.php(417): CodeIgniter\CodeIgniter->run()
 9 SYSTEMPATH\Boot.php(68): CodeIgniter\Boot::runCodeIgniter(Object(CodeIgniter\CodeIgniter))
10 FCPATH\index.php(54): CodeIgniter\Boot::bootWeb(Object(Config\Paths))
CRITICAL - 2026-05-06 14:12:56 --> ErrorException: Uncaught CodeIgniter\Format\Exceptions\FormatException: Failed to parse JSON string. Error: Malformed UTF-8 characters, possibly incorrectly encoded in C:\Users\pablo\OneDrive\Documentos\GitHub\JuseaRepository\vendor\codeigniter4\framework\system\Format\JSONFormatter.php:47
Stack trace:
#0 C:\Users\pablo\OneDrive\Documentos\GitHub\JuseaRepository\vendor\codeigniter4\framework\system\Format\JSONFormatter.php(47): CodeIgniter\Format\Exceptions\FormatException::forInvalidJSON('Malformed UTF-8...')
#1 C:\Users\pablo\OneDrive\Documentos\GitHub\JuseaRepository\vendor\codeigniter4\framework\system\API\ResponseTrait.php(352): CodeIgniter\Format\JSONFormatter->format(Array)
#2 C:\Users\pablo\OneDrive\Documentos\GitHub\JuseaRepository\vendor\codeigniter4\framework\system\API\ResponseTrait.php(111): CodeIgniter\Debug\ExceptionHandler->format(Array)
#3 C:\Users\pablo\OneDrive\Documentos\GitHub\JuseaRepository\vendor\codeigniter4\framework\system\Debug\ExceptionHandler.php(95): CodeIgniter\Debug\ExceptionHandler->respond(Array, 500)
#4 C:\Users\pablo\OneDrive\Documentos\GitHub\JuseaRepository\vendor\codeigniter4\framework\system\Debug\Exceptions.php(151): CodeIgniter\Debug\ExceptionHandler->handle(Object(CodeIgniter\Format\Exceptions\FormatException), Object(CodeIgniter\HTTP\IncomingRequest), Object(CodeIgniter\HTTP\Response), 500, 1)
#5 [internal function]: CodeIgniter\Debug\Exceptions->exceptionHandler(Object(CodeIgniter\Format\Exceptions\FormatException))
#6 {main}
  thrown
【Previous Exception】
CodeIgniter\Format\Exceptions\FormatException
Failed to parse JSON string. Error: Malformed UTF-8 characters, possibly incorrectly encoded
#0 C:\Users\pablo\OneDrive\Documentos\GitHub\JuseaRepository\vendor\codeigniter4\framework\system\Format\JSONFormatter.php(47): CodeIgniter\Format\Exceptions\FormatException::forInvalidJSON('Malformed UTF-8...')
#1 C:\Users\pablo\OneDrive\Documentos\GitHub\JuseaRepository\vendor\codeigniter4\framework\system\HTTP\ResponseTrait.php(252): CodeIgniter\Format\JSONFormatter->format(Array)
#2 C:\Users\pablo\OneDrive\Documentos\GitHub\JuseaRepository\vendor\codeigniter4\framework\system\HTTP\ResponseTrait.php(178): CodeIgniter\HTTP\Response->formatBody(Array, 'json')
#3 C:\Users\pablo\OneDrive\Documentos\GitHub\JuseaRepository\app\Controllers\ApiController.php(51): CodeIgniter\HTTP\Response->setJSON(Array)
#4 C:\Users\pablo\OneDrive\Documentos\GitHub\JuseaRepository\vendor\codeigniter4\framework\system\CodeIgniter.php(951): App\Controllers\ApiController->buscarPersonaPorApellido()
#5 C:\Users\pablo\OneDrive\Documentos\GitHub\JuseaRepository\vendor\codeigniter4\framework\system\CodeIgniter.php(497): CodeIgniter\CodeIgniter->runController(Object(App\Controllers\ApiController))
#6 C:\Users\pablo\OneDrive\Documentos\GitHub\JuseaRepository\vendor\codeigniter4\framework\system\CodeIgniter.php(340): CodeIgniter\CodeIgniter->handleRequest(NULL, Object(Config\Cache), false)
#7 C:\Users\pablo\OneDrive\Documentos\GitHub\JuseaRepository\vendor\codeigniter4\framework\system\Boot.php(417): CodeIgniter\CodeIgniter->run()
#8 C:\Users\pablo\OneDrive\Documentos\GitHub\JuseaRepository\vendor\codeigniter4\framework\system\Boot.php(68): CodeIgniter\Boot::runCodeIgniter(Object(CodeIgniter\CodeIgniter))
#9 C:\Users\pablo\OneDrive\Documentos\GitHub\JuseaRepository\public\index.php(54): CodeIgniter\Boot::bootWeb(Object(Config\Paths))
#10 {main}
[Method: GET, Route: api/persona/buscar-apellido]
in SYSTEMPATH\Format\JSONFormatter.php on line 47.
 1 [internal function]: CodeIgniter\Debug\Exceptions->shutdownHandler()
CRITICAL - 2026-05-06 14:12:57 --> CodeIgniter\Format\Exceptions\FormatException: Failed to parse JSON string. Error: Malformed UTF-8 characters, possibly incorrectly encoded
[Method: GET, Route: api/persona/buscar-apellido]
in SYSTEMPATH\Format\JSONFormatter.php on line 47.
 1 SYSTEMPATH\Format\JSONFormatter.php(47): CodeIgniter\Format\Exceptions\FormatException::forInvalidJSON('Malformed UTF-8 characters, possibly incorrectly encoded')
 2 SYSTEMPATH\HTTP\ResponseTrait.php(252): CodeIgniter\Format\JSONFormatter->format([...])
 3 SYSTEMPATH\HTTP\ResponseTrait.php(178): CodeIgniter\HTTP\Response->formatBody([...], 'json')
 4 APPPATH\Controllers\ApiController.php(51): CodeIgniter\HTTP\Response->setJSON([...])
 5 SYSTEMPATH\CodeIgniter.php(951): App\Controllers\ApiController->buscarPersonaPorApellido()
 6 SYSTEMPATH\CodeIgniter.php(497): CodeIgniter\CodeIgniter->runController(Object(App\Controllers\ApiController))
 7 SYSTEMPATH\CodeIgniter.php(340): CodeIgniter\CodeIgniter->handleRequest(null, Object(Config\Cache), false)
 8 SYSTEMPATH\Boot.php(417): CodeIgniter\CodeIgniter->run()
 9 SYSTEMPATH\Boot.php(68): CodeIgniter\Boot::runCodeIgniter(Object(CodeIgniter\CodeIgniter))
10 FCPATH\index.php(54): CodeIgniter\Boot::bootWeb(Object(Config\Paths))
CRITICAL - 2026-05-06 14:12:57 --> ErrorException: Uncaught CodeIgniter\Format\Exceptions\FormatException: Failed to parse JSON string. Error: Malformed UTF-8 characters, possibly incorrectly encoded in C:\Users\pablo\OneDrive\Documentos\GitHub\JuseaRepository\vendor\codeigniter4\framework\system\Format\JSONFormatter.php:47
Stack trace:
#0 C:\Users\pablo\OneDrive\Documentos\GitHub\JuseaRepository\vendor\codeigniter4\framework\system\Format\JSONFormatter.php(47): CodeIgniter\Format\Exceptions\FormatException::forInvalidJSON('Malformed UTF-8...')
#1 C:\Users\pablo\OneDrive\Documentos\GitHub\JuseaRepository\vendor\codeigniter4\framework\system\API\ResponseTrait.php(352): CodeIgniter\Format\JSONFormatter->format(Array)
#2 C:\Users\pablo\OneDrive\Documentos\GitHub\JuseaRepository\vendor\codeigniter4\framework\system\API\ResponseTrait.php(111): CodeIgniter\Debug\ExceptionHandler->format(Array)
#3 C:\Users\pablo\OneDrive\Documentos\GitHub\JuseaRepository\vendor\codeigniter4\framework\system\Debug\ExceptionHandler.php(95): CodeIgniter\Debug\ExceptionHandler->respond(Array, 500)
#4 C:\Users\pablo\OneDrive\Documentos\GitHub\JuseaRepository\vendor\codeigniter4\framework\system\Debug\Exceptions.php(151): CodeIgniter\Debug\ExceptionHandler->handle(Object(CodeIgniter\Format\Exceptions\FormatException), Object(CodeIgniter\HTTP\IncomingRequest), Object(CodeIgniter\HTTP\Response), 500, 1)
#5 [internal function]: CodeIgniter\Debug\Exceptions->exceptionHandler(Object(CodeIgniter\Format\Exceptions\FormatException))
#6 {main}
  thrown
【Previous Exception】
CodeIgniter\Format\Exceptions\FormatException
Failed to parse JSON string. Error: Malformed UTF-8 characters, possibly incorrectly encoded
#0 C:\Users\pablo\OneDrive\Documentos\GitHub\JuseaRepository\vendor\codeigniter4\framework\system\Format\JSONFormatter.php(47): CodeIgniter\Format\Exceptions\FormatException::forInvalidJSON('Malformed UTF-8...')
#1 C:\Users\pablo\OneDrive\Documentos\GitHub\JuseaRepository\vendor\codeigniter4\framework\system\HTTP\ResponseTrait.php(252): CodeIgniter\Format\JSONFormatter->format(Array)
#2 C:\Users\pablo\OneDrive\Documentos\GitHub\JuseaRepository\vendor\codeigniter4\framework\system\HTTP\ResponseTrait.php(178): CodeIgniter\HTTP\Response->formatBody(Array, 'json')
#3 C:\Users\pablo\OneDrive\Documentos\GitHub\JuseaRepository\app\Controllers\ApiController.php(51): CodeIgniter\HTTP\Response->setJSON(Array)
#4 C:\Users\pablo\OneDrive\Documentos\GitHub\JuseaRepository\vendor\codeigniter4\framework\system\CodeIgniter.php(951): App\Controllers\ApiController->buscarPersonaPorApellido()
#5 C:\Users\pablo\OneDrive\Documentos\GitHub\JuseaRepository\vendor\codeigniter4\framework\system\CodeIgniter.php(497): CodeIgniter\CodeIgniter->runController(Object(App\Controllers\ApiController))
#6 C:\Users\pablo\OneDrive\Documentos\GitHub\JuseaRepository\vendor\codeigniter4\framework\system\CodeIgniter.php(340): CodeIgniter\CodeIgniter->handleRequest(NULL, Object(Config\Cache), false)
#7 C:\Users\pablo\OneDrive\Documentos\GitHub\JuseaRepository\vendor\codeigniter4\framework\system\Boot.php(417): CodeIgniter\CodeIgniter->run()
#8 C:\Users\pablo\OneDrive\Documentos\GitHub\JuseaRepository\vendor\codeigniter4\framework\system\Boot.php(68): CodeIgniter\Boot::runCodeIgniter(Object(CodeIgniter\CodeIgniter))
#9 C:\Users\pablo\OneDrive\Documentos\GitHub\JuseaRepository\public\index.php(54): CodeIgniter\Boot::bootWeb(Object(Config\Paths))
#10 {main}
[Method: GET, Route: api/persona/buscar-apellido]
in SYSTEMPATH\Format\JSONFormatter.php on line 47.
 1 [internal function]: CodeIgniter\Debug\Exceptions->shutdownHandler()
CRITICAL - 2026-05-06 14:12:57 --> CodeIgniter\Format\Exceptions\FormatException: Failed to parse JSON string. Error: Malformed UTF-8 characters, possibly incorrectly encoded
[Method: GET, Route: api/persona/buscar-apellido]
in SYSTEMPATH\Format\JSONFormatter.php on line 47.
 1 SYSTEMPATH\Format\JSONFormatter.php(47): CodeIgniter\Format\Exceptions\FormatException::forInvalidJSON('Malformed UTF-8 characters, possibly incorrectly encoded')
 2 SYSTEMPATH\HTTP\ResponseTrait.php(252): CodeIgniter\Format\JSONFormatter->format([...])
 3 SYSTEMPATH\HTTP\ResponseTrait.php(178): CodeIgniter\HTTP\Response->formatBody([...], 'json')
 4 APPPATH\Controllers\ApiController.php(51): CodeIgniter\HTTP\Response->setJSON([...])
 5 SYSTEMPATH\CodeIgniter.php(951): App\Controllers\ApiController->buscarPersonaPorApellido()
 6 SYSTEMPATH\CodeIgniter.php(497): CodeIgniter\CodeIgniter->runController(Object(App\Controllers\ApiController))
 7 SYSTEMPATH\CodeIgniter.php(340): CodeIgniter\CodeIgniter->handleRequest(null, Object(Config\Cache), false)
 8 SYSTEMPATH\Boot.php(417): CodeIgniter\CodeIgniter->run()
 9 SYSTEMPATH\Boot.php(68): CodeIgniter\Boot::runCodeIgniter(Object(CodeIgniter\CodeIgniter))
10 FCPATH\index.php(54): CodeIgniter\Boot::bootWeb(Object(Config\Paths))
CRITICAL - 2026-05-06 14:12:57 --> ErrorException: Uncaught CodeIgniter\Format\Exceptions\FormatException: Failed to parse JSON string. Error: Malformed UTF-8 characters, possibly incorrectly encoded in C:\Users\pablo\OneDrive\Documentos\GitHub\JuseaRepository\vendor\codeigniter4\framework\system\Format\JSONFormatter.php:47
Stack trace:
#0 C:\Users\pablo\OneDrive\Documentos\GitHub\JuseaRepository\vendor\codeigniter4\framework\system\Format\JSONFormatter.php(47): CodeIgniter\Format\Exceptions\FormatException::forInvalidJSON('Malformed UTF-8...')
#1 C:\Users\pablo\OneDrive\Documentos\GitHub\JuseaRepository\vendor\codeigniter4\framework\system\API\ResponseTrait.php(352): CodeIgniter\Format\JSONFormatter->format(Array)
#2 C:\Users\pablo\OneDrive\Documentos\GitHub\JuseaRepository\vendor\codeigniter4\framework\system\API\ResponseTrait.php(111): CodeIgniter\Debug\ExceptionHandler->format(Array)
#3 C:\Users\pablo\OneDrive\Documentos\GitHub\JuseaRepository\vendor\codeigniter4\framework\system\Debug\ExceptionHandler.php(95): CodeIgniter\Debug\ExceptionHandler->respond(Array, 500)
#4 C:\Users\pablo\OneDrive\Documentos\GitHub\JuseaRepository\vendor\codeigniter4\framework\system\Debug\Exceptions.php(151): CodeIgniter\Debug\ExceptionHandler->handle(Object(CodeIgniter\Format\Exceptions\FormatException), Object(CodeIgniter\HTTP\IncomingRequest), Object(CodeIgniter\HTTP\Response), 500, 1)
#5 [internal function]: CodeIgniter\Debug\Exceptions->exceptionHandler(Object(CodeIgniter\Format\Exceptions\FormatException))
#6 {main}
  thrown
【Previous Exception】
CodeIgniter\Format\Exceptions\FormatException
Failed to parse JSON string. Error: Malformed UTF-8 characters, possibly incorrectly encoded
#0 C:\Users\pablo\OneDrive\Documentos\GitHub\JuseaRepository\vendor\codeigniter4\framework\system\Format\JSONFormatter.php(47): CodeIgniter\Format\Exceptions\FormatException::forInvalidJSON('Malformed UTF-8...')
#1 C:\Users\pablo\OneDrive\Documentos\GitHub\JuseaRepository\vendor\codeigniter4\framework\system\HTTP\ResponseTrait.php(252): CodeIgniter\Format\JSONFormatter->format(Array)
#2 C:\Users\pablo\OneDrive\Documentos\GitHub\JuseaRepository\vendor\codeigniter4\framework\system\HTTP\ResponseTrait.php(178): CodeIgniter\HTTP\Response->formatBody(Array, 'json')
#3 C:\Users\pablo\OneDrive\Documentos\GitHub\JuseaRepository\app\Controllers\ApiController.php(51): CodeIgniter\HTTP\Response->setJSON(Array)
#4 C:\Users\pablo\OneDrive\Documentos\GitHub\JuseaRepository\vendor\codeigniter4\framework\system\CodeIgniter.php(951): App\Controllers\ApiController->buscarPersonaPorApellido()
#5 C:\Users\pablo\OneDrive\Documentos\GitHub\JuseaRepository\vendor\codeigniter4\framework\system\CodeIgniter.php(497): CodeIgniter\CodeIgniter->runController(Object(App\Controllers\ApiController))
#6 C:\Users\pablo\OneDrive\Documentos\GitHub\JuseaRepository\vendor\codeigniter4\framework\system\CodeIgniter.php(340): CodeIgniter\CodeIgniter->handleRequest(NULL, Object(Config\Cache), false)
#7 C:\Users\pablo\OneDrive\Documentos\GitHub\JuseaRepository\vendor\codeigniter4\framework\system\Boot.php(417): CodeIgniter\CodeIgniter->run()
#8 C:\Users\pablo\OneDrive\Documentos\GitHub\JuseaRepository\vendor\codeigniter4\framework\system\Boot.php(68): CodeIgniter\Boot::runCodeIgniter(Object(CodeIgniter\CodeIgniter))
#9 C:\Users\pablo\OneDrive\Documentos\GitHub\JuseaRepository\public\index.php(54): CodeIgniter\Boot::bootWeb(Object(Config\Paths))
#10 {main}
[Method: GET, Route: api/persona/buscar-apellido]
in SYSTEMPATH\Format\JSONFormatter.php on line 47.
 1 [internal function]: CodeIgniter\Debug\Exceptions->shutdownHandler()
CRITICAL - 2026-05-06 14:12:57 --> CodeIgniter\Format\Exceptions\FormatException: Failed to parse JSON string. Error: Malformed UTF-8 characters, possibly incorrectly encoded
[Method: GET, Route: api/persona/buscar-apellido]
in SYSTEMPATH\Format\JSONFormatter.php on line 47.
 1 SYSTEMPATH\Format\JSONFormatter.php(47): CodeIgniter\Format\Exceptions\FormatException::forInvalidJSON('Malformed UTF-8 characters, possibly incorrectly encoded')
 2 SYSTEMPATH\HTTP\ResponseTrait.php(252): CodeIgniter\Format\JSONFormatter->format([...])
 3 SYSTEMPATH\HTTP\ResponseTrait.php(178): CodeIgniter\HTTP\Response->formatBody([...], 'json')
 4 APPPATH\Controllers\ApiController.php(51): CodeIgniter\HTTP\Response->setJSON([...])
 5 SYSTEMPATH\CodeIgniter.php(951): App\Controllers\ApiController->buscarPersonaPorApellido()
 6 SYSTEMPATH\CodeIgniter.php(497): CodeIgniter\CodeIgniter->runController(Object(App\Controllers\ApiController))
 7 SYSTEMPATH\CodeIgniter.php(340): CodeIgniter\CodeIgniter->handleRequest(null, Object(Config\Cache), false)
 8 SYSTEMPATH\Boot.php(417): CodeIgniter\CodeIgniter->run()
 9 SYSTEMPATH\Boot.php(68): CodeIgniter\Boot::runCodeIgniter(Object(CodeIgniter\CodeIgniter))
10 FCPATH\index.php(54): CodeIgniter\Boot::bootWeb(Object(Config\Paths))
CRITICAL - 2026-05-06 14:12:57 --> ErrorException: Uncaught CodeIgniter\Format\Exceptions\FormatException: Failed to parse JSON string. Error: Malformed UTF-8 characters, possibly incorrectly encoded in C:\Users\pablo\OneDrive\Documentos\GitHub\JuseaRepository\vendor\codeigniter4\framework\system\Format\JSONFormatter.php:47
Stack trace:
#0 C:\Users\pablo\OneDrive\Documentos\GitHub\JuseaRepository\vendor\codeigniter4\framework\system\Format\JSONFormatter.php(47): CodeIgniter\Format\Exceptions\FormatException::forInvalidJSON('Malformed UTF-8...')
#1 C:\Users\pablo\OneDrive\Documentos\GitHub\JuseaRepository\vendor\codeigniter4\framework\system\API\ResponseTrait.php(352): CodeIgniter\Format\JSONFormatter->format(Array)
#2 C:\Users\pablo\OneDrive\Documentos\GitHub\JuseaRepository\vendor\codeigniter4\framework\system\API\ResponseTrait.php(111): CodeIgniter\Debug\ExceptionHandler->format(Array)
#3 C:\Users\pablo\OneDrive\Documentos\GitHub\JuseaRepository\vendor\codeigniter4\framework\system\Debug\ExceptionHandler.php(95): CodeIgniter\Debug\ExceptionHandler->respond(Array, 500)
#4 C:\Users\pablo\OneDrive\Documentos\GitHub\JuseaRepository\vendor\codeigniter4\framework\system\Debug\Exceptions.php(151): CodeIgniter\Debug\ExceptionHandler->handle(Object(CodeIgniter\Format\Exceptions\FormatException), Object(CodeIgniter\HTTP\IncomingRequest), Object(CodeIgniter\HTTP\Response), 500, 1)
#5 [internal function]: CodeIgniter\Debug\Exceptions->exceptionHandler(Object(CodeIgniter\Format\Exceptions\FormatException))
#6 {main}
  thrown
【Previous Exception】
CodeIgniter\Format\Exceptions\FormatException
Failed to parse JSON string. Error: Malformed UTF-8 characters, possibly incorrectly encoded
#0 C:\Users\pablo\OneDrive\Documentos\GitHub\JuseaRepository\vendor\codeigniter4\framework\system\Format\JSONFormatter.php(47): CodeIgniter\Format\Exceptions\FormatException::forInvalidJSON('Malformed UTF-8...')
#1 C:\Users\pablo\OneDrive\Documentos\GitHub\JuseaRepository\vendor\codeigniter4\framework\system\HTTP\ResponseTrait.php(252): CodeIgniter\Format\JSONFormatter->format(Array)
#2 C:\Users\pablo\OneDrive\Documentos\GitHub\JuseaRepository\vendor\codeigniter4\framework\system\HTTP\ResponseTrait.php(178): CodeIgniter\HTTP\Response->formatBody(Array, 'json')
#3 C:\Users\pablo\OneDrive\Documentos\GitHub\JuseaRepository\app\Controllers\ApiController.php(51): CodeIgniter\HTTP\Response->setJSON(Array)
#4 C:\Users\pablo\OneDrive\Documentos\GitHub\JuseaRepository\vendor\codeigniter4\framework\system\CodeIgniter.php(951): App\Controllers\ApiController->buscarPersonaPorApellido()
#5 C:\Users\pablo\OneDrive\Documentos\GitHub\JuseaRepository\vendor\codeigniter4\framework\system\CodeIgniter.php(497): CodeIgniter\CodeIgniter->runController(Object(App\Controllers\ApiController))
#6 C:\Users\pablo\OneDrive\Documentos\GitHub\JuseaRepository\vendor\codeigniter4\framework\system\CodeIgniter.php(340): CodeIgniter\CodeIgniter->handleRequest(NULL, Object(Config\Cache), false)
#7 C:\Users\pablo\OneDrive\Documentos\GitHub\JuseaRepository\vendor\codeigniter4\framework\system\Boot.php(417): CodeIgniter\CodeIgniter->run()
#8 C:\Users\pablo\OneDrive\Documentos\GitHub\JuseaRepository\vendor\codeigniter4\framework\system\Boot.php(68): CodeIgniter\Boot::runCodeIgniter(Object(CodeIgniter\CodeIgniter))
#9 C:\Users\pablo\OneDrive\Documentos\GitHub\JuseaRepository\public\index.php(54): CodeIgniter\Boot::bootWeb(Object(Config\Paths))
#10 {main}
[Method: GET, Route: api/persona/buscar-apellido]
in SYSTEMPATH\Format\JSONFormatter.php on line 47.
 1 [internal function]: CodeIgniter\Debug\Exceptions->shutdownHandler()
CRITICAL - 2026-05-06 14:12:57 --> CodeIgniter\Format\Exceptions\FormatException: Failed to parse JSON string. Error: Malformed UTF-8 characters, possibly incorrectly encoded
[Method: GET, Route: api/persona/buscar-apellido]
in SYSTEMPATH\Format\JSONFormatter.php on line 47.
 1 SYSTEMPATH\Format\JSONFormatter.php(47): CodeIgniter\Format\Exceptions\FormatException::forInvalidJSON('Malformed UTF-8 characters, possibly incorrectly encoded')
 2 SYSTEMPATH\HTTP\ResponseTrait.php(252): CodeIgniter\Format\JSONFormatter->format([...])
 3 SYSTEMPATH\HTTP\ResponseTrait.php(178): CodeIgniter\HTTP\Response->formatBody([...], 'json')
 4 APPPATH\Controllers\ApiController.php(51): CodeIgniter\HTTP\Response->setJSON([...])
 5 SYSTEMPATH\CodeIgniter.php(951): App\Controllers\ApiController->buscarPersonaPorApellido()
 6 SYSTEMPATH\CodeIgniter.php(497): CodeIgniter\CodeIgniter->runController(Object(App\Controllers\ApiController))
 7 SYSTEMPATH\CodeIgniter.php(340): CodeIgniter\CodeIgniter->handleRequest(null, Object(Config\Cache), false)
 8 SYSTEMPATH\Boot.php(417): CodeIgniter\CodeIgniter->run()
 9 SYSTEMPATH\Boot.php(68): CodeIgniter\Boot::runCodeIgniter(Object(CodeIgniter\CodeIgniter))
10 FCPATH\index.php(54): CodeIgniter\Boot::bootWeb(Object(Config\Paths))
CRITICAL - 2026-05-06 14:12:57 --> ErrorException: Uncaught CodeIgniter\Format\Exceptions\FormatException: Failed to parse JSON string. Error: Malformed UTF-8 characters, possibly incorrectly encoded in C:\Users\pablo\OneDrive\Documentos\GitHub\JuseaRepository\vendor\codeigniter4\framework\system\Format\JSONFormatter.php:47
Stack trace:
#0 C:\Users\pablo\OneDrive\Documentos\GitHub\JuseaRepository\vendor\codeigniter4\framework\system\Format\JSONFormatter.php(47): CodeIgniter\Format\Exceptions\FormatException::forInvalidJSON('Malformed UTF-8...')
#1 C:\Users\pablo\OneDrive\Documentos\GitHub\JuseaRepository\vendor\codeigniter4\framework\system\API\ResponseTrait.php(352): CodeIgniter\Format\JSONFormatter->format(Array)
#2 C:\Users\pablo\OneDrive\Documentos\GitHub\JuseaRepository\vendor\codeigniter4\framework\system\API\ResponseTrait.php(111): CodeIgniter\Debug\ExceptionHandler->format(Array)
#3 C:\Users\pablo\OneDrive\Documentos\GitHub\JuseaRepository\vendor\codeigniter4\framework\system\Debug\ExceptionHandler.php(95): CodeIgniter\Debug\ExceptionHandler->respond(Array, 500)
#4 C:\Users\pablo\OneDrive\Documentos\GitHub\JuseaRepository\vendor\codeigniter4\framework\system\Debug\Exceptions.php(151): CodeIgniter\Debug\ExceptionHandler->handle(Object(CodeIgniter\Format\Exceptions\FormatException), Object(CodeIgniter\HTTP\IncomingRequest), Object(CodeIgniter\HTTP\Response), 500, 1)
#5 [internal function]: CodeIgniter\Debug\Exceptions->exceptionHandler(Object(CodeIgniter\Format\Exceptions\FormatException))
#6 {main}
  thrown
【Previous Exception】
CodeIgniter\Format\Exceptions\FormatException
Failed to parse JSON string. Error: Malformed UTF-8 characters, possibly incorrectly encoded
#0 C:\Users\pablo\OneDrive\Documentos\GitHub\JuseaRepository\vendor\codeigniter4\framework\system\Format\JSONFormatter.php(47): CodeIgniter\Format\Exceptions\FormatException::forInvalidJSON('Malformed UTF-8...')
#1 C:\Users\pablo\OneDrive\Documentos\GitHub\JuseaRepository\vendor\codeigniter4\framework\system\HTTP\ResponseTrait.php(252): CodeIgniter\Format\JSONFormatter->format(Array)
#2 C:\Users\pablo\OneDrive\Documentos\GitHub\JuseaRepository\vendor\codeigniter4\framework\system\HTTP\ResponseTrait.php(178): CodeIgniter\HTTP\Response->formatBody(Array, 'json')
#3 C:\Users\pablo\OneDrive\Documentos\GitHub\JuseaRepository\app\Controllers\ApiController.php(51): CodeIgniter\HTTP\Response->setJSON(Array)
#4 C:\Users\pablo\OneDrive\Documentos\GitHub\JuseaRepository\vendor\codeigniter4\framework\system\CodeIgniter.php(951): App\Controllers\ApiController->buscarPersonaPorApellido()
#5 C:\Users\pablo\OneDrive\Documentos\GitHub\JuseaRepository\vendor\codeigniter4\framework\system\CodeIgniter.php(497): CodeIgniter\CodeIgniter->runController(Object(App\Controllers\ApiController))
#6 C:\Users\pablo\OneDrive\Documentos\GitHub\JuseaRepository\vendor\codeigniter4\framework\system\CodeIgniter.php(340): CodeIgniter\CodeIgniter->handleRequest(NULL, Object(Config\Cache), false)
#7 C:\Users\pablo\OneDrive\Documentos\GitHub\JuseaRepository\vendor\codeigniter4\framework\system\Boot.php(417): CodeIgniter\CodeIgniter->run()
#8 C:\Users\pablo\OneDrive\Documentos\GitHub\JuseaRepository\vendor\codeigniter4\framework\system\Boot.php(68): CodeIgniter\Boot::runCodeIgniter(Object(CodeIgniter\CodeIgniter))
#9 C:\Users\pablo\OneDrive\Documentos\GitHub\JuseaRepository\public\index.php(54): CodeIgniter\Boot::bootWeb(Object(Config\Paths))
#10 {main}
[Method: GET, Route: api/persona/buscar-apellido]
in SYSTEMPATH\Format\JSONFormatter.php on line 47.
 1 [internal function]: CodeIgniter\Debug\Exceptions->shutdownHandler()
CRITICAL - 2026-05-06 14:13:00 --> CodeIgniter\Format\Exceptions\FormatException: Failed to parse JSON string. Error: Malformed UTF-8 characters, possibly incorrectly encoded
[Method: GET, Route: api/persona/buscar-apellido]
in SYSTEMPATH\Format\JSONFormatter.php on line 47.
 1 SYSTEMPATH\Format\JSONFormatter.php(47): CodeIgniter\Format\Exceptions\FormatException::forInvalidJSON('Malformed UTF-8 characters, possibly incorrectly encoded')
 2 SYSTEMPATH\HTTP\ResponseTrait.php(252): CodeIgniter\Format\JSONFormatter->format([...])
 3 SYSTEMPATH\HTTP\ResponseTrait.php(178): CodeIgniter\HTTP\Response->formatBody([...], 'json')
 4 APPPATH\Controllers\ApiController.php(51): CodeIgniter\HTTP\Response->setJSON([...])
 5 SYSTEMPATH\CodeIgniter.php(951): App\Controllers\ApiController->buscarPersonaPorApellido()
 6 SYSTEMPATH\CodeIgniter.php(497): CodeIgniter\CodeIgniter->runController(Object(App\Controllers\ApiController))
 7 SYSTEMPATH\CodeIgniter.php(340): CodeIgniter\CodeIgniter->handleRequest(null, Object(Config\Cache), false)
 8 SYSTEMPATH\Boot.php(417): CodeIgniter\CodeIgniter->run()
 9 SYSTEMPATH\Boot.php(68): CodeIgniter\Boot::runCodeIgniter(Object(CodeIgniter\CodeIgniter))
10 FCPATH\index.php(54): CodeIgniter\Boot::bootWeb(Object(Config\Paths))
CRITICAL - 2026-05-06 14:13:00 --> ErrorException: Uncaught CodeIgniter\Format\Exceptions\FormatException: Failed to parse JSON string. Error: Malformed UTF-8 characters, possibly incorrectly encoded in C:\Users\pablo\OneDrive\Documentos\GitHub\JuseaRepository\vendor\codeigniter4\framework\system\Format\JSONFormatter.php:47
Stack trace:
#0 C:\Users\pablo\OneDrive\Documentos\GitHub\JuseaRepository\vendor\codeigniter4\framework\system\Format\JSONFormatter.php(47): CodeIgniter\Format\Exceptions\FormatException::forInvalidJSON('Malformed UTF-8...')
#1 C:\Users\pablo\OneDrive\Documentos\GitHub\JuseaRepository\vendor\codeigniter4\framework\system\API\ResponseTrait.php(352): CodeIgniter\Format\JSONFormatter->format(Array)
#2 C:\Users\pablo\OneDrive\Documentos\GitHub\JuseaRepository\vendor\codeigniter4\framework\system\API\ResponseTrait.php(111): CodeIgniter\Debug\ExceptionHandler->format(Array)
#3 C:\Users\pablo\OneDrive\Documentos\GitHub\JuseaRepository\vendor\codeigniter4\framework\system\Debug\ExceptionHandler.php(95): CodeIgniter\Debug\ExceptionHandler->respond(Array, 500)
#4 C:\Users\pablo\OneDrive\Documentos\GitHub\JuseaRepository\vendor\codeigniter4\framework\system\Debug\Exceptions.php(151): CodeIgniter\Debug\ExceptionHandler->handle(Object(CodeIgniter\Format\Exceptions\FormatException), Object(CodeIgniter\HTTP\IncomingRequest), Object(CodeIgniter\HTTP\Response), 500, 1)
#5 [internal function]: CodeIgniter\Debug\Exceptions->exceptionHandler(Object(CodeIgniter\Format\Exceptions\FormatException))
#6 {main}
  thrown
【Previous Exception】
CodeIgniter\Format\Exceptions\FormatException
Failed to parse JSON string. Error: Malformed UTF-8 characters, possibly incorrectly encoded
#0 C:\Users\pablo\OneDrive\Documentos\GitHub\JuseaRepository\vendor\codeigniter4\framework\system\Format\JSONFormatter.php(47): CodeIgniter\Format\Exceptions\FormatException::forInvalidJSON('Malformed UTF-8...')
#1 C:\Users\pablo\OneDrive\Documentos\GitHub\JuseaRepository\vendor\codeigniter4\framework\system\HTTP\ResponseTrait.php(252): CodeIgniter\Format\JSONFormatter->format(Array)
#2 C:\Users\pablo\OneDrive\Documentos\GitHub\JuseaRepository\vendor\codeigniter4\framework\system\HTTP\ResponseTrait.php(178): CodeIgniter\HTTP\Response->formatBody(Array, 'json')
#3 C:\Users\pablo\OneDrive\Documentos\GitHub\JuseaRepository\app\Controllers\ApiController.php(51): CodeIgniter\HTTP\Response->setJSON(Array)
#4 C:\Users\pablo\OneDrive\Documentos\GitHub\JuseaRepository\vendor\codeigniter4\framework\system\CodeIgniter.php(951): App\Controllers\ApiController->buscarPersonaPorApellido()
#5 C:\Users\pablo\OneDrive\Documentos\GitHub\JuseaRepository\vendor\codeigniter4\framework\system\CodeIgniter.php(497): CodeIgniter\CodeIgniter->runController(Object(App\Controllers\ApiController))
#6 C:\Users\pablo\OneDrive\Documentos\GitHub\JuseaRepository\vendor\codeigniter4\framework\system\CodeIgniter.php(340): CodeIgniter\CodeIgniter->handleRequest(NULL, Object(Config\Cache), false)
#7 C:\Users\pablo\OneDrive\Documentos\GitHub\JuseaRepository\vendor\codeigniter4\framework\system\Boot.php(417): CodeIgniter\CodeIgniter->run()
#8 C:\Users\pablo\OneDrive\Documentos\GitHub\JuseaRepository\vendor\codeigniter4\framework\system\Boot.php(68): CodeIgniter\Boot::runCodeIgniter(Object(CodeIgniter\CodeIgniter))
#9 C:\Users\pablo\OneDrive\Documentos\GitHub\JuseaRepository\public\index.php(54): CodeIgniter\Boot::bootWeb(Object(Config\Paths))
#10 {main}
[Method: GET, Route: api/persona/buscar-apellido]
in SYSTEMPATH\Format\JSONFormatter.php on line 47.
 1 [internal function]: CodeIgniter\Debug\Exceptions->shutdownHandler()
CRITICAL - 2026-05-06 14:13:00 --> CodeIgniter\Format\Exceptions\FormatException: Failed to parse JSON string. Error: Malformed UTF-8 characters, possibly incorrectly encoded
[Method: GET, Route: api/persona/buscar-apellido]
in SYSTEMPATH\Format\JSONFormatter.php on line 47.
 1 SYSTEMPATH\Format\JSONFormatter.php(47): CodeIgniter\Format\Exceptions\FormatException::forInvalidJSON('Malformed UTF-8 characters, possibly incorrectly encoded')
 2 SYSTEMPATH\HTTP\ResponseTrait.php(252): CodeIgniter\Format\JSONFormatter->format([...])
 3 SYSTEMPATH\HTTP\ResponseTrait.php(178): CodeIgniter\HTTP\Response->formatBody([...], 'json')
 4 APPPATH\Controllers\ApiController.php(51): CodeIgniter\HTTP\Response->setJSON([...])
 5 SYSTEMPATH\CodeIgniter.php(951): App\Controllers\ApiController->buscarPersonaPorApellido()
 6 SYSTEMPATH\CodeIgniter.php(497): CodeIgniter\CodeIgniter->runController(Object(App\Controllers\ApiController))
 7 SYSTEMPATH\CodeIgniter.php(340): CodeIgniter\CodeIgniter->handleRequest(null, Object(Config\Cache), false)
 8 SYSTEMPATH\Boot.php(417): CodeIgniter\CodeIgniter->run()
 9 SYSTEMPATH\Boot.php(68): CodeIgniter\Boot::runCodeIgniter(Object(CodeIgniter\CodeIgniter))
10 FCPATH\index.php(54): CodeIgniter\Boot::bootWeb(Object(Config\Paths))
CRITICAL - 2026-05-06 14:13:00 --> ErrorException: Uncaught CodeIgniter\Format\Exceptions\FormatException: Failed to parse JSON string. Error: Malformed UTF-8 characters, possibly incorrectly encoded in C:\Users\pablo\OneDrive\Documentos\GitHub\JuseaRepository\vendor\codeigniter4\framework\system\Format\JSONFormatter.php:47
Stack trace:
#0 C:\Users\pablo\OneDrive\Documentos\GitHub\JuseaRepository\vendor\codeigniter4\framework\system\Format\JSONFormatter.php(47): CodeIgniter\Format\Exceptions\FormatException::forInvalidJSON('Malformed UTF-8...')
#1 C:\Users\pablo\OneDrive\Documentos\GitHub\JuseaRepository\vendor\codeigniter4\framework\system\API\ResponseTrait.php(352): CodeIgniter\Format\JSONFormatter->format(Array)
#2 C:\Users\pablo\OneDrive\Documentos\GitHub\JuseaRepository\vendor\codeigniter4\framework\system\API\ResponseTrait.php(111): CodeIgniter\Debug\ExceptionHandler->format(Array)
#3 C:\Users\pablo\OneDrive\Documentos\GitHub\JuseaRepository\vendor\codeigniter4\framework\system\Debug\ExceptionHandler.php(95): CodeIgniter\Debug\ExceptionHandler->respond(Array, 500)
#4 C:\Users\pablo\OneDrive\Documentos\GitHub\JuseaRepository\vendor\codeigniter4\framework\system\Debug\Exceptions.php(151): CodeIgniter\Debug\ExceptionHandler->handle(Object(CodeIgniter\Format\Exceptions\FormatException), Object(CodeIgniter\HTTP\IncomingRequest), Object(CodeIgniter\HTTP\Response), 500, 1)
#5 [internal function]: CodeIgniter\Debug\Exceptions->exceptionHandler(Object(CodeIgniter\Format\Exceptions\FormatException))
#6 {main}
  thrown
【Previous Exception】
CodeIgniter\Format\Exceptions\FormatException
Failed to parse JSON string. Error: Malformed UTF-8 characters, possibly incorrectly encoded
#0 C:\Users\pablo\OneDrive\Documentos\GitHub\JuseaRepository\vendor\codeigniter4\framework\system\Format\JSONFormatter.php(47): CodeIgniter\Format\Exceptions\FormatException::forInvalidJSON('Malformed UTF-8...')
#1 C:\Users\pablo\OneDrive\Documentos\GitHub\JuseaRepository\vendor\codeigniter4\framework\system\HTTP\ResponseTrait.php(252): CodeIgniter\Format\JSONFormatter->format(Array)
#2 C:\Users\pablo\OneDrive\Documentos\GitHub\JuseaRepository\vendor\codeigniter4\framework\system\HTTP\ResponseTrait.php(178): CodeIgniter\HTTP\Response->formatBody(Array, 'json')
#3 C:\Users\pablo\OneDrive\Documentos\GitHub\JuseaRepository\app\Controllers\ApiController.php(51): CodeIgniter\HTTP\Response->setJSON(Array)
#4 C:\Users\pablo\OneDrive\Documentos\GitHub\JuseaRepository\vendor\codeigniter4\framework\system\CodeIgniter.php(951): App\Controllers\ApiController->buscarPersonaPorApellido()
#5 C:\Users\pablo\OneDrive\Documentos\GitHub\JuseaRepository\vendor\codeigniter4\framework\system\CodeIgniter.php(497): CodeIgniter\CodeIgniter->runController(Object(App\Controllers\ApiController))
#6 C:\Users\pablo\OneDrive\Documentos\GitHub\JuseaRepository\vendor\codeigniter4\framework\system\CodeIgniter.php(340): CodeIgniter\CodeIgniter->handleRequest(NULL, Object(Config\Cache), false)
#7 C:\Users\pablo\OneDrive\Documentos\GitHub\JuseaRepository\vendor\codeigniter4\framework\system\Boot.php(417): CodeIgniter\CodeIgniter->run()
#8 C:\Users\pablo\OneDrive\Documentos\GitHub\JuseaRepository\vendor\codeigniter4\framework\system\Boot.php(68): CodeIgniter\Boot::runCodeIgniter(Object(CodeIgniter\CodeIgniter))
#9 C:\Users\pablo\OneDrive\Documentos\GitHub\JuseaRepository\public\index.php(54): CodeIgniter\Boot::bootWeb(Object(Config\Paths))
#10 {main}
[Method: GET, Route: api/persona/buscar-apellido]
in SYSTEMPATH\Format\JSONFormatter.php on line 47.
 1 [internal function]: CodeIgniter\Debug\Exceptions->shutdownHandler()
CRITICAL - 2026-05-06 14:13:00 --> CodeIgniter\Format\Exceptions\FormatException: Failed to parse JSON string. Error: Malformed UTF-8 characters, possibly incorrectly encoded
[Method: GET, Route: api/persona/buscar-apellido]
in SYSTEMPATH\Format\JSONFormatter.php on line 47.
 1 SYSTEMPATH\Format\JSONFormatter.php(47): CodeIgniter\Format\Exceptions\FormatException::forInvalidJSON('Malformed UTF-8 characters, possibly incorrectly encoded')
 2 SYSTEMPATH\HTTP\ResponseTrait.php(252): CodeIgniter\Format\JSONFormatter->format([...])
 3 SYSTEMPATH\HTTP\ResponseTrait.php(178): CodeIgniter\HTTP\Response->formatBody([...], 'json')
 4 APPPATH\Controllers\ApiController.php(51): CodeIgniter\HTTP\Response->setJSON([...])
 5 SYSTEMPATH\CodeIgniter.php(951): App\Controllers\ApiController->buscarPersonaPorApellido()
 6 SYSTEMPATH\CodeIgniter.php(497): CodeIgniter\CodeIgniter->runController(Object(App\Controllers\ApiController))
 7 SYSTEMPATH\CodeIgniter.php(340): CodeIgniter\CodeIgniter->handleRequest(null, Object(Config\Cache), false)
 8 SYSTEMPATH\Boot.php(417): CodeIgniter\CodeIgniter->run()
 9 SYSTEMPATH\Boot.php(68): CodeIgniter\Boot::runCodeIgniter(Object(CodeIgniter\CodeIgniter))
10 FCPATH\index.php(54): CodeIgniter\Boot::bootWeb(Object(Config\Paths))
CRITICAL - 2026-05-06 14:13:00 --> ErrorException: Uncaught CodeIgniter\Format\Exceptions\FormatException: Failed to parse JSON string. Error: Malformed UTF-8 characters, possibly incorrectly encoded in C:\Users\pablo\OneDrive\Documentos\GitHub\JuseaRepository\vendor\codeigniter4\framework\system\Format\JSONFormatter.php:47
Stack trace:
#0 C:\Users\pablo\OneDrive\Documentos\GitHub\JuseaRepository\vendor\codeigniter4\framework\system\Format\JSONFormatter.php(47): CodeIgniter\Format\Exceptions\FormatException::forInvalidJSON('Malformed UTF-8...')
#1 C:\Users\pablo\OneDrive\Documentos\GitHub\JuseaRepository\vendor\codeigniter4\framework\system\API\ResponseTrait.php(352): CodeIgniter\Format\JSONFormatter->format(Array)
#2 C:\Users\pablo\OneDrive\Documentos\GitHub\JuseaRepository\vendor\codeigniter4\framework\system\API\ResponseTrait.php(111): CodeIgniter\Debug\ExceptionHandler->format(Array)
#3 C:\Users\pablo\OneDrive\Documentos\GitHub\JuseaRepository\vendor\codeigniter4\framework\system\Debug\ExceptionHandler.php(95): CodeIgniter\Debug\ExceptionHandler->respond(Array, 500)
#4 C:\Users\pablo\OneDrive\Documentos\GitHub\JuseaRepository\vendor\codeigniter4\framework\system\Debug\Exceptions.php(151): CodeIgniter\Debug\ExceptionHandler->handle(Object(CodeIgniter\Format\Exceptions\FormatException), Object(CodeIgniter\HTTP\IncomingRequest), Object(CodeIgniter\HTTP\Response), 500, 1)
#5 [internal function]: CodeIgniter\Debug\Exceptions->exceptionHandler(Object(CodeIgniter\Format\Exceptions\FormatException))
#6 {main}
  thrown
【Previous Exception】
CodeIgniter\Format\Exceptions\FormatException
Failed to parse JSON string. Error: Malformed UTF-8 characters, possibly incorrectly encoded
#0 C:\Users\pablo\OneDrive\Documentos\GitHub\JuseaRepository\vendor\codeigniter4\framework\system\Format\JSONFormatter.php(47): CodeIgniter\Format\Exceptions\FormatException::forInvalidJSON('Malformed UTF-8...')
#1 C:\Users\pablo\OneDrive\Documentos\GitHub\JuseaRepository\vendor\codeigniter4\framework\system\HTTP\ResponseTrait.php(252): CodeIgniter\Format\JSONFormatter->format(Array)
#2 C:\Users\pablo\OneDrive\Documentos\GitHub\JuseaRepository\vendor\codeigniter4\framework\system\HTTP\ResponseTrait.php(178): CodeIgniter\HTTP\Response->formatBody(Array, 'json')
#3 C:\Users\pablo\OneDrive\Documentos\GitHub\JuseaRepository\app\Controllers\ApiController.php(51): CodeIgniter\HTTP\Response->setJSON(Array)
#4 C:\Users\pablo\OneDrive\Documentos\GitHub\JuseaRepository\vendor\codeigniter4\framework\system\CodeIgniter.php(951): App\Controllers\ApiController->buscarPersonaPorApellido()
#5 C:\Users\pablo\OneDrive\Documentos\GitHub\JuseaRepository\vendor\codeigniter4\framework\system\CodeIgniter.php(497): CodeIgniter\CodeIgniter->runController(Object(App\Controllers\ApiController))
#6 C:\Users\pablo\OneDrive\Documentos\GitHub\JuseaRepository\vendor\codeigniter4\framework\system\CodeIgniter.php(340): CodeIgniter\CodeIgniter->handleRequest(NULL, Object(Config\Cache), false)
#7 C:\Users\pablo\OneDrive\Documentos\GitHub\JuseaRepository\vendor\codeigniter4\framework\system\Boot.php(417): CodeIgniter\CodeIgniter->run()
#8 C:\Users\pablo\OneDrive\Documentos\GitHub\JuseaRepository\vendor\codeigniter4\framework\system\Boot.php(68): CodeIgniter\Boot::runCodeIgniter(Object(CodeIgniter\CodeIgniter))
#9 C:\Users\pablo\OneDrive\Documentos\GitHub\JuseaRepository\public\index.php(54): CodeIgniter\Boot::bootWeb(Object(Config\Paths))
#10 {main}
[Method: GET, Route: api/persona/buscar-apellido]
in SYSTEMPATH\Format\JSONFormatter.php on line 47.
 1 [internal function]: CodeIgniter\Debug\Exceptions->shutdownHandler()
CRITICAL - 2026-05-06 14:13:01 --> CodeIgniter\Format\Exceptions\FormatException: Failed to parse JSON string. Error: Malformed UTF-8 characters, possibly incorrectly encoded
[Method: GET, Route: api/persona/buscar-apellido]
in SYSTEMPATH\Format\JSONFormatter.php on line 47.
 1 SYSTEMPATH\Format\JSONFormatter.php(47): CodeIgniter\Format\Exceptions\FormatException::forInvalidJSON('Malformed UTF-8 characters, possibly incorrectly encoded')
 2 SYSTEMPATH\HTTP\ResponseTrait.php(252): CodeIgniter\Format\JSONFormatter->format([...])
 3 SYSTEMPATH\HTTP\ResponseTrait.php(178): CodeIgniter\HTTP\Response->formatBody([...], 'json')
 4 APPPATH\Controllers\ApiController.php(51): CodeIgniter\HTTP\Response->setJSON([...])
 5 SYSTEMPATH\CodeIgniter.php(951): App\Controllers\ApiController->buscarPersonaPorApellido()
 6 SYSTEMPATH\CodeIgniter.php(497): CodeIgniter\CodeIgniter->runController(Object(App\Controllers\ApiController))
 7 SYSTEMPATH\CodeIgniter.php(340): CodeIgniter\CodeIgniter->handleRequest(null, Object(Config\Cache), false)
 8 SYSTEMPATH\Boot.php(417): CodeIgniter\CodeIgniter->run()
 9 SYSTEMPATH\Boot.php(68): CodeIgniter\Boot::runCodeIgniter(Object(CodeIgniter\CodeIgniter))
10 FCPATH\index.php(54): CodeIgniter\Boot::bootWeb(Object(Config\Paths))
CRITICAL - 2026-05-06 14:13:01 --> ErrorException: Uncaught CodeIgniter\Format\Exceptions\FormatException: Failed to parse JSON string. Error: Malformed UTF-8 characters, possibly incorrectly encoded in C:\Users\pablo\OneDrive\Documentos\GitHub\JuseaRepository\vendor\codeigniter4\framework\system\Format\JSONFormatter.php:47
Stack trace:
#0 C:\Users\pablo\OneDrive\Documentos\GitHub\JuseaRepository\vendor\codeigniter4\framework\system\Format\JSONFormatter.php(47): CodeIgniter\Format\Exceptions\FormatException::forInvalidJSON('Malformed UTF-8...')
#1 C:\Users\pablo\OneDrive\Documentos\GitHub\JuseaRepository\vendor\codeigniter4\framework\system\API\ResponseTrait.php(352): CodeIgniter\Format\JSONFormatter->format(Array)
#2 C:\Users\pablo\OneDrive\Documentos\GitHub\JuseaRepository\vendor\codeigniter4\framework\system\API\ResponseTrait.php(111): CodeIgniter\Debug\ExceptionHandler->format(Array)
#3 C:\Users\pablo\OneDrive\Documentos\GitHub\JuseaRepository\vendor\codeigniter4\framework\system\Debug\ExceptionHandler.php(95): CodeIgniter\Debug\ExceptionHandler->respond(Array, 500)
#4 C:\Users\pablo\OneDrive\Documentos\GitHub\JuseaRepository\vendor\codeigniter4\framework\system\Debug\Exceptions.php(151): CodeIgniter\Debug\ExceptionHandler->handle(Object(CodeIgniter\Format\Exceptions\FormatException), Object(CodeIgniter\HTTP\IncomingRequest), Object(CodeIgniter\HTTP\Response), 500, 1)
#5 [internal function]: CodeIgniter\Debug\Exceptions->exceptionHandler(Object(CodeIgniter\Format\Exceptions\FormatException))
#6 {main}
  thrown
【Previous Exception】
CodeIgniter\Format\Exceptions\FormatException
Failed to parse JSON string. Error: Malformed UTF-8 characters, possibly incorrectly encoded
#0 C:\Users\pablo\OneDrive\Documentos\GitHub\JuseaRepository\vendor\codeigniter4\framework\system\Format\JSONFormatter.php(47): CodeIgniter\Format\Exceptions\FormatException::forInvalidJSON('Malformed UTF-8...')
#1 C:\Users\pablo\OneDrive\Documentos\GitHub\JuseaRepository\vendor\codeigniter4\framework\system\HTTP\ResponseTrait.php(252): CodeIgniter\Format\JSONFormatter->format(Array)
#2 C:\Users\pablo\OneDrive\Documentos\GitHub\JuseaRepository\vendor\codeigniter4\framework\system\HTTP\ResponseTrait.php(178): CodeIgniter\HTTP\Response->formatBody(Array, 'json')
#3 C:\Users\pablo\OneDrive\Documentos\GitHub\JuseaRepository\app\Controllers\ApiController.php(51): CodeIgniter\HTTP\Response->setJSON(Array)
#4 C:\Users\pablo\OneDrive\Documentos\GitHub\JuseaRepository\vendor\codeigniter4\framework\system\CodeIgniter.php(951): App\Controllers\ApiController->buscarPersonaPorApellido()
#5 C:\Users\pablo\OneDrive\Documentos\GitHub\JuseaRepository\vendor\codeigniter4\framework\system\CodeIgniter.php(497): CodeIgniter\CodeIgniter->runController(Object(App\Controllers\ApiController))
#6 C:\Users\pablo\OneDrive\Documentos\GitHub\JuseaRepository\vendor\codeigniter4\framework\system\CodeIgniter.php(340): CodeIgniter\CodeIgniter->handleRequest(NULL, Object(Config\Cache), false)
#7 C:\Users\pablo\OneDrive\Documentos\GitHub\JuseaRepository\vendor\codeigniter4\framework\system\Boot.php(417): CodeIgniter\CodeIgniter->run()
#8 C:\Users\pablo\OneDrive\Documentos\GitHub\JuseaRepository\vendor\codeigniter4\framework\system\Boot.php(68): CodeIgniter\Boot::runCodeIgniter(Object(CodeIgniter\CodeIgniter))
#9 C:\Users\pablo\OneDrive\Documentos\GitHub\JuseaRepository\public\index.php(54): CodeIgniter\Boot::bootWeb(Object(Config\Paths))
#10 {main}
[Method: GET, Route: api/persona/buscar-apellido]
in SYSTEMPATH\Format\JSONFormatter.php on line 47.
 1 [internal function]: CodeIgniter\Debug\Exceptions->shutdownHandler()
CRITICAL - 2026-05-06 14:13:01 --> CodeIgniter\Format\Exceptions\FormatException: Failed to parse JSON string. Error: Malformed UTF-8 characters, possibly incorrectly encoded
[Method: GET, Route: api/persona/buscar-apellido]
in SYSTEMPATH\Format\JSONFormatter.php on line 47.
 1 SYSTEMPATH\Format\JSONFormatter.php(47): CodeIgniter\Format\Exceptions\FormatException::forInvalidJSON('Malformed UTF-8 characters, possibly incorrectly encoded')
 2 SYSTEMPATH\HTTP\ResponseTrait.php(252): CodeIgniter\Format\JSONFormatter->format([...])
 3 SYSTEMPATH\HTTP\ResponseTrait.php(178): CodeIgniter\HTTP\Response->formatBody([...], 'json')
 4 APPPATH\Controllers\ApiController.php(51): CodeIgniter\HTTP\Response->setJSON([...])
 5 SYSTEMPATH\CodeIgniter.php(951): App\Controllers\ApiController->buscarPersonaPorApellido()
 6 SYSTEMPATH\CodeIgniter.php(497): CodeIgniter\CodeIgniter->runController(Object(App\Controllers\ApiController))
 7 SYSTEMPATH\CodeIgniter.php(340): CodeIgniter\CodeIgniter->handleRequest(null, Object(Config\Cache), false)
 8 SYSTEMPATH\Boot.php(417): CodeIgniter\CodeIgniter->run()
 9 SYSTEMPATH\Boot.php(68): CodeIgniter\Boot::runCodeIgniter(Object(CodeIgniter\CodeIgniter))
10 FCPATH\index.php(54): CodeIgniter\Boot::bootWeb(Object(Config\Paths))
CRITICAL - 2026-05-06 14:13:01 --> ErrorException: Uncaught CodeIgniter\Format\Exceptions\FormatException: Failed to parse JSON string. Error: Malformed UTF-8 characters, possibly incorrectly encoded in C:\Users\pablo\OneDrive\Documentos\GitHub\JuseaRepository\vendor\codeigniter4\framework\system\Format\JSONFormatter.php:47
Stack trace:
#0 C:\Users\pablo\OneDrive\Documentos\GitHub\JuseaRepository\vendor\codeigniter4\framework\system\Format\JSONFormatter.php(47): CodeIgniter\Format\Exceptions\FormatException::forInvalidJSON('Malformed UTF-8...')
#1 C:\Users\pablo\OneDrive\Documentos\GitHub\JuseaRepository\vendor\codeigniter4\framework\system\API\ResponseTrait.php(352): CodeIgniter\Format\JSONFormatter->format(Array)
#2 C:\Users\pablo\OneDrive\Documentos\GitHub\JuseaRepository\vendor\codeigniter4\framework\system\API\ResponseTrait.php(111): CodeIgniter\Debug\ExceptionHandler->format(Array)
#3 C:\Users\pablo\OneDrive\Documentos\GitHub\JuseaRepository\vendor\codeigniter4\framework\system\Debug\ExceptionHandler.php(95): CodeIgniter\Debug\ExceptionHandler->respond(Array, 500)
#4 C:\Users\pablo\OneDrive\Documentos\GitHub\JuseaRepository\vendor\codeigniter4\framework\system\Debug\Exceptions.php(151): CodeIgniter\Debug\ExceptionHandler->handle(Object(CodeIgniter\Format\Exceptions\FormatException), Object(CodeIgniter\HTTP\IncomingRequest), Object(CodeIgniter\HTTP\Response), 500, 1)
#5 [internal function]: CodeIgniter\Debug\Exceptions->exceptionHandler(Object(CodeIgniter\Format\Exceptions\FormatException))
#6 {main}
  thrown
【Previous Exception】
CodeIgniter\Format\Exceptions\FormatException
Failed to parse JSON string. Error: Malformed UTF-8 characters, possibly incorrectly encoded
#0 C:\Users\pablo\OneDrive\Documentos\GitHub\JuseaRepository\vendor\codeigniter4\framework\system\Format\JSONFormatter.php(47): CodeIgniter\Format\Exceptions\FormatException::forInvalidJSON('Malformed UTF-8...')
#1 C:\Users\pablo\OneDrive\Documentos\GitHub\JuseaRepository\vendor\codeigniter4\framework\system\HTTP\ResponseTrait.php(252): CodeIgniter\Format\JSONFormatter->format(Array)
#2 C:\Users\pablo\OneDrive\Documentos\GitHub\JuseaRepository\vendor\codeigniter4\framework\system\HTTP\ResponseTrait.php(178): CodeIgniter\HTTP\Response->formatBody(Array, 'json')
#3 C:\Users\pablo\OneDrive\Documentos\GitHub\JuseaRepository\app\Controllers\ApiController.php(51): CodeIgniter\HTTP\Response->setJSON(Array)
#4 C:\Users\pablo\OneDrive\Documentos\GitHub\JuseaRepository\vendor\codeigniter4\framework\system\CodeIgniter.php(951): App\Controllers\ApiController->buscarPersonaPorApellido()
#5 C:\Users\pablo\OneDrive\Documentos\GitHub\JuseaRepository\vendor\codeigniter4\framework\system\CodeIgniter.php(497): CodeIgniter\CodeIgniter->runController(Object(App\Controllers\ApiController))
#6 C:\Users\pablo\OneDrive\Documentos\GitHub\JuseaRepository\vendor\codeigniter4\framework\system\CodeIgniter.php(340): CodeIgniter\CodeIgniter->handleRequest(NULL, Object(Config\Cache), false)
#7 C:\Users\pablo\OneDrive\Documentos\GitHub\JuseaRepository\vendor\codeigniter4\framework\system\Boot.php(417): CodeIgniter\CodeIgniter->run()
#8 C:\Users\pablo\OneDrive\Documentos\GitHub\JuseaRepository\vendor\codeigniter4\framework\system\Boot.php(68): CodeIgniter\Boot::runCodeIgniter(Object(CodeIgniter\CodeIgniter))
#9 C:\Users\pablo\OneDrive\Documentos\GitHub\JuseaRepository\public\index.php(54): CodeIgniter\Boot::bootWeb(Object(Config\Paths))
#10 {main}
[Method: GET, Route: api/persona/buscar-apellido]
in SYSTEMPATH\Format\JSONFormatter.php on line 47.
 1 [internal function]: CodeIgniter\Debug\Exceptions->shutdownHandler()
CRITICAL - 2026-05-06 14:13:02 --> CodeIgniter\Format\Exceptions\FormatException: Failed to parse JSON string. Error: Malformed UTF-8 characters, possibly incorrectly encoded
[Method: GET, Route: api/persona/buscar-apellido]
in SYSTEMPATH\Format\JSONFormatter.php on line 47.
 1 SYSTEMPATH\Format\JSONFormatter.php(47): CodeIgniter\Format\Exceptions\FormatException::forInvalidJSON('Malformed UTF-8 characters, possibly incorrectly encoded')
 2 SYSTEMPATH\HTTP\ResponseTrait.php(252): CodeIgniter\Format\JSONFormatter->format([...])
 3 SYSTEMPATH\HTTP\ResponseTrait.php(178): CodeIgniter\HTTP\Response->formatBody([...], 'json')
 4 APPPATH\Controllers\ApiController.php(51): CodeIgniter\HTTP\Response->setJSON([...])
 5 SYSTEMPATH\CodeIgniter.php(951): App\Controllers\ApiController->buscarPersonaPorApellido()
 6 SYSTEMPATH\CodeIgniter.php(497): CodeIgniter\CodeIgniter->runController(Object(App\Controllers\ApiController))
 7 SYSTEMPATH\CodeIgniter.php(340): CodeIgniter\CodeIgniter->handleRequest(null, Object(Config\Cache), false)
 8 SYSTEMPATH\Boot.php(417): CodeIgniter\CodeIgniter->run()
 9 SYSTEMPATH\Boot.php(68): CodeIgniter\Boot::runCodeIgniter(Object(CodeIgniter\CodeIgniter))
10 FCPATH\index.php(54): CodeIgniter\Boot::bootWeb(Object(Config\Paths))
CRITICAL - 2026-05-06 14:13:02 --> ErrorException: Uncaught CodeIgniter\Format\Exceptions\FormatException: Failed to parse JSON string. Error: Malformed UTF-8 characters, possibly incorrectly encoded in C:\Users\pablo\OneDrive\Documentos\GitHub\JuseaRepository\vendor\codeigniter4\framework\system\Format\JSONFormatter.php:47
Stack trace:
#0 C:\Users\pablo\OneDrive\Documentos\GitHub\JuseaRepository\vendor\codeigniter4\framework\system\Format\JSONFormatter.php(47): CodeIgniter\Format\Exceptions\FormatException::forInvalidJSON('Malformed UTF-8...')
#1 C:\Users\pablo\OneDrive\Documentos\GitHub\JuseaRepository\vendor\codeigniter4\framework\system\API\ResponseTrait.php(352): CodeIgniter\Format\JSONFormatter->format(Array)
#2 C:\Users\pablo\OneDrive\Documentos\GitHub\JuseaRepository\vendor\codeigniter4\framework\system\API\ResponseTrait.php(111): CodeIgniter\Debug\ExceptionHandler->format(Array)
#3 C:\Users\pablo\OneDrive\Documentos\GitHub\JuseaRepository\vendor\codeigniter4\framework\system\Debug\ExceptionHandler.php(95): CodeIgniter\Debug\ExceptionHandler->respond(Array, 500)
#4 C:\Users\pablo\OneDrive\Documentos\GitHub\JuseaRepository\vendor\codeigniter4\framework\system\Debug\Exceptions.php(151): CodeIgniter\Debug\ExceptionHandler->handle(Object(CodeIgniter\Format\Exceptions\FormatException), Object(CodeIgniter\HTTP\IncomingRequest), Object(CodeIgniter\HTTP\Response), 500, 1)
#5 [internal function]: CodeIgniter\Debug\Exceptions->exceptionHandler(Object(CodeIgniter\Format\Exceptions\FormatException))
#6 {main}
  thrown
【Previous Exception】
CodeIgniter\Format\Exceptions\FormatException
Failed to parse JSON string. Error: Malformed UTF-8 characters, possibly incorrectly encoded
#0 C:\Users\pablo\OneDrive\Documentos\GitHub\JuseaRepository\vendor\codeigniter4\framework\system\Format\JSONFormatter.php(47): CodeIgniter\Format\Exceptions\FormatException::forInvalidJSON('Malformed UTF-8...')
#1 C:\Users\pablo\OneDrive\Documentos\GitHub\JuseaRepository\vendor\codeigniter4\framework\system\HTTP\ResponseTrait.php(252): CodeIgniter\Format\JSONFormatter->format(Array)
#2 C:\Users\pablo\OneDrive\Documentos\GitHub\JuseaRepository\vendor\codeigniter4\framework\system\HTTP\ResponseTrait.php(178): CodeIgniter\HTTP\Response->formatBody(Array, 'json')
#3 C:\Users\pablo\OneDrive\Documentos\GitHub\JuseaRepository\app\Controllers\ApiController.php(51): CodeIgniter\HTTP\Response->setJSON(Array)
#4 C:\Users\pablo\OneDrive\Documentos\GitHub\JuseaRepository\vendor\codeigniter4\framework\system\CodeIgniter.php(951): App\Controllers\ApiController->buscarPersonaPorApellido()
#5 C:\Users\pablo\OneDrive\Documentos\GitHub\JuseaRepository\vendor\codeigniter4\framework\system\CodeIgniter.php(497): CodeIgniter\CodeIgniter->runController(Object(App\Controllers\ApiController))
#6 C:\Users\pablo\OneDrive\Documentos\GitHub\JuseaRepository\vendor\codeigniter4\framework\system\CodeIgniter.php(340): CodeIgniter\CodeIgniter->handleRequest(NULL, Object(Config\Cache), false)
#7 C:\Users\pablo\OneDrive\Documentos\GitHub\JuseaRepository\vendor\codeigniter4\framework\system\Boot.php(417): CodeIgniter\CodeIgniter->run()
#8 C:\Users\pablo\OneDrive\Documentos\GitHub\JuseaRepository\vendor\codeigniter4\framework\system\Boot.php(68): CodeIgniter\Boot::runCodeIgniter(Object(CodeIgniter\CodeIgniter))
#9 C:\Users\pablo\OneDrive\Documentos\GitHub\JuseaRepository\public\index.php(54): CodeIgniter\Boot::bootWeb(Object(Config\Paths))
#10 {main}
[Method: GET, Route: api/persona/buscar-apellido]
in SYSTEMPATH\Format\JSONFormatter.php on line 47.
 1 [internal function]: CodeIgniter\Debug\Exceptions->shutdownHandler()
CRITICAL - 2026-05-06 14:13:28 --> CodeIgniter\Format\Exceptions\FormatException: Failed to parse JSON string. Error: Malformed UTF-8 characters, possibly incorrectly encoded
[Method: GET, Route: api/persona/buscar-apellido]
in SYSTEMPATH\Format\JSONFormatter.php on line 47.
 1 SYSTEMPATH\Format\JSONFormatter.php(47): CodeIgniter\Format\Exceptions\FormatException::forInvalidJSON('Malformed UTF-8 characters, possibly incorrectly encoded')
 2 SYSTEMPATH\HTTP\ResponseTrait.php(252): CodeIgniter\Format\JSONFormatter->format([...])
 3 SYSTEMPATH\HTTP\ResponseTrait.php(178): CodeIgniter\HTTP\Response->formatBody([...], 'json')
 4 APPPATH\Controllers\ApiController.php(51): CodeIgniter\HTTP\Response->setJSON([...])
 5 SYSTEMPATH\CodeIgniter.php(951): App\Controllers\ApiController->buscarPersonaPorApellido()
 6 SYSTEMPATH\CodeIgniter.php(497): CodeIgniter\CodeIgniter->runController(Object(App\Controllers\ApiController))
 7 SYSTEMPATH\CodeIgniter.php(340): CodeIgniter\CodeIgniter->handleRequest(null, Object(Config\Cache), false)
 8 SYSTEMPATH\Boot.php(417): CodeIgniter\CodeIgniter->run()
 9 SYSTEMPATH\Boot.php(68): CodeIgniter\Boot::runCodeIgniter(Object(CodeIgniter\CodeIgniter))
10 FCPATH\index.php(54): CodeIgniter\Boot::bootWeb(Object(Config\Paths))
CRITICAL - 2026-05-06 14:13:28 --> ErrorException: Uncaught CodeIgniter\Format\Exceptions\FormatException: Failed to parse JSON string. Error: Malformed UTF-8 characters, possibly incorrectly encoded in C:\Users\pablo\OneDrive\Documentos\GitHub\JuseaRepository\vendor\codeigniter4\framework\system\Format\JSONFormatter.php:47
Stack trace:
#0 C:\Users\pablo\OneDrive\Documentos\GitHub\JuseaRepository\vendor\codeigniter4\framework\system\Format\JSONFormatter.php(47): CodeIgniter\Format\Exceptions\FormatException::forInvalidJSON('Malformed UTF-8...')
#1 C:\Users\pablo\OneDrive\Documentos\GitHub\JuseaRepository\vendor\codeigniter4\framework\system\API\ResponseTrait.php(352): CodeIgniter\Format\JSONFormatter->format(Array)
#2 C:\Users\pablo\OneDrive\Documentos\GitHub\JuseaRepository\vendor\codeigniter4\framework\system\API\ResponseTrait.php(111): CodeIgniter\Debug\ExceptionHandler->format(Array)
#3 C:\Users\pablo\OneDrive\Documentos\GitHub\JuseaRepository\vendor\codeigniter4\framework\system\Debug\ExceptionHandler.php(95): CodeIgniter\Debug\ExceptionHandler->respond(Array, 500)
#4 C:\Users\pablo\OneDrive\Documentos\GitHub\JuseaRepository\vendor\codeigniter4\framework\system\Debug\Exceptions.php(151): CodeIgniter\Debug\ExceptionHandler->handle(Object(CodeIgniter\Format\Exceptions\FormatException), Object(CodeIgniter\HTTP\IncomingRequest), Object(CodeIgniter\HTTP\Response), 500, 1)
#5 [internal function]: CodeIgniter\Debug\Exceptions->exceptionHandler(Object(CodeIgniter\Format\Exceptions\FormatException))
#6 {main}
  thrown
【Previous Exception】
CodeIgniter\Format\Exceptions\FormatException
Failed to parse JSON string. Error: Malformed UTF-8 characters, possibly incorrectly encoded
#0 C:\Users\pablo\OneDrive\Documentos\GitHub\JuseaRepository\vendor\codeigniter4\framework\system\Format\JSONFormatter.php(47): CodeIgniter\Format\Exceptions\FormatException::forInvalidJSON('Malformed UTF-8...')
#1 C:\Users\pablo\OneDrive\Documentos\GitHub\JuseaRepository\vendor\codeigniter4\framework\system\HTTP\ResponseTrait.php(252): CodeIgniter\Format\JSONFormatter->format(Array)
#2 C:\Users\pablo\OneDrive\Documentos\GitHub\JuseaRepository\vendor\codeigniter4\framework\system\HTTP\ResponseTrait.php(178): CodeIgniter\HTTP\Response->formatBody(Array, 'json')
#3 C:\Users\pablo\OneDrive\Documentos\GitHub\JuseaRepository\app\Controllers\ApiController.php(51): CodeIgniter\HTTP\Response->setJSON(Array)
#4 C:\Users\pablo\OneDrive\Documentos\GitHub\JuseaRepository\vendor\codeigniter4\framework\system\CodeIgniter.php(951): App\Controllers\ApiController->buscarPersonaPorApellido()
#5 C:\Users\pablo\OneDrive\Documentos\GitHub\JuseaRepository\vendor\codeigniter4\framework\system\CodeIgniter.php(497): CodeIgniter\CodeIgniter->runController(Object(App\Controllers\ApiController))
#6 C:\Users\pablo\OneDrive\Documentos\GitHub\JuseaRepository\vendor\codeigniter4\framework\system\CodeIgniter.php(340): CodeIgniter\CodeIgniter->handleRequest(NULL, Object(Config\Cache), false)
#7 C:\Users\pablo\OneDrive\Documentos\GitHub\JuseaRepository\vendor\codeigniter4\framework\system\Boot.php(417): CodeIgniter\CodeIgniter->run()
#8 C:\Users\pablo\OneDrive\Documentos\GitHub\JuseaRepository\vendor\codeigniter4\framework\system\Boot.php(68): CodeIgniter\Boot::runCodeIgniter(Object(CodeIgniter\CodeIgniter))
#9 C:\Users\pablo\OneDrive\Documentos\GitHub\JuseaRepository\public\index.php(54): CodeIgniter\Boot::bootWeb(Object(Config\Paths))
#10 {main}
[Method: GET, Route: api/persona/buscar-apellido]
in SYSTEMPATH\Format\JSONFormatter.php on line 47.
 1 [internal function]: CodeIgniter\Debug\Exceptions->shutdownHandler()
CRITICAL - 2026-05-06 14:13:28 --> CodeIgniter\Format\Exceptions\FormatException: Failed to parse JSON string. Error: Malformed UTF-8 characters, possibly incorrectly encoded
[Method: GET, Route: api/persona/buscar-apellido]
in SYSTEMPATH\Format\JSONFormatter.php on line 47.
 1 SYSTEMPATH\Format\JSONFormatter.php(47): CodeIgniter\Format\Exceptions\FormatException::forInvalidJSON('Malformed UTF-8 characters, possibly incorrectly encoded')
 2 SYSTEMPATH\HTTP\ResponseTrait.php(252): CodeIgniter\Format\JSONFormatter->format([...])
 3 SYSTEMPATH\HTTP\ResponseTrait.php(178): CodeIgniter\HTTP\Response->formatBody([...], 'json')
 4 APPPATH\Controllers\ApiController.php(51): CodeIgniter\HTTP\Response->setJSON([...])
 5 SYSTEMPATH\CodeIgniter.php(951): App\Controllers\ApiController->buscarPersonaPorApellido()
 6 SYSTEMPATH\CodeIgniter.php(497): CodeIgniter\CodeIgniter->runController(Object(App\Controllers\ApiController))
 7 SYSTEMPATH\CodeIgniter.php(340): CodeIgniter\CodeIgniter->handleRequest(null, Object(Config\Cache), false)
 8 SYSTEMPATH\Boot.php(417): CodeIgniter\CodeIgniter->run()
 9 SYSTEMPATH\Boot.php(68): CodeIgniter\Boot::runCodeIgniter(Object(CodeIgniter\CodeIgniter))
10 FCPATH\index.php(54): CodeIgniter\Boot::bootWeb(Object(Config\Paths))
CRITICAL - 2026-05-06 14:13:28 --> ErrorException: Uncaught CodeIgniter\Format\Exceptions\FormatException: Failed to parse JSON string. Error: Malformed UTF-8 characters, possibly incorrectly encoded in C:\Users\pablo\OneDrive\Documentos\GitHub\JuseaRepository\vendor\codeigniter4\framework\system\Format\JSONFormatter.php:47
Stack trace:
#0 C:\Users\pablo\OneDrive\Documentos\GitHub\JuseaRepository\vendor\codeigniter4\framework\system\Format\JSONFormatter.php(47): CodeIgniter\Format\Exceptions\FormatException::forInvalidJSON('Malformed UTF-8...')
#1 C:\Users\pablo\OneDrive\Documentos\GitHub\JuseaRepository\vendor\codeigniter4\framework\system\API\ResponseTrait.php(352): CodeIgniter\Format\JSONFormatter->format(Array)
#2 C:\Users\pablo\OneDrive\Documentos\GitHub\JuseaRepository\vendor\codeigniter4\framework\system\API\ResponseTrait.php(111): CodeIgniter\Debug\ExceptionHandler->format(Array)
#3 C:\Users\pablo\OneDrive\Documentos\GitHub\JuseaRepository\vendor\codeigniter4\framework\system\Debug\ExceptionHandler.php(95): CodeIgniter\Debug\ExceptionHandler->respond(Array, 500)
#4 C:\Users\pablo\OneDrive\Documentos\GitHub\JuseaRepository\vendor\codeigniter4\framework\system\Debug\Exceptions.php(151): CodeIgniter\Debug\ExceptionHandler->handle(Object(CodeIgniter\Format\Exceptions\FormatException), Object(CodeIgniter\HTTP\IncomingRequest), Object(CodeIgniter\HTTP\Response), 500, 1)
#5 [internal function]: CodeIgniter\Debug\Exceptions->exceptionHandler(Object(CodeIgniter\Format\Exceptions\FormatException))
#6 {main}
  thrown
【Previous Exception】
CodeIgniter\Format\Exceptions\FormatException
Failed to parse JSON string. Error: Malformed UTF-8 characters, possibly incorrectly encoded
#0 C:\Users\pablo\OneDrive\Documentos\GitHub\JuseaRepository\vendor\codeigniter4\framework\system\Format\JSONFormatter.php(47): CodeIgniter\Format\Exceptions\FormatException::forInvalidJSON('Malformed UTF-8...')
#1 C:\Users\pablo\OneDrive\Documentos\GitHub\JuseaRepository\vendor\codeigniter4\framework\system\HTTP\ResponseTrait.php(252): CodeIgniter\Format\JSONFormatter->format(Array)
#2 C:\Users\pablo\OneDrive\Documentos\GitHub\JuseaRepository\vendor\codeigniter4\framework\system\HTTP\ResponseTrait.php(178): CodeIgniter\HTTP\Response->formatBody(Array, 'json')
#3 C:\Users\pablo\OneDrive\Documentos\GitHub\JuseaRepository\app\Controllers\ApiController.php(51): CodeIgniter\HTTP\Response->setJSON(Array)
#4 C:\Users\pablo\OneDrive\Documentos\GitHub\JuseaRepository\vendor\codeigniter4\framework\system\CodeIgniter.php(951): App\Controllers\ApiController->buscarPersonaPorApellido()
#5 C:\Users\pablo\OneDrive\Documentos\GitHub\JuseaRepository\vendor\codeigniter4\framework\system\CodeIgniter.php(497): CodeIgniter\CodeIgniter->runController(Object(App\Controllers\ApiController))
#6 C:\Users\pablo\OneDrive\Documentos\GitHub\JuseaRepository\vendor\codeigniter4\framework\system\CodeIgniter.php(340): CodeIgniter\CodeIgniter->handleRequest(NULL, Object(Config\Cache), false)
#7 C:\Users\pablo\OneDrive\Documentos\GitHub\JuseaRepository\vendor\codeigniter4\framework\system\Boot.php(417): CodeIgniter\CodeIgniter->run()
#8 C:\Users\pablo\OneDrive\Documentos\GitHub\JuseaRepository\vendor\codeigniter4\framework\system\Boot.php(68): CodeIgniter\Boot::runCodeIgniter(Object(CodeIgniter\CodeIgniter))
#9 C:\Users\pablo\OneDrive\Documentos\GitHub\JuseaRepository\public\index.php(54): CodeIgniter\Boot::bootWeb(Object(Config\Paths))
#10 {main}
[Method: GET, Route: api/persona/buscar-apellido]
in SYSTEMPATH\Format\JSONFormatter.php on line 47.
 1 [internal function]: CodeIgniter\Debug\Exceptions->shutdownHandler()
CRITICAL - 2026-05-06 14:13:29 --> CodeIgniter\Format\Exceptions\FormatException: Failed to parse JSON string. Error: Malformed UTF-8 characters, possibly incorrectly encoded
[Method: GET, Route: api/persona/buscar-apellido]
in SYSTEMPATH\Format\JSONFormatter.php on line 47.
 1 SYSTEMPATH\Format\JSONFormatter.php(47): CodeIgniter\Format\Exceptions\FormatException::forInvalidJSON('Malformed UTF-8 characters, possibly incorrectly encoded')
 2 SYSTEMPATH\HTTP\ResponseTrait.php(252): CodeIgniter\Format\JSONFormatter->format([...])
 3 SYSTEMPATH\HTTP\ResponseTrait.php(178): CodeIgniter\HTTP\Response->formatBody([...], 'json')
 4 APPPATH\Controllers\ApiController.php(51): CodeIgniter\HTTP\Response->setJSON([...])
 5 SYSTEMPATH\CodeIgniter.php(951): App\Controllers\ApiController->buscarPersonaPorApellido()
 6 SYSTEMPATH\CodeIgniter.php(497): CodeIgniter\CodeIgniter->runController(Object(App\Controllers\ApiController))
 7 SYSTEMPATH\CodeIgniter.php(340): CodeIgniter\CodeIgniter->handleRequest(null, Object(Config\Cache), false)
 8 SYSTEMPATH\Boot.php(417): CodeIgniter\CodeIgniter->run()
 9 SYSTEMPATH\Boot.php(68): CodeIgniter\Boot::runCodeIgniter(Object(CodeIgniter\CodeIgniter))
10 FCPATH\index.php(54): CodeIgniter\Boot::bootWeb(Object(Config\Paths))
CRITICAL - 2026-05-06 14:13:29 --> ErrorException: Uncaught CodeIgniter\Format\Exceptions\FormatException: Failed to parse JSON string. Error: Malformed UTF-8 characters, possibly incorrectly encoded in C:\Users\pablo\OneDrive\Documentos\GitHub\JuseaRepository\vendor\codeigniter4\framework\system\Format\JSONFormatter.php:47
Stack trace:
#0 C:\Users\pablo\OneDrive\Documentos\GitHub\JuseaRepository\vendor\codeigniter4\framework\system\Format\JSONFormatter.php(47): CodeIgniter\Format\Exceptions\FormatException::forInvalidJSON('Malformed UTF-8...')
#1 C:\Users\pablo\OneDrive\Documentos\GitHub\JuseaRepository\vendor\codeigniter4\framework\system\API\ResponseTrait.php(352): CodeIgniter\Format\JSONFormatter->format(Array)
#2 C:\Users\pablo\OneDrive\Documentos\GitHub\JuseaRepository\vendor\codeigniter4\framework\system\API\ResponseTrait.php(111): CodeIgniter\Debug\ExceptionHandler->format(Array)
#3 C:\Users\pablo\OneDrive\Documentos\GitHub\JuseaRepository\vendor\codeigniter4\framework\system\Debug\ExceptionHandler.php(95): CodeIgniter\Debug\ExceptionHandler->respond(Array, 500)
#4 C:\Users\pablo\OneDrive\Documentos\GitHub\JuseaRepository\vendor\codeigniter4\framework\system\Debug\Exceptions.php(151): CodeIgniter\Debug\ExceptionHandler->handle(Object(CodeIgniter\Format\Exceptions\FormatException), Object(CodeIgniter\HTTP\IncomingRequest), Object(CodeIgniter\HTTP\Response), 500, 1)
#5 [internal function]: CodeIgniter\Debug\Exceptions->exceptionHandler(Object(CodeIgniter\Format\Exceptions\FormatException))
#6 {main}
  thrown
【Previous Exception】
CodeIgniter\Format\Exceptions\FormatException
Failed to parse JSON string. Error: Malformed UTF-8 characters, possibly incorrectly encoded
#0 C:\Users\pablo\OneDrive\Documentos\GitHub\JuseaRepository\vendor\codeigniter4\framework\system\Format\JSONFormatter.php(47): CodeIgniter\Format\Exceptions\FormatException::forInvalidJSON('Malformed UTF-8...')
#1 C:\Users\pablo\OneDrive\Documentos\GitHub\JuseaRepository\vendor\codeigniter4\framework\system\HTTP\ResponseTrait.php(252): CodeIgniter\Format\JSONFormatter->format(Array)
#2 C:\Users\pablo\OneDrive\Documentos\GitHub\JuseaRepository\vendor\codeigniter4\framework\system\HTTP\ResponseTrait.php(178): CodeIgniter\HTTP\Response->formatBody(Array, 'json')
#3 C:\Users\pablo\OneDrive\Documentos\GitHub\JuseaRepository\app\Controllers\ApiController.php(51): CodeIgniter\HTTP\Response->setJSON(Array)
#4 C:\Users\pablo\OneDrive\Documentos\GitHub\JuseaRepository\vendor\codeigniter4\framework\system\CodeIgniter.php(951): App\Controllers\ApiController->buscarPersonaPorApellido()
#5 C:\Users\pablo\OneDrive\Documentos\GitHub\JuseaRepository\vendor\codeigniter4\framework\system\CodeIgniter.php(497): CodeIgniter\CodeIgniter->runController(Object(App\Controllers\ApiController))
#6 C:\Users\pablo\OneDrive\Documentos\GitHub\JuseaRepository\vendor\codeigniter4\framework\system\CodeIgniter.php(340): CodeIgniter\CodeIgniter->handleRequest(NULL, Object(Config\Cache), false)
#7 C:\Users\pablo\OneDrive\Documentos\GitHub\JuseaRepository\vendor\codeigniter4\framework\system\Boot.php(417): CodeIgniter\CodeIgniter->run()
#8 C:\Users\pablo\OneDrive\Documentos\GitHub\JuseaRepository\vendor\codeigniter4\framework\system\Boot.php(68): CodeIgniter\Boot::runCodeIgniter(Object(CodeIgniter\CodeIgniter))
#9 C:\Users\pablo\OneDrive\Documentos\GitHub\JuseaRepository\public\index.php(54): CodeIgniter\Boot::bootWeb(Object(Config\Paths))
#10 {main}
[Method: GET, Route: api/persona/buscar-apellido]
in SYSTEMPATH\Format\JSONFormatter.php on line 47.
 1 [internal function]: CodeIgniter\Debug\Exceptions->shutdownHandler()
CRITICAL - 2026-05-06 14:13:31 --> CodeIgniter\Format\Exceptions\FormatException: Failed to parse JSON string. Error: Malformed UTF-8 characters, possibly incorrectly encoded
[Method: GET, Route: api/persona/buscar-apellido]
in SYSTEMPATH\Format\JSONFormatter.php on line 47.
 1 SYSTEMPATH\Format\JSONFormatter.php(47): CodeIgniter\Format\Exceptions\FormatException::forInvalidJSON('Malformed UTF-8 characters, possibly incorrectly encoded')
 2 SYSTEMPATH\HTTP\ResponseTrait.php(252): CodeIgniter\Format\JSONFormatter->format([...])
 3 SYSTEMPATH\HTTP\ResponseTrait.php(178): CodeIgniter\HTTP\Response->formatBody([...], 'json')
 4 APPPATH\Controllers\ApiController.php(51): CodeIgniter\HTTP\Response->setJSON([...])
 5 SYSTEMPATH\CodeIgniter.php(951): App\Controllers\ApiController->buscarPersonaPorApellido()
 6 SYSTEMPATH\CodeIgniter.php(497): CodeIgniter\CodeIgniter->runController(Object(App\Controllers\ApiController))
 7 SYSTEMPATH\CodeIgniter.php(340): CodeIgniter\CodeIgniter->handleRequest(null, Object(Config\Cache), false)
 8 SYSTEMPATH\Boot.php(417): CodeIgniter\CodeIgniter->run()
 9 SYSTEMPATH\Boot.php(68): CodeIgniter\Boot::runCodeIgniter(Object(CodeIgniter\CodeIgniter))
10 FCPATH\index.php(54): CodeIgniter\Boot::bootWeb(Object(Config\Paths))
CRITICAL - 2026-05-06 14:13:31 --> ErrorException: Uncaught CodeIgniter\Format\Exceptions\FormatException: Failed to parse JSON string. Error: Malformed UTF-8 characters, possibly incorrectly encoded in C:\Users\pablo\OneDrive\Documentos\GitHub\JuseaRepository\vendor\codeigniter4\framework\system\Format\JSONFormatter.php:47
Stack trace:
#0 C:\Users\pablo\OneDrive\Documentos\GitHub\JuseaRepository\vendor\codeigniter4\framework\system\Format\JSONFormatter.php(47): CodeIgniter\Format\Exceptions\FormatException::forInvalidJSON('Malformed UTF-8...')
#1 C:\Users\pablo\OneDrive\Documentos\GitHub\JuseaRepository\vendor\codeigniter4\framework\system\API\ResponseTrait.php(352): CodeIgniter\Format\JSONFormatter->format(Array)
#2 C:\Users\pablo\OneDrive\Documentos\GitHub\JuseaRepository\vendor\codeigniter4\framework\system\API\ResponseTrait.php(111): CodeIgniter\Debug\ExceptionHandler->format(Array)
#3 C:\Users\pablo\OneDrive\Documentos\GitHub\JuseaRepository\vendor\codeigniter4\framework\system\Debug\ExceptionHandler.php(95): CodeIgniter\Debug\ExceptionHandler->respond(Array, 500)
#4 C:\Users\pablo\OneDrive\Documentos\GitHub\JuseaRepository\vendor\codeigniter4\framework\system\Debug\Exceptions.php(151): CodeIgniter\Debug\ExceptionHandler->handle(Object(CodeIgniter\Format\Exceptions\FormatException), Object(CodeIgniter\HTTP\IncomingRequest), Object(CodeIgniter\HTTP\Response), 500, 1)
#5 [internal function]: CodeIgniter\Debug\Exceptions->exceptionHandler(Object(CodeIgniter\Format\Exceptions\FormatException))
#6 {main}
  thrown
【Previous Exception】
CodeIgniter\Format\Exceptions\FormatException
Failed to parse JSON string. Error: Malformed UTF-8 characters, possibly incorrectly encoded
#0 C:\Users\pablo\OneDrive\Documentos\GitHub\JuseaRepository\vendor\codeigniter4\framework\system\Format\JSONFormatter.php(47): CodeIgniter\Format\Exceptions\FormatException::forInvalidJSON('Malformed UTF-8...')
#1 C:\Users\pablo\OneDrive\Documentos\GitHub\JuseaRepository\vendor\codeigniter4\framework\system\HTTP\ResponseTrait.php(252): CodeIgniter\Format\JSONFormatter->format(Array)
#2 C:\Users\pablo\OneDrive\Documentos\GitHub\JuseaRepository\vendor\codeigniter4\framework\system\HTTP\ResponseTrait.php(178): CodeIgniter\HTTP\Response->formatBody(Array, 'json')
#3 C:\Users\pablo\OneDrive\Documentos\GitHub\JuseaRepository\app\Controllers\ApiController.php(51): CodeIgniter\HTTP\Response->setJSON(Array)
#4 C:\Users\pablo\OneDrive\Documentos\GitHub\JuseaRepository\vendor\codeigniter4\framework\system\CodeIgniter.php(951): App\Controllers\ApiController->buscarPersonaPorApellido()
#5 C:\Users\pablo\OneDrive\Documentos\GitHub\JuseaRepository\vendor\codeigniter4\framework\system\CodeIgniter.php(497): CodeIgniter\CodeIgniter->runController(Object(App\Controllers\ApiController))
#6 C:\Users\pablo\OneDrive\Documentos\GitHub\JuseaRepository\vendor\codeigniter4\framework\system\CodeIgniter.php(340): CodeIgniter\CodeIgniter->handleRequest(NULL, Object(Config\Cache), false)
#7 C:\Users\pablo\OneDrive\Documentos\GitHub\JuseaRepository\vendor\codeigniter4\framework\system\Boot.php(417): CodeIgniter\CodeIgniter->run()
#8 C:\Users\pablo\OneDrive\Documentos\GitHub\JuseaRepository\vendor\codeigniter4\framework\system\Boot.php(68): CodeIgniter\Boot::runCodeIgniter(Object(CodeIgniter\CodeIgniter))
#9 C:\Users\pablo\OneDrive\Documentos\GitHub\JuseaRepository\public\index.php(54): CodeIgniter\Boot::bootWeb(Object(Config\Paths))
#10 {main}
[Method: GET, Route: api/persona/buscar-apellido]
in SYSTEMPATH\Format\JSONFormatter.php on line 47.
 1 [internal function]: CodeIgniter\Debug\Exceptions->shutdownHandler()
CRITICAL - 2026-05-06 14:13:32 --> CodeIgniter\Format\Exceptions\FormatException: Failed to parse JSON string. Error: Malformed UTF-8 characters, possibly incorrectly encoded
[Method: GET, Route: api/persona/buscar-apellido]
in SYSTEMPATH\Format\JSONFormatter.php on line 47.
 1 SYSTEMPATH\Format\JSONFormatter.php(47): CodeIgniter\Format\Exceptions\FormatException::forInvalidJSON('Malformed UTF-8 characters, possibly incorrectly encoded')
 2 SYSTEMPATH\HTTP\ResponseTrait.php(252): CodeIgniter\Format\JSONFormatter->format([...])
 3 SYSTEMPATH\HTTP\ResponseTrait.php(178): CodeIgniter\HTTP\Response->formatBody([...], 'json')
 4 APPPATH\Controllers\ApiController.php(51): CodeIgniter\HTTP\Response->setJSON([...])
 5 SYSTEMPATH\CodeIgniter.php(951): App\Controllers\ApiController->buscarPersonaPorApellido()
 6 SYSTEMPATH\CodeIgniter.php(497): CodeIgniter\CodeIgniter->runController(Object(App\Controllers\ApiController))
 7 SYSTEMPATH\CodeIgniter.php(340): CodeIgniter\CodeIgniter->handleRequest(null, Object(Config\Cache), false)
 8 SYSTEMPATH\Boot.php(417): CodeIgniter\CodeIgniter->run()
 9 SYSTEMPATH\Boot.php(68): CodeIgniter\Boot::runCodeIgniter(Object(CodeIgniter\CodeIgniter))
10 FCPATH\index.php(54): CodeIgniter\Boot::bootWeb(Object(Config\Paths))
CRITICAL - 2026-05-06 14:13:32 --> ErrorException: Uncaught CodeIgniter\Format\Exceptions\FormatException: Failed to parse JSON string. Error: Malformed UTF-8 characters, possibly incorrectly encoded in C:\Users\pablo\OneDrive\Documentos\GitHub\JuseaRepository\vendor\codeigniter4\framework\system\Format\JSONFormatter.php:47
Stack trace:
#0 C:\Users\pablo\OneDrive\Documentos\GitHub\JuseaRepository\vendor\codeigniter4\framework\system\Format\JSONFormatter.php(47): CodeIgniter\Format\Exceptions\FormatException::forInvalidJSON('Malformed UTF-8...')
#1 C:\Users\pablo\OneDrive\Documentos\GitHub\JuseaRepository\vendor\codeigniter4\framework\system\API\ResponseTrait.php(352): CodeIgniter\Format\JSONFormatter->format(Array)
#2 C:\Users\pablo\OneDrive\Documentos\GitHub\JuseaRepository\vendor\codeigniter4\framework\system\API\ResponseTrait.php(111): CodeIgniter\Debug\ExceptionHandler->format(Array)
#3 C:\Users\pablo\OneDrive\Documentos\GitHub\JuseaRepository\vendor\codeigniter4\framework\system\Debug\ExceptionHandler.php(95): CodeIgniter\Debug\ExceptionHandler->respond(Array, 500)
#4 C:\Users\pablo\OneDrive\Documentos\GitHub\JuseaRepository\vendor\codeigniter4\framework\system\Debug\Exceptions.php(151): CodeIgniter\Debug\ExceptionHandler->handle(Object(CodeIgniter\Format\Exceptions\FormatException), Object(CodeIgniter\HTTP\IncomingRequest), Object(CodeIgniter\HTTP\Response), 500, 1)
#5 [internal function]: CodeIgniter\Debug\Exceptions->exceptionHandler(Object(CodeIgniter\Format\Exceptions\FormatException))
#6 {main}
  thrown
【Previous Exception】
CodeIgniter\Format\Exceptions\FormatException
Failed to parse JSON string. Error: Malformed UTF-8 characters, possibly incorrectly encoded
#0 C:\Users\pablo\OneDrive\Documentos\GitHub\JuseaRepository\vendor\codeigniter4\framework\system\Format\JSONFormatter.php(47): CodeIgniter\Format\Exceptions\FormatException::forInvalidJSON('Malformed UTF-8...')
#1 C:\Users\pablo\OneDrive\Documentos\GitHub\JuseaRepository\vendor\codeigniter4\framework\system\HTTP\ResponseTrait.php(252): CodeIgniter\Format\JSONFormatter->format(Array)
#2 C:\Users\pablo\OneDrive\Documentos\GitHub\JuseaRepository\vendor\codeigniter4\framework\system\HTTP\ResponseTrait.php(178): CodeIgniter\HTTP\Response->formatBody(Array, 'json')
#3 C:\Users\pablo\OneDrive\Documentos\GitHub\JuseaRepository\app\Controllers\ApiController.php(51): CodeIgniter\HTTP\Response->setJSON(Array)
#4 C:\Users\pablo\OneDrive\Documentos\GitHub\JuseaRepository\vendor\codeigniter4\framework\system\CodeIgniter.php(951): App\Controllers\ApiController->buscarPersonaPorApellido()
#5 C:\Users\pablo\OneDrive\Documentos\GitHub\JuseaRepository\vendor\codeigniter4\framework\system\CodeIgniter.php(497): CodeIgniter\CodeIgniter->runController(Object(App\Controllers\ApiController))
#6 C:\Users\pablo\OneDrive\Documentos\GitHub\JuseaRepository\vendor\codeigniter4\framework\system\CodeIgniter.php(340): CodeIgniter\CodeIgniter->handleRequest(NULL, Object(Config\Cache), false)
#7 C:\Users\pablo\OneDrive\Documentos\GitHub\JuseaRepository\vendor\codeigniter4\framework\system\Boot.php(417): CodeIgniter\CodeIgniter->run()
#8 C:\Users\pablo\OneDrive\Documentos\GitHub\JuseaRepository\vendor\codeigniter4\framework\system\Boot.php(68): CodeIgniter\Boot::runCodeIgniter(Object(CodeIgniter\CodeIgniter))
#9 C:\Users\pablo\OneDrive\Documentos\GitHub\JuseaRepository\public\index.php(54): CodeIgniter\Boot::bootWeb(Object(Config\Paths))
#10 {main}
[Method: GET, Route: api/persona/buscar-apellido]
in SYSTEMPATH\Format\JSONFormatter.php on line 47.
 1 [internal function]: CodeIgniter\Debug\Exceptions->shutdownHandler()
CRITICAL - 2026-05-06 14:13:34 --> CodeIgniter\Format\Exceptions\FormatException: Failed to parse JSON string. Error: Malformed UTF-8 characters, possibly incorrectly encoded
[Method: GET, Route: api/persona/buscar-apellido]
in SYSTEMPATH\Format\JSONFormatter.php on line 47.
 1 SYSTEMPATH\Format\JSONFormatter.php(47): CodeIgniter\Format\Exceptions\FormatException::forInvalidJSON('Malformed UTF-8 characters, possibly incorrectly encoded')
 2 SYSTEMPATH\HTTP\ResponseTrait.php(252): CodeIgniter\Format\JSONFormatter->format([...])
 3 SYSTEMPATH\HTTP\ResponseTrait.php(178): CodeIgniter\HTTP\Response->formatBody([...], 'json')
 4 APPPATH\Controllers\ApiController.php(51): CodeIgniter\HTTP\Response->setJSON([...])
 5 SYSTEMPATH\CodeIgniter.php(951): App\Controllers\ApiController->buscarPersonaPorApellido()
 6 SYSTEMPATH\CodeIgniter.php(497): CodeIgniter\CodeIgniter->runController(Object(App\Controllers\ApiController))
 7 SYSTEMPATH\CodeIgniter.php(340): CodeIgniter\CodeIgniter->handleRequest(null, Object(Config\Cache), false)
 8 SYSTEMPATH\Boot.php(417): CodeIgniter\CodeIgniter->run()
 9 SYSTEMPATH\Boot.php(68): CodeIgniter\Boot::runCodeIgniter(Object(CodeIgniter\CodeIgniter))
10 FCPATH\index.php(54): CodeIgniter\Boot::bootWeb(Object(Config\Paths))
CRITICAL - 2026-05-06 14:13:34 --> ErrorException: Uncaught CodeIgniter\Format\Exceptions\FormatException: Failed to parse JSON string. Error: Malformed UTF-8 characters, possibly incorrectly encoded in C:\Users\pablo\OneDrive\Documentos\GitHub\JuseaRepository\vendor\codeigniter4\framework\system\Format\JSONFormatter.php:47
Stack trace:
#0 C:\Users\pablo\OneDrive\Documentos\GitHub\JuseaRepository\vendor\codeigniter4\framework\system\Format\JSONFormatter.php(47): CodeIgniter\Format\Exceptions\FormatException::forInvalidJSON('Malformed UTF-8...')
#1 C:\Users\pablo\OneDrive\Documentos\GitHub\JuseaRepository\vendor\codeigniter4\framework\system\API\ResponseTrait.php(352): CodeIgniter\Format\JSONFormatter->format(Array)
#2 C:\Users\pablo\OneDrive\Documentos\GitHub\JuseaRepository\vendor\codeigniter4\framework\system\API\ResponseTrait.php(111): CodeIgniter\Debug\ExceptionHandler->format(Array)
#3 C:\Users\pablo\OneDrive\Documentos\GitHub\JuseaRepository\vendor\codeigniter4\framework\system\Debug\ExceptionHandler.php(95): CodeIgniter\Debug\ExceptionHandler->respond(Array, 500)
#4 C:\Users\pablo\OneDrive\Documentos\GitHub\JuseaRepository\vendor\codeigniter4\framework\system\Debug\Exceptions.php(151): CodeIgniter\Debug\ExceptionHandler->handle(Object(CodeIgniter\Format\Exceptions\FormatException), Object(CodeIgniter\HTTP\IncomingRequest), Object(CodeIgniter\HTTP\Response), 500, 1)
#5 [internal function]: CodeIgniter\Debug\Exceptions->exceptionHandler(Object(CodeIgniter\Format\Exceptions\FormatException))
#6 {main}
  thrown
【Previous Exception】
CodeIgniter\Format\Exceptions\FormatException
Failed to parse JSON string. Error: Malformed UTF-8 characters, possibly incorrectly encoded
#0 C:\Users\pablo\OneDrive\Documentos\GitHub\JuseaRepository\vendor\codeigniter4\framework\system\Format\JSONFormatter.php(47): CodeIgniter\Format\Exceptions\FormatException::forInvalidJSON('Malformed UTF-8...')
#1 C:\Users\pablo\OneDrive\Documentos\GitHub\JuseaRepository\vendor\codeigniter4\framework\system\HTTP\ResponseTrait.php(252): CodeIgniter\Format\JSONFormatter->format(Array)
#2 C:\Users\pablo\OneDrive\Documentos\GitHub\JuseaRepository\vendor\codeigniter4\framework\system\HTTP\ResponseTrait.php(178): CodeIgniter\HTTP\Response->formatBody(Array, 'json')
#3 C:\Users\pablo\OneDrive\Documentos\GitHub\JuseaRepository\app\Controllers\ApiController.php(51): CodeIgniter\HTTP\Response->setJSON(Array)
#4 C:\Users\pablo\OneDrive\Documentos\GitHub\JuseaRepository\vendor\codeigniter4\framework\system\CodeIgniter.php(951): App\Controllers\ApiController->buscarPersonaPorApellido()
#5 C:\Users\pablo\OneDrive\Documentos\GitHub\JuseaRepository\vendor\codeigniter4\framework\system\CodeIgniter.php(497): CodeIgniter\CodeIgniter->runController(Object(App\Controllers\ApiController))
#6 C:\Users\pablo\OneDrive\Documentos\GitHub\JuseaRepository\vendor\codeigniter4\framework\system\CodeIgniter.php(340): CodeIgniter\CodeIgniter->handleRequest(NULL, Object(Config\Cache), false)
#7 C:\Users\pablo\OneDrive\Documentos\GitHub\JuseaRepository\vendor\codeigniter4\framework\system\Boot.php(417): CodeIgniter\CodeIgniter->run()
#8 C:\Users\pablo\OneDrive\Documentos\GitHub\JuseaRepository\vendor\codeigniter4\framework\system\Boot.php(68): CodeIgniter\Boot::runCodeIgniter(Object(CodeIgniter\CodeIgniter))
#9 C:\Users\pablo\OneDrive\Documentos\GitHub\JuseaRepository\public\index.php(54): CodeIgniter\Boot::bootWeb(Object(Config\Paths))
#10 {main}
[Method: GET, Route: api/persona/buscar-apellido]
in SYSTEMPATH\Format\JSONFormatter.php on line 47.
 1 [internal function]: CodeIgniter\Debug\Exceptions->shutdownHandler()
CRITICAL - 2026-05-06 14:13:35 --> CodeIgniter\Format\Exceptions\FormatException: Failed to parse JSON string. Error: Malformed UTF-8 characters, possibly incorrectly encoded
[Method: GET, Route: api/persona/buscar-apellido]
in SYSTEMPATH\Format\JSONFormatter.php on line 47.
 1 SYSTEMPATH\Format\JSONFormatter.php(47): CodeIgniter\Format\Exceptions\FormatException::forInvalidJSON('Malformed UTF-8 characters, possibly incorrectly encoded')
 2 SYSTEMPATH\HTTP\ResponseTrait.php(252): CodeIgniter\Format\JSONFormatter->format([...])
 3 SYSTEMPATH\HTTP\ResponseTrait.php(178): CodeIgniter\HTTP\Response->formatBody([...], 'json')
 4 APPPATH\Controllers\ApiController.php(51): CodeIgniter\HTTP\Response->setJSON([...])
 5 SYSTEMPATH\CodeIgniter.php(951): App\Controllers\ApiController->buscarPersonaPorApellido()
 6 SYSTEMPATH\CodeIgniter.php(497): CodeIgniter\CodeIgniter->runController(Object(App\Controllers\ApiController))
 7 SYSTEMPATH\CodeIgniter.php(340): CodeIgniter\CodeIgniter->handleRequest(null, Object(Config\Cache), false)
 8 SYSTEMPATH\Boot.php(417): CodeIgniter\CodeIgniter->run()
 9 SYSTEMPATH\Boot.php(68): CodeIgniter\Boot::runCodeIgniter(Object(CodeIgniter\CodeIgniter))
10 FCPATH\index.php(54): CodeIgniter\Boot::bootWeb(Object(Config\Paths))
CRITICAL - 2026-05-06 14:13:35 --> ErrorException: Uncaught CodeIgniter\Format\Exceptions\FormatException: Failed to parse JSON string. Error: Malformed UTF-8 characters, possibly incorrectly encoded in C:\Users\pablo\OneDrive\Documentos\GitHub\JuseaRepository\vendor\codeigniter4\framework\system\Format\JSONFormatter.php:47
Stack trace:
#0 C:\Users\pablo\OneDrive\Documentos\GitHub\JuseaRepository\vendor\codeigniter4\framework\system\Format\JSONFormatter.php(47): CodeIgniter\Format\Exceptions\FormatException::forInvalidJSON('Malformed UTF-8...')
#1 C:\Users\pablo\OneDrive\Documentos\GitHub\JuseaRepository\vendor\codeigniter4\framework\system\API\ResponseTrait.php(352): CodeIgniter\Format\JSONFormatter->format(Array)
#2 C:\Users\pablo\OneDrive\Documentos\GitHub\JuseaRepository\vendor\codeigniter4\framework\system\API\ResponseTrait.php(111): CodeIgniter\Debug\ExceptionHandler->format(Array)
#3 C:\Users\pablo\OneDrive\Documentos\GitHub\JuseaRepository\vendor\codeigniter4\framework\system\Debug\ExceptionHandler.php(95): CodeIgniter\Debug\ExceptionHandler->respond(Array, 500)
#4 C:\Users\pablo\OneDrive\Documentos\GitHub\JuseaRepository\vendor\codeigniter4\framework\system\Debug\Exceptions.php(151): CodeIgniter\Debug\ExceptionHandler->handle(Object(CodeIgniter\Format\Exceptions\FormatException), Object(CodeIgniter\HTTP\IncomingRequest), Object(CodeIgniter\HTTP\Response), 500, 1)
#5 [internal function]: CodeIgniter\Debug\Exceptions->exceptionHandler(Object(CodeIgniter\Format\Exceptions\FormatException))
#6 {main}
  thrown
【Previous Exception】
CodeIgniter\Format\Exceptions\FormatException
Failed to parse JSON string. Error: Malformed UTF-8 characters, possibly incorrectly encoded
#0 C:\Users\pablo\OneDrive\Documentos\GitHub\JuseaRepository\vendor\codeigniter4\framework\system\Format\JSONFormatter.php(47): CodeIgniter\Format\Exceptions\FormatException::forInvalidJSON('Malformed UTF-8...')
#1 C:\Users\pablo\OneDrive\Documentos\GitHub\JuseaRepository\vendor\codeigniter4\framework\system\HTTP\ResponseTrait.php(252): CodeIgniter\Format\JSONFormatter->format(Array)
#2 C:\Users\pablo\OneDrive\Documentos\GitHub\JuseaRepository\vendor\codeigniter4\framework\system\HTTP\ResponseTrait.php(178): CodeIgniter\HTTP\Response->formatBody(Array, 'json')
#3 C:\Users\pablo\OneDrive\Documentos\GitHub\JuseaRepository\app\Controllers\ApiController.php(51): CodeIgniter\HTTP\Response->setJSON(Array)
#4 C:\Users\pablo\OneDrive\Documentos\GitHub\JuseaRepository\vendor\codeigniter4\framework\system\CodeIgniter.php(951): App\Controllers\ApiController->buscarPersonaPorApellido()
#5 C:\Users\pablo\OneDrive\Documentos\GitHub\JuseaRepository\vendor\codeigniter4\framework\system\CodeIgniter.php(497): CodeIgniter\CodeIgniter->runController(Object(App\Controllers\ApiController))
#6 C:\Users\pablo\OneDrive\Documentos\GitHub\JuseaRepository\vendor\codeigniter4\framework\system\CodeIgniter.php(340): CodeIgniter\CodeIgniter->handleRequest(NULL, Object(Config\Cache), false)
#7 C:\Users\pablo\OneDrive\Documentos\GitHub\JuseaRepository\vendor\codeigniter4\framework\system\Boot.php(417): CodeIgniter\CodeIgniter->run()
#8 C:\Users\pablo\OneDrive\Documentos\GitHub\JuseaRepository\vendor\codeigniter4\framework\system\Boot.php(68): CodeIgniter\Boot::runCodeIgniter(Object(CodeIgniter\CodeIgniter))
#9 C:\Users\pablo\OneDrive\Documentos\GitHub\JuseaRepository\public\index.php(54): CodeIgniter\Boot::bootWeb(Object(Config\Paths))
#10 {main}
[Method: GET, Route: api/persona/buscar-apellido]
in SYSTEMPATH\Format\JSONFormatter.php on line 47.
 1 [internal function]: CodeIgniter\Debug\Exceptions->shutdownHandler()
CRITICAL - 2026-05-06 14:14:05 --> CodeIgniter\Format\Exceptions\FormatException: Failed to parse JSON string. Error: Malformed UTF-8 characters, possibly incorrectly encoded
[Method: GET, Route: api/persona/buscar-apellido]
in SYSTEMPATH\Format\JSONFormatter.php on line 47.
 1 SYSTEMPATH\Format\JSONFormatter.php(47): CodeIgniter\Format\Exceptions\FormatException::forInvalidJSON('Malformed UTF-8 characters, possibly incorrectly encoded')
 2 SYSTEMPATH\HTTP\ResponseTrait.php(252): CodeIgniter\Format\JSONFormatter->format([...])
 3 SYSTEMPATH\HTTP\ResponseTrait.php(178): CodeIgniter\HTTP\Response->formatBody([...], 'json')
 4 APPPATH\Controllers\ApiController.php(51): CodeIgniter\HTTP\Response->setJSON([...])
 5 SYSTEMPATH\CodeIgniter.php(951): App\Controllers\ApiController->buscarPersonaPorApellido()
 6 SYSTEMPATH\CodeIgniter.php(497): CodeIgniter\CodeIgniter->runController(Object(App\Controllers\ApiController))
 7 SYSTEMPATH\CodeIgniter.php(340): CodeIgniter\CodeIgniter->handleRequest(null, Object(Config\Cache), false)
 8 SYSTEMPATH\Boot.php(417): CodeIgniter\CodeIgniter->run()
 9 SYSTEMPATH\Boot.php(68): CodeIgniter\Boot::runCodeIgniter(Object(CodeIgniter\CodeIgniter))
10 FCPATH\index.php(54): CodeIgniter\Boot::bootWeb(Object(Config\Paths))
CRITICAL - 2026-05-06 14:14:05 --> ErrorException: Uncaught CodeIgniter\Format\Exceptions\FormatException: Failed to parse JSON string. Error: Malformed UTF-8 characters, possibly incorrectly encoded in C:\Users\pablo\OneDrive\Documentos\GitHub\JuseaRepository\vendor\codeigniter4\framework\system\Format\JSONFormatter.php:47
Stack trace:
#0 C:\Users\pablo\OneDrive\Documentos\GitHub\JuseaRepository\vendor\codeigniter4\framework\system\Format\JSONFormatter.php(47): CodeIgniter\Format\Exceptions\FormatException::forInvalidJSON('Malformed UTF-8...')
#1 C:\Users\pablo\OneDrive\Documentos\GitHub\JuseaRepository\vendor\codeigniter4\framework\system\API\ResponseTrait.php(352): CodeIgniter\Format\JSONFormatter->format(Array)
#2 C:\Users\pablo\OneDrive\Documentos\GitHub\JuseaRepository\vendor\codeigniter4\framework\system\API\ResponseTrait.php(111): CodeIgniter\Debug\ExceptionHandler->format(Array)
#3 C:\Users\pablo\OneDrive\Documentos\GitHub\JuseaRepository\vendor\codeigniter4\framework\system\Debug\ExceptionHandler.php(95): CodeIgniter\Debug\ExceptionHandler->respond(Array, 500)
#4 C:\Users\pablo\OneDrive\Documentos\GitHub\JuseaRepository\vendor\codeigniter4\framework\system\Debug\Exceptions.php(151): CodeIgniter\Debug\ExceptionHandler->handle(Object(CodeIgniter\Format\Exceptions\FormatException), Object(CodeIgniter\HTTP\IncomingRequest), Object(CodeIgniter\HTTP\Response), 500, 1)
#5 [internal function]: CodeIgniter\Debug\Exceptions->exceptionHandler(Object(CodeIgniter\Format\Exceptions\FormatException))
#6 {main}
  thrown
【Previous Exception】
CodeIgniter\Format\Exceptions\FormatException
Failed to parse JSON string. Error: Malformed UTF-8 characters, possibly incorrectly encoded
#0 C:\Users\pablo\OneDrive\Documentos\GitHub\JuseaRepository\vendor\codeigniter4\framework\system\Format\JSONFormatter.php(47): CodeIgniter\Format\Exceptions\FormatException::forInvalidJSON('Malformed UTF-8...')
#1 C:\Users\pablo\OneDrive\Documentos\GitHub\JuseaRepository\vendor\codeigniter4\framework\system\HTTP\ResponseTrait.php(252): CodeIgniter\Format\JSONFormatter->format(Array)
#2 C:\Users\pablo\OneDrive\Documentos\GitHub\JuseaRepository\vendor\codeigniter4\framework\system\HTTP\ResponseTrait.php(178): CodeIgniter\HTTP\Response->formatBody(Array, 'json')
#3 C:\Users\pablo\OneDrive\Documentos\GitHub\JuseaRepository\app\Controllers\ApiController.php(51): CodeIgniter\HTTP\Response->setJSON(Array)
#4 C:\Users\pablo\OneDrive\Documentos\GitHub\JuseaRepository\vendor\codeigniter4\framework\system\CodeIgniter.php(951): App\Controllers\ApiController->buscarPersonaPorApellido()
#5 C:\Users\pablo\OneDrive\Documentos\GitHub\JuseaRepository\vendor\codeigniter4\framework\system\CodeIgniter.php(497): CodeIgniter\CodeIgniter->runController(Object(App\Controllers\ApiController))
#6 C:\Users\pablo\OneDrive\Documentos\GitHub\JuseaRepository\vendor\codeigniter4\framework\system\CodeIgniter.php(340): CodeIgniter\CodeIgniter->handleRequest(NULL, Object(Config\Cache), false)
#7 C:\Users\pablo\OneDrive\Documentos\GitHub\JuseaRepository\vendor\codeigniter4\framework\system\Boot.php(417): CodeIgniter\CodeIgniter->run()
#8 C:\Users\pablo\OneDrive\Documentos\GitHub\JuseaRepository\vendor\codeigniter4\framework\system\Boot.php(68): CodeIgniter\Boot::runCodeIgniter(Object(CodeIgniter\CodeIgniter))
#9 C:\Users\pablo\OneDrive\Documentos\GitHub\JuseaRepository\public\index.php(54): CodeIgniter\Boot::bootWeb(Object(Config\Paths))
#10 {main}
[Method: GET, Route: api/persona/buscar-apellido]
in SYSTEMPATH\Format\JSONFormatter.php on line 47.
 1 [internal function]: CodeIgniter\Debug\Exceptions->shutdownHandler()
CRITICAL - 2026-05-06 14:14:06 --> CodeIgniter\Format\Exceptions\FormatException: Failed to parse JSON string. Error: Malformed UTF-8 characters, possibly incorrectly encoded
[Method: GET, Route: api/persona/buscar-apellido]
in SYSTEMPATH\Format\JSONFormatter.php on line 47.
 1 SYSTEMPATH\Format\JSONFormatter.php(47): CodeIgniter\Format\Exceptions\FormatException::forInvalidJSON('Malformed UTF-8 characters, possibly incorrectly encoded')
 2 SYSTEMPATH\HTTP\ResponseTrait.php(252): CodeIgniter\Format\JSONFormatter->format([...])
 3 SYSTEMPATH\HTTP\ResponseTrait.php(178): CodeIgniter\HTTP\Response->formatBody([...], 'json')
 4 APPPATH\Controllers\ApiController.php(51): CodeIgniter\HTTP\Response->setJSON([...])
 5 SYSTEMPATH\CodeIgniter.php(951): App\Controllers\ApiController->buscarPersonaPorApellido()
 6 SYSTEMPATH\CodeIgniter.php(497): CodeIgniter\CodeIgniter->runController(Object(App\Controllers\ApiController))
 7 SYSTEMPATH\CodeIgniter.php(340): CodeIgniter\CodeIgniter->handleRequest(null, Object(Config\Cache), false)
 8 SYSTEMPATH\Boot.php(417): CodeIgniter\CodeIgniter->run()
 9 SYSTEMPATH\Boot.php(68): CodeIgniter\Boot::runCodeIgniter(Object(CodeIgniter\CodeIgniter))
10 FCPATH\index.php(54): CodeIgniter\Boot::bootWeb(Object(Config\Paths))
CRITICAL - 2026-05-06 14:14:06 --> ErrorException: Uncaught CodeIgniter\Format\Exceptions\FormatException: Failed to parse JSON string. Error: Malformed UTF-8 characters, possibly incorrectly encoded in C:\Users\pablo\OneDrive\Documentos\GitHub\JuseaRepository\vendor\codeigniter4\framework\system\Format\JSONFormatter.php:47
Stack trace:
#0 C:\Users\pablo\OneDrive\Documentos\GitHub\JuseaRepository\vendor\codeigniter4\framework\system\Format\JSONFormatter.php(47): CodeIgniter\Format\Exceptions\FormatException::forInvalidJSON('Malformed UTF-8...')
#1 C:\Users\pablo\OneDrive\Documentos\GitHub\JuseaRepository\vendor\codeigniter4\framework\system\API\ResponseTrait.php(352): CodeIgniter\Format\JSONFormatter->format(Array)
#2 C:\Users\pablo\OneDrive\Documentos\GitHub\JuseaRepository\vendor\codeigniter4\framework\system\API\ResponseTrait.php(111): CodeIgniter\Debug\ExceptionHandler->format(Array)
#3 C:\Users\pablo\OneDrive\Documentos\GitHub\JuseaRepository\vendor\codeigniter4\framework\system\Debug\ExceptionHandler.php(95): CodeIgniter\Debug\ExceptionHandler->respond(Array, 500)
#4 C:\Users\pablo\OneDrive\Documentos\GitHub\JuseaRepository\vendor\codeigniter4\framework\system\Debug\Exceptions.php(151): CodeIgniter\Debug\ExceptionHandler->handle(Object(CodeIgniter\Format\Exceptions\FormatException), Object(CodeIgniter\HTTP\IncomingRequest), Object(CodeIgniter\HTTP\Response), 500, 1)
#5 [internal function]: CodeIgniter\Debug\Exceptions->exceptionHandler(Object(CodeIgniter\Format\Exceptions\FormatException))
#6 {main}
  thrown
【Previous Exception】
CodeIgniter\Format\Exceptions\FormatException
Failed to parse JSON string. Error: Malformed UTF-8 characters, possibly incorrectly encoded
#0 C:\Users\pablo\OneDrive\Documentos\GitHub\JuseaRepository\vendor\codeigniter4\framework\system\Format\JSONFormatter.php(47): CodeIgniter\Format\Exceptions\FormatException::forInvalidJSON('Malformed UTF-8...')
#1 C:\Users\pablo\OneDrive\Documentos\GitHub\JuseaRepository\vendor\codeigniter4\framework\system\HTTP\ResponseTrait.php(252): CodeIgniter\Format\JSONFormatter->format(Array)
#2 C:\Users\pablo\OneDrive\Documentos\GitHub\JuseaRepository\vendor\codeigniter4\framework\system\HTTP\ResponseTrait.php(178): CodeIgniter\HTTP\Response->formatBody(Array, 'json')
#3 C:\Users\pablo\OneDrive\Documentos\GitHub\JuseaRepository\app\Controllers\ApiController.php(51): CodeIgniter\HTTP\Response->setJSON(Array)
#4 C:\Users\pablo\OneDrive\Documentos\GitHub\JuseaRepository\vendor\codeigniter4\framework\system\CodeIgniter.php(951): App\Controllers\ApiController->buscarPersonaPorApellido()
#5 C:\Users\pablo\OneDrive\Documentos\GitHub\JuseaRepository\vendor\codeigniter4\framework\system\CodeIgniter.php(497): CodeIgniter\CodeIgniter->runController(Object(App\Controllers\ApiController))
#6 C:\Users\pablo\OneDrive\Documentos\GitHub\JuseaRepository\vendor\codeigniter4\framework\system\CodeIgniter.php(340): CodeIgniter\CodeIgniter->handleRequest(NULL, Object(Config\Cache), false)
#7 C:\Users\pablo\OneDrive\Documentos\GitHub\JuseaRepository\vendor\codeigniter4\framework\system\Boot.php(417): CodeIgniter\CodeIgniter->run()
#8 C:\Users\pablo\OneDrive\Documentos\GitHub\JuseaRepository\vendor\codeigniter4\framework\system\Boot.php(68): CodeIgniter\Boot::runCodeIgniter(Object(CodeIgniter\CodeIgniter))
#9 C:\Users\pablo\OneDrive\Documentos\GitHub\JuseaRepository\public\index.php(54): CodeIgniter\Boot::bootWeb(Object(Config\Paths))
#10 {main}
[Method: GET, Route: api/persona/buscar-apellido]
in SYSTEMPATH\Format\JSONFormatter.php on line 47.
 1 [internal function]: CodeIgniter\Debug\Exceptions->shutdownHandler()
CRITICAL - 2026-05-06 14:14:06 --> CodeIgniter\Format\Exceptions\FormatException: Failed to parse JSON string. Error: Malformed UTF-8 characters, possibly incorrectly encoded
[Method: GET, Route: api/persona/buscar-apellido]
in SYSTEMPATH\Format\JSONFormatter.php on line 47.
 1 SYSTEMPATH\Format\JSONFormatter.php(47): CodeIgniter\Format\Exceptions\FormatException::forInvalidJSON('Malformed UTF-8 characters, possibly incorrectly encoded')
 2 SYSTEMPATH\HTTP\ResponseTrait.php(252): CodeIgniter\Format\JSONFormatter->format([...])
 3 SYSTEMPATH\HTTP\ResponseTrait.php(178): CodeIgniter\HTTP\Response->formatBody([...], 'json')
 4 APPPATH\Controllers\ApiController.php(51): CodeIgniter\HTTP\Response->setJSON([...])
 5 SYSTEMPATH\CodeIgniter.php(951): App\Controllers\ApiController->buscarPersonaPorApellido()
 6 SYSTEMPATH\CodeIgniter.php(497): CodeIgniter\CodeIgniter->runController(Object(App\Controllers\ApiController))
 7 SYSTEMPATH\CodeIgniter.php(340): CodeIgniter\CodeIgniter->handleRequest(null, Object(Config\Cache), false)
 8 SYSTEMPATH\Boot.php(417): CodeIgniter\CodeIgniter->run()
 9 SYSTEMPATH\Boot.php(68): CodeIgniter\Boot::runCodeIgniter(Object(CodeIgniter\CodeIgniter))
10 FCPATH\index.php(54): CodeIgniter\Boot::bootWeb(Object(Config\Paths))
CRITICAL - 2026-05-06 14:14:06 --> ErrorException: Uncaught CodeIgniter\Format\Exceptions\FormatException: Failed to parse JSON string. Error: Malformed UTF-8 characters, possibly incorrectly encoded in C:\Users\pablo\OneDrive\Documentos\GitHub\JuseaRepository\vendor\codeigniter4\framework\system\Format\JSONFormatter.php:47
Stack trace:
#0 C:\Users\pablo\OneDrive\Documentos\GitHub\JuseaRepository\vendor\codeigniter4\framework\system\Format\JSONFormatter.php(47): CodeIgniter\Format\Exceptions\FormatException::forInvalidJSON('Malformed UTF-8...')
#1 C:\Users\pablo\OneDrive\Documentos\GitHub\JuseaRepository\vendor\codeigniter4\framework\system\API\ResponseTrait.php(352): CodeIgniter\Format\JSONFormatter->format(Array)
#2 C:\Users\pablo\OneDrive\Documentos\GitHub\JuseaRepository\vendor\codeigniter4\framework\system\API\ResponseTrait.php(111): CodeIgniter\Debug\ExceptionHandler->format(Array)
#3 C:\Users\pablo\OneDrive\Documentos\GitHub\JuseaRepository\vendor\codeigniter4\framework\system\Debug\ExceptionHandler.php(95): CodeIgniter\Debug\ExceptionHandler->respond(Array, 500)
#4 C:\Users\pablo\OneDrive\Documentos\GitHub\JuseaRepository\vendor\codeigniter4\framework\system\Debug\Exceptions.php(151): CodeIgniter\Debug\ExceptionHandler->handle(Object(CodeIgniter\Format\Exceptions\FormatException), Object(CodeIgniter\HTTP\IncomingRequest), Object(CodeIgniter\HTTP\Response), 500, 1)
#5 [internal function]: CodeIgniter\Debug\Exceptions->exceptionHandler(Object(CodeIgniter\Format\Exceptions\FormatException))
#6 {main}
  thrown
【Previous Exception】
CodeIgniter\Format\Exceptions\FormatException
Failed to parse JSON string. Error: Malformed UTF-8 characters, possibly incorrectly encoded
#0 C:\Users\pablo\OneDrive\Documentos\GitHub\JuseaRepository\vendor\codeigniter4\framework\system\Format\JSONFormatter.php(47): CodeIgniter\Format\Exceptions\FormatException::forInvalidJSON('Malformed UTF-8...')
#1 C:\Users\pablo\OneDrive\Documentos\GitHub\JuseaRepository\vendor\codeigniter4\framework\system\HTTP\ResponseTrait.php(252): CodeIgniter\Format\JSONFormatter->format(Array)
#2 C:\Users\pablo\OneDrive\Documentos\GitHub\JuseaRepository\vendor\codeigniter4\framework\system\HTTP\ResponseTrait.php(178): CodeIgniter\HTTP\Response->formatBody(Array, 'json')
#3 C:\Users\pablo\OneDrive\Documentos\GitHub\JuseaRepository\app\Controllers\ApiController.php(51): CodeIgniter\HTTP\Response->setJSON(Array)
#4 C:\Users\pablo\OneDrive\Documentos\GitHub\JuseaRepository\vendor\codeigniter4\framework\system\CodeIgniter.php(951): App\Controllers\ApiController->buscarPersonaPorApellido()
#5 C:\Users\pablo\OneDrive\Documentos\GitHub\JuseaRepository\vendor\codeigniter4\framework\system\CodeIgniter.php(497): CodeIgniter\CodeIgniter->runController(Object(App\Controllers\ApiController))
#6 C:\Users\pablo\OneDrive\Documentos\GitHub\JuseaRepository\vendor\codeigniter4\framework\system\CodeIgniter.php(340): CodeIgniter\CodeIgniter->handleRequest(NULL, Object(Config\Cache), false)
#7 C:\Users\pablo\OneDrive\Documentos\GitHub\JuseaRepository\vendor\codeigniter4\framework\system\Boot.php(417): CodeIgniter\CodeIgniter->run()
#8 C:\Users\pablo\OneDrive\Documentos\GitHub\JuseaRepository\vendor\codeigniter4\framework\system\Boot.php(68): CodeIgniter\Boot::runCodeIgniter(Object(CodeIgniter\CodeIgniter))
#9 C:\Users\pablo\OneDrive\Documentos\GitHub\JuseaRepository\public\index.php(54): CodeIgniter\Boot::bootWeb(Object(Config\Paths))
#10 {main}
[Method: GET, Route: api/persona/buscar-apellido]
in SYSTEMPATH\Format\JSONFormatter.php on line 47.
 1 [internal function]: CodeIgniter\Debug\Exceptions->shutdownHandler()
CRITICAL - 2026-05-06 14:19:25 --> CodeIgniter\Format\Exceptions\FormatException: Failed to parse JSON string. Error: Malformed UTF-8 characters, possibly incorrectly encoded
[Method: GET, Route: api/persona/buscar-apellido]
in SYSTEMPATH\Format\JSONFormatter.php on line 47.
 1 SYSTEMPATH\Format\JSONFormatter.php(47): CodeIgniter\Format\Exceptions\FormatException::forInvalidJSON('Malformed UTF-8 characters, possibly incorrectly encoded')
 2 SYSTEMPATH\HTTP\ResponseTrait.php(252): CodeIgniter\Format\JSONFormatter->format([...])
 3 SYSTEMPATH\HTTP\ResponseTrait.php(178): CodeIgniter\HTTP\Response->formatBody([...], 'json')
 4 APPPATH\Controllers\ApiController.php(51): CodeIgniter\HTTP\Response->setJSON([...])
 5 SYSTEMPATH\CodeIgniter.php(951): App\Controllers\ApiController->buscarPersonaPorApellido()
 6 SYSTEMPATH\CodeIgniter.php(497): CodeIgniter\CodeIgniter->runController(Object(App\Controllers\ApiController))
 7 SYSTEMPATH\CodeIgniter.php(340): CodeIgniter\CodeIgniter->handleRequest(null, Object(Config\Cache), false)
 8 SYSTEMPATH\Boot.php(417): CodeIgniter\CodeIgniter->run()
 9 SYSTEMPATH\Boot.php(68): CodeIgniter\Boot::runCodeIgniter(Object(CodeIgniter\CodeIgniter))
10 FCPATH\index.php(54): CodeIgniter\Boot::bootWeb(Object(Config\Paths))
CRITICAL - 2026-05-06 14:19:25 --> ErrorException: Uncaught CodeIgniter\Format\Exceptions\FormatException: Failed to parse JSON string. Error: Malformed UTF-8 characters, possibly incorrectly encoded in C:\Users\pablo\OneDrive\Documentos\GitHub\JuseaRepository\vendor\codeigniter4\framework\system\Format\JSONFormatter.php:47
Stack trace:
#0 C:\Users\pablo\OneDrive\Documentos\GitHub\JuseaRepository\vendor\codeigniter4\framework\system\Format\JSONFormatter.php(47): CodeIgniter\Format\Exceptions\FormatException::forInvalidJSON('Malformed UTF-8...')
#1 C:\Users\pablo\OneDrive\Documentos\GitHub\JuseaRepository\vendor\codeigniter4\framework\system\API\ResponseTrait.php(352): CodeIgniter\Format\JSONFormatter->format(Array)
#2 C:\Users\pablo\OneDrive\Documentos\GitHub\JuseaRepository\vendor\codeigniter4\framework\system\API\ResponseTrait.php(111): CodeIgniter\Debug\ExceptionHandler->format(Array)
#3 C:\Users\pablo\OneDrive\Documentos\GitHub\JuseaRepository\vendor\codeigniter4\framework\system\Debug\ExceptionHandler.php(95): CodeIgniter\Debug\ExceptionHandler->respond(Array, 500)
#4 C:\Users\pablo\OneDrive\Documentos\GitHub\JuseaRepository\vendor\codeigniter4\framework\system\Debug\Exceptions.php(151): CodeIgniter\Debug\ExceptionHandler->handle(Object(CodeIgniter\Format\Exceptions\FormatException), Object(CodeIgniter\HTTP\IncomingRequest), Object(CodeIgniter\HTTP\Response), 500, 1)
#5 [internal function]: CodeIgniter\Debug\Exceptions->exceptionHandler(Object(CodeIgniter\Format\Exceptions\FormatException))
#6 {main}
  thrown
【Previous Exception】
CodeIgniter\Format\Exceptions\FormatException
Failed to parse JSON string. Error: Malformed UTF-8 characters, possibly incorrectly encoded
#0 C:\Users\pablo\OneDrive\Documentos\GitHub\JuseaRepository\vendor\codeigniter4\framework\system\Format\JSONFormatter.php(47): CodeIgniter\Format\Exceptions\FormatException::forInvalidJSON('Malformed UTF-8...')
#1 C:\Users\pablo\OneDrive\Documentos\GitHub\JuseaRepository\vendor\codeigniter4\framework\system\HTTP\ResponseTrait.php(252): CodeIgniter\Format\JSONFormatter->format(Array)
#2 C:\Users\pablo\OneDrive\Documentos\GitHub\JuseaRepository\vendor\codeigniter4\framework\system\HTTP\ResponseTrait.php(178): CodeIgniter\HTTP\Response->formatBody(Array, 'json')
#3 C:\Users\pablo\OneDrive\Documentos\GitHub\JuseaRepository\app\Controllers\ApiController.php(51): CodeIgniter\HTTP\Response->setJSON(Array)
#4 C:\Users\pablo\OneDrive\Documentos\GitHub\JuseaRepository\vendor\codeigniter4\framework\system\CodeIgniter.php(951): App\Controllers\ApiController->buscarPersonaPorApellido()
#5 C:\Users\pablo\OneDrive\Documentos\GitHub\JuseaRepository\vendor\codeigniter4\framework\system\CodeIgniter.php(497): CodeIgniter\CodeIgniter->runController(Object(App\Controllers\ApiController))
#6 C:\Users\pablo\OneDrive\Documentos\GitHub\JuseaRepository\vendor\codeigniter4\framework\system\CodeIgniter.php(340): CodeIgniter\CodeIgniter->handleRequest(NULL, Object(Config\Cache), false)
#7 C:\Users\pablo\OneDrive\Documentos\GitHub\JuseaRepository\vendor\codeigniter4\framework\system\Boot.php(417): CodeIgniter\CodeIgniter->run()
#8 C:\Users\pablo\OneDrive\Documentos\GitHub\JuseaRepository\vendor\codeigniter4\framework\system\Boot.php(68): CodeIgniter\Boot::runCodeIgniter(Object(CodeIgniter\CodeIgniter))
#9 C:\Users\pablo\OneDrive\Documentos\GitHub\JuseaRepository\public\index.php(54): CodeIgniter\Boot::bootWeb(Object(Config\Paths))
#10 {main}
[Method: GET, Route: api/persona/buscar-apellido]
in SYSTEMPATH\Format\JSONFormatter.php on line 47.
 1 [internal function]: CodeIgniter\Debug\Exceptions->shutdownHandler()
CRITICAL - 2026-05-06 14:19:25 --> CodeIgniter\Format\Exceptions\FormatException: Failed to parse JSON string. Error: Malformed UTF-8 characters, possibly incorrectly encoded
[Method: GET, Route: api/persona/buscar-apellido]
in SYSTEMPATH\Format\JSONFormatter.php on line 47.
 1 SYSTEMPATH\Format\JSONFormatter.php(47): CodeIgniter\Format\Exceptions\FormatException::forInvalidJSON('Malformed UTF-8 characters, possibly incorrectly encoded')
 2 SYSTEMPATH\HTTP\ResponseTrait.php(252): CodeIgniter\Format\JSONFormatter->format([...])
 3 SYSTEMPATH\HTTP\ResponseTrait.php(178): CodeIgniter\HTTP\Response->formatBody([...], 'json')
 4 APPPATH\Controllers\ApiController.php(51): CodeIgniter\HTTP\Response->setJSON([...])
 5 SYSTEMPATH\CodeIgniter.php(951): App\Controllers\ApiController->buscarPersonaPorApellido()
 6 SYSTEMPATH\CodeIgniter.php(497): CodeIgniter\CodeIgniter->runController(Object(App\Controllers\ApiController))
 7 SYSTEMPATH\CodeIgniter.php(340): CodeIgniter\CodeIgniter->handleRequest(null, Object(Config\Cache), false)
 8 SYSTEMPATH\Boot.php(417): CodeIgniter\CodeIgniter->run()
 9 SYSTEMPATH\Boot.php(68): CodeIgniter\Boot::runCodeIgniter(Object(CodeIgniter\CodeIgniter))
10 FCPATH\index.php(54): CodeIgniter\Boot::bootWeb(Object(Config\Paths))
CRITICAL - 2026-05-06 14:19:25 --> ErrorException: Uncaught CodeIgniter\Format\Exceptions\FormatException: Failed to parse JSON string. Error: Malformed UTF-8 characters, possibly incorrectly encoded in C:\Users\pablo\OneDrive\Documentos\GitHub\JuseaRepository\vendor\codeigniter4\framework\system\Format\JSONFormatter.php:47
Stack trace:
#0 C:\Users\pablo\OneDrive\Documentos\GitHub\JuseaRepository\vendor\codeigniter4\framework\system\Format\JSONFormatter.php(47): CodeIgniter\Format\Exceptions\FormatException::forInvalidJSON('Malformed UTF-8...')
#1 C:\Users\pablo\OneDrive\Documentos\GitHub\JuseaRepository\vendor\codeigniter4\framework\system\API\ResponseTrait.php(352): CodeIgniter\Format\JSONFormatter->format(Array)
#2 C:\Users\pablo\OneDrive\Documentos\GitHub\JuseaRepository\vendor\codeigniter4\framework\system\API\ResponseTrait.php(111): CodeIgniter\Debug\ExceptionHandler->format(Array)
#3 C:\Users\pablo\OneDrive\Documentos\GitHub\JuseaRepository\vendor\codeigniter4\framework\system\Debug\ExceptionHandler.php(95): CodeIgniter\Debug\ExceptionHandler->respond(Array, 500)
#4 C:\Users\pablo\OneDrive\Documentos\GitHub\JuseaRepository\vendor\codeigniter4\framework\system\Debug\Exceptions.php(151): CodeIgniter\Debug\ExceptionHandler->handle(Object(CodeIgniter\Format\Exceptions\FormatException), Object(CodeIgniter\HTTP\IncomingRequest), Object(CodeIgniter\HTTP\Response), 500, 1)
#5 [internal function]: CodeIgniter\Debug\Exceptions->exceptionHandler(Object(CodeIgniter\Format\Exceptions\FormatException))
#6 {main}
  thrown
【Previous Exception】
CodeIgniter\Format\Exceptions\FormatException
Failed to parse JSON string. Error: Malformed UTF-8 characters, possibly incorrectly encoded
#0 C:\Users\pablo\OneDrive\Documentos\GitHub\JuseaRepository\vendor\codeigniter4\framework\system\Format\JSONFormatter.php(47): CodeIgniter\Format\Exceptions\FormatException::forInvalidJSON('Malformed UTF-8...')
#1 C:\Users\pablo\OneDrive\Documentos\GitHub\JuseaRepository\vendor\codeigniter4\framework\system\HTTP\ResponseTrait.php(252): CodeIgniter\Format\JSONFormatter->format(Array)
#2 C:\Users\pablo\OneDrive\Documentos\GitHub\JuseaRepository\vendor\codeigniter4\framework\system\HTTP\ResponseTrait.php(178): CodeIgniter\HTTP\Response->formatBody(Array, 'json')
#3 C:\Users\pablo\OneDrive\Documentos\GitHub\JuseaRepository\app\Controllers\ApiController.php(51): CodeIgniter\HTTP\Response->setJSON(Array)
#4 C:\Users\pablo\OneDrive\Documentos\GitHub\JuseaRepository\vendor\codeigniter4\framework\system\CodeIgniter.php(951): App\Controllers\ApiController->buscarPersonaPorApellido()
#5 C:\Users\pablo\OneDrive\Documentos\GitHub\JuseaRepository\vendor\codeigniter4\framework\system\CodeIgniter.php(497): CodeIgniter\CodeIgniter->runController(Object(App\Controllers\ApiController))
#6 C:\Users\pablo\OneDrive\Documentos\GitHub\JuseaRepository\vendor\codeigniter4\framework\system\CodeIgniter.php(340): CodeIgniter\CodeIgniter->handleRequest(NULL, Object(Config\Cache), false)
#7 C:\Users\pablo\OneDrive\Documentos\GitHub\JuseaRepository\vendor\codeigniter4\framework\system\Boot.php(417): CodeIgniter\CodeIgniter->run()
#8 C:\Users\pablo\OneDrive\Documentos\GitHub\JuseaRepository\vendor\codeigniter4\framework\system\Boot.php(68): CodeIgniter\Boot::runCodeIgniter(Object(CodeIgniter\CodeIgniter))
#9 C:\Users\pablo\OneDrive\Documentos\GitHub\JuseaRepository\public\index.php(54): CodeIgniter\Boot::bootWeb(Object(Config\Paths))
#10 {main}
[Method: GET, Route: api/persona/buscar-apellido]
in SYSTEMPATH\Format\JSONFormatter.php on line 47.
 1 [internal function]: CodeIgniter\Debug\Exceptions->shutdownHandler()
CRITICAL - 2026-05-06 14:19:25 --> CodeIgniter\Format\Exceptions\FormatException: Failed to parse JSON string. Error: Malformed UTF-8 characters, possibly incorrectly encoded
[Method: GET, Route: api/persona/buscar-apellido]
in SYSTEMPATH\Format\JSONFormatter.php on line 47.
 1 SYSTEMPATH\Format\JSONFormatter.php(47): CodeIgniter\Format\Exceptions\FormatException::forInvalidJSON('Malformed UTF-8 characters, possibly incorrectly encoded')
 2 SYSTEMPATH\HTTP\ResponseTrait.php(252): CodeIgniter\Format\JSONFormatter->format([...])
 3 SYSTEMPATH\HTTP\ResponseTrait.php(178): CodeIgniter\HTTP\Response->formatBody([...], 'json')
 4 APPPATH\Controllers\ApiController.php(51): CodeIgniter\HTTP\Response->setJSON([...])
 5 SYSTEMPATH\CodeIgniter.php(951): App\Controllers\ApiController->buscarPersonaPorApellido()
 6 SYSTEMPATH\CodeIgniter.php(497): CodeIgniter\CodeIgniter->runController(Object(App\Controllers\ApiController))
 7 SYSTEMPATH\CodeIgniter.php(340): CodeIgniter\CodeIgniter->handleRequest(null, Object(Config\Cache), false)
 8 SYSTEMPATH\Boot.php(417): CodeIgniter\CodeIgniter->run()
 9 SYSTEMPATH\Boot.php(68): CodeIgniter\Boot::runCodeIgniter(Object(CodeIgniter\CodeIgniter))
10 FCPATH\index.php(54): CodeIgniter\Boot::bootWeb(Object(Config\Paths))
CRITICAL - 2026-05-06 14:19:25 --> ErrorException: Uncaught CodeIgniter\Format\Exceptions\FormatException: Failed to parse JSON string. Error: Malformed UTF-8 characters, possibly incorrectly encoded in C:\Users\pablo\OneDrive\Documentos\GitHub\JuseaRepository\vendor\codeigniter4\framework\system\Format\JSONFormatter.php:47
Stack trace:
#0 C:\Users\pablo\OneDrive\Documentos\GitHub\JuseaRepository\vendor\codeigniter4\framework\system\Format\JSONFormatter.php(47): CodeIgniter\Format\Exceptions\FormatException::forInvalidJSON('Malformed UTF-8...')
#1 C:\Users\pablo\OneDrive\Documentos\GitHub\JuseaRepository\vendor\codeigniter4\framework\system\API\ResponseTrait.php(352): CodeIgniter\Format\JSONFormatter->format(Array)
#2 C:\Users\pablo\OneDrive\Documentos\GitHub\JuseaRepository\vendor\codeigniter4\framework\system\API\ResponseTrait.php(111): CodeIgniter\Debug\ExceptionHandler->format(Array)
#3 C:\Users\pablo\OneDrive\Documentos\GitHub\JuseaRepository\vendor\codeigniter4\framework\system\Debug\ExceptionHandler.php(95): CodeIgniter\Debug\ExceptionHandler->respond(Array, 500)
#4 C:\Users\pablo\OneDrive\Documentos\GitHub\JuseaRepository\vendor\codeigniter4\framework\system\Debug\Exceptions.php(151): CodeIgniter\Debug\ExceptionHandler->handle(Object(CodeIgniter\Format\Exceptions\FormatException), Object(CodeIgniter\HTTP\IncomingRequest), Object(CodeIgniter\HTTP\Response), 500, 1)
#5 [internal function]: CodeIgniter\Debug\Exceptions->exceptionHandler(Object(CodeIgniter\Format\Exceptions\FormatException))
#6 {main}
  thrown
【Previous Exception】
CodeIgniter\Format\Exceptions\FormatException
Failed to parse JSON string. Error: Malformed UTF-8 characters, possibly incorrectly encoded
#0 C:\Users\pablo\OneDrive\Documentos\GitHub\JuseaRepository\vendor\codeigniter4\framework\system\Format\JSONFormatter.php(47): CodeIgniter\Format\Exceptions\FormatException::forInvalidJSON('Malformed UTF-8...')
#1 C:\Users\pablo\OneDrive\Documentos\GitHub\JuseaRepository\vendor\codeigniter4\framework\system\HTTP\ResponseTrait.php(252): CodeIgniter\Format\JSONFormatter->format(Array)
#2 C:\Users\pablo\OneDrive\Documentos\GitHub\JuseaRepository\vendor\codeigniter4\framework\system\HTTP\ResponseTrait.php(178): CodeIgniter\HTTP\Response->formatBody(Array, 'json')
#3 C:\Users\pablo\OneDrive\Documentos\GitHub\JuseaRepository\app\Controllers\ApiController.php(51): CodeIgniter\HTTP\Response->setJSON(Array)
#4 C:\Users\pablo\OneDrive\Documentos\GitHub\JuseaRepository\vendor\codeigniter4\framework\system\CodeIgniter.php(951): App\Controllers\ApiController->buscarPersonaPorApellido()
#5 C:\Users\pablo\OneDrive\Documentos\GitHub\JuseaRepository\vendor\codeigniter4\framework\system\CodeIgniter.php(497): CodeIgniter\CodeIgniter->runController(Object(App\Controllers\ApiController))
#6 C:\Users\pablo\OneDrive\Documentos\GitHub\JuseaRepository\vendor\codeigniter4\framework\system\CodeIgniter.php(340): CodeIgniter\CodeIgniter->handleRequest(NULL, Object(Config\Cache), false)
#7 C:\Users\pablo\OneDrive\Documentos\GitHub\JuseaRepository\vendor\codeigniter4\framework\system\Boot.php(417): CodeIgniter\CodeIgniter->run()
#8 C:\Users\pablo\OneDrive\Documentos\GitHub\JuseaRepository\vendor\codeigniter4\framework\system\Boot.php(68): CodeIgniter\Boot::runCodeIgniter(Object(CodeIgniter\CodeIgniter))
#9 C:\Users\pablo\OneDrive\Documentos\GitHub\JuseaRepository\public\index.php(54): CodeIgniter\Boot::bootWeb(Object(Config\Paths))
#10 {main}
[Method: GET, Route: api/persona/buscar-apellido]
in SYSTEMPATH\Format\JSONFormatter.php on line 47.
 1 [internal function]: CodeIgniter\Debug\Exceptions->shutdownHandler()
CRITICAL - 2026-05-06 14:19:34 --> CodeIgniter\Format\Exceptions\FormatException: Failed to parse JSON string. Error: Malformed UTF-8 characters, possibly incorrectly encoded
[Method: GET, Route: api/persona/buscar-apellido]
in SYSTEMPATH\Format\JSONFormatter.php on line 47.
 1 SYSTEMPATH\Format\JSONFormatter.php(47): CodeIgniter\Format\Exceptions\FormatException::forInvalidJSON('Malformed UTF-8 characters, possibly incorrectly encoded')
 2 SYSTEMPATH\HTTP\ResponseTrait.php(252): CodeIgniter\Format\JSONFormatter->format([...])
 3 SYSTEMPATH\HTTP\ResponseTrait.php(178): CodeIgniter\HTTP\Response->formatBody([...], 'json')
 4 APPPATH\Controllers\ApiController.php(51): CodeIgniter\HTTP\Response->setJSON([...])
 5 SYSTEMPATH\CodeIgniter.php(951): App\Controllers\ApiController->buscarPersonaPorApellido()
 6 SYSTEMPATH\CodeIgniter.php(497): CodeIgniter\CodeIgniter->runController(Object(App\Controllers\ApiController))
 7 SYSTEMPATH\CodeIgniter.php(340): CodeIgniter\CodeIgniter->handleRequest(null, Object(Config\Cache), false)
 8 SYSTEMPATH\Boot.php(417): CodeIgniter\CodeIgniter->run()
 9 SYSTEMPATH\Boot.php(68): CodeIgniter\Boot::runCodeIgniter(Object(CodeIgniter\CodeIgniter))
10 FCPATH\index.php(54): CodeIgniter\Boot::bootWeb(Object(Config\Paths))
CRITICAL - 2026-05-06 14:19:34 --> ErrorException: Uncaught CodeIgniter\Format\Exceptions\FormatException: Failed to parse JSON string. Error: Malformed UTF-8 characters, possibly incorrectly encoded in C:\Users\pablo\OneDrive\Documentos\GitHub\JuseaRepository\vendor\codeigniter4\framework\system\Format\JSONFormatter.php:47
Stack trace:
#0 C:\Users\pablo\OneDrive\Documentos\GitHub\JuseaRepository\vendor\codeigniter4\framework\system\Format\JSONFormatter.php(47): CodeIgniter\Format\Exceptions\FormatException::forInvalidJSON('Malformed UTF-8...')
#1 C:\Users\pablo\OneDrive\Documentos\GitHub\JuseaRepository\vendor\codeigniter4\framework\system\API\ResponseTrait.php(352): CodeIgniter\Format\JSONFormatter->format(Array)
#2 C:\Users\pablo\OneDrive\Documentos\GitHub\JuseaRepository\vendor\codeigniter4\framework\system\API\ResponseTrait.php(111): CodeIgniter\Debug\ExceptionHandler->format(Array)
#3 C:\Users\pablo\OneDrive\Documentos\GitHub\JuseaRepository\vendor\codeigniter4\framework\system\Debug\ExceptionHandler.php(95): CodeIgniter\Debug\ExceptionHandler->respond(Array, 500)
#4 C:\Users\pablo\OneDrive\Documentos\GitHub\JuseaRepository\vendor\codeigniter4\framework\system\Debug\Exceptions.php(151): CodeIgniter\Debug\ExceptionHandler->handle(Object(CodeIgniter\Format\Exceptions\FormatException), Object(CodeIgniter\HTTP\IncomingRequest), Object(CodeIgniter\HTTP\Response), 500, 1)
#5 [internal function]: CodeIgniter\Debug\Exceptions->exceptionHandler(Object(CodeIgniter\Format\Exceptions\FormatException))
#6 {main}
  thrown
【Previous Exception】
CodeIgniter\Format\Exceptions\FormatException
Failed to parse JSON string. Error: Malformed UTF-8 characters, possibly incorrectly encoded
#0 C:\Users\pablo\OneDrive\Documentos\GitHub\JuseaRepository\vendor\codeigniter4\framework\system\Format\JSONFormatter.php(47): CodeIgniter\Format\Exceptions\FormatException::forInvalidJSON('Malformed UTF-8...')
#1 C:\Users\pablo\OneDrive\Documentos\GitHub\JuseaRepository\vendor\codeigniter4\framework\system\HTTP\ResponseTrait.php(252): CodeIgniter\Format\JSONFormatter->format(Array)
#2 C:\Users\pablo\OneDrive\Documentos\GitHub\JuseaRepository\vendor\codeigniter4\framework\system\HTTP\ResponseTrait.php(178): CodeIgniter\HTTP\Response->formatBody(Array, 'json')
#3 C:\Users\pablo\OneDrive\Documentos\GitHub\JuseaRepository\app\Controllers\ApiController.php(51): CodeIgniter\HTTP\Response->setJSON(Array)
#4 C:\Users\pablo\OneDrive\Documentos\GitHub\JuseaRepository\vendor\codeigniter4\framework\system\CodeIgniter.php(951): App\Controllers\ApiController->buscarPersonaPorApellido()
#5 C:\Users\pablo\OneDrive\Documentos\GitHub\JuseaRepository\vendor\codeigniter4\framework\system\CodeIgniter.php(497): CodeIgniter\CodeIgniter->runController(Object(App\Controllers\ApiController))
#6 C:\Users\pablo\OneDrive\Documentos\GitHub\JuseaRepository\vendor\codeigniter4\framework\system\CodeIgniter.php(340): CodeIgniter\CodeIgniter->handleRequest(NULL, Object(Config\Cache), false)
#7 C:\Users\pablo\OneDrive\Documentos\GitHub\JuseaRepository\vendor\codeigniter4\framework\system\Boot.php(417): CodeIgniter\CodeIgniter->run()
#8 C:\Users\pablo\OneDrive\Documentos\GitHub\JuseaRepository\vendor\codeigniter4\framework\system\Boot.php(68): CodeIgniter\Boot::runCodeIgniter(Object(CodeIgniter\CodeIgniter))
#9 C:\Users\pablo\OneDrive\Documentos\GitHub\JuseaRepository\public\index.php(54): CodeIgniter\Boot::bootWeb(Object(Config\Paths))
#10 {main}
[Method: GET, Route: api/persona/buscar-apellido]
in SYSTEMPATH\Format\JSONFormatter.php on line 47.
 1 [internal function]: CodeIgniter\Debug\Exceptions->shutdownHandler()
CRITICAL - 2026-05-06 14:19:34 --> CodeIgniter\Format\Exceptions\FormatException: Failed to parse JSON string. Error: Malformed UTF-8 characters, possibly incorrectly encoded
[Method: GET, Route: api/persona/buscar-apellido]
in SYSTEMPATH\Format\JSONFormatter.php on line 47.
 1 SYSTEMPATH\Format\JSONFormatter.php(47): CodeIgniter\Format\Exceptions\FormatException::forInvalidJSON('Malformed UTF-8 characters, possibly incorrectly encoded')
 2 SYSTEMPATH\HTTP\ResponseTrait.php(252): CodeIgniter\Format\JSONFormatter->format([...])
 3 SYSTEMPATH\HTTP\ResponseTrait.php(178): CodeIgniter\HTTP\Response->formatBody([...], 'json')
 4 APPPATH\Controllers\ApiController.php(51): CodeIgniter\HTTP\Response->setJSON([...])
 5 SYSTEMPATH\CodeIgniter.php(951): App\Controllers\ApiController->buscarPersonaPorApellido()
 6 SYSTEMPATH\CodeIgniter.php(497): CodeIgniter\CodeIgniter->runController(Object(App\Controllers\ApiController))
 7 SYSTEMPATH\CodeIgniter.php(340): CodeIgniter\CodeIgniter->handleRequest(null, Object(Config\Cache), false)
 8 SYSTEMPATH\Boot.php(417): CodeIgniter\CodeIgniter->run()
 9 SYSTEMPATH\Boot.php(68): CodeIgniter\Boot::runCodeIgniter(Object(CodeIgniter\CodeIgniter))
10 FCPATH\index.php(54): CodeIgniter\Boot::bootWeb(Object(Config\Paths))
CRITICAL - 2026-05-06 14:19:34 --> ErrorException: Uncaught CodeIgniter\Format\Exceptions\FormatException: Failed to parse JSON string. Error: Malformed UTF-8 characters, possibly incorrectly encoded in C:\Users\pablo\OneDrive\Documentos\GitHub\JuseaRepository\vendor\codeigniter4\framework\system\Format\JSONFormatter.php:47
Stack trace:
#0 C:\Users\pablo\OneDrive\Documentos\GitHub\JuseaRepository\vendor\codeigniter4\framework\system\Format\JSONFormatter.php(47): CodeIgniter\Format\Exceptions\FormatException::forInvalidJSON('Malformed UTF-8...')
#1 C:\Users\pablo\OneDrive\Documentos\GitHub\JuseaRepository\vendor\codeigniter4\framework\system\API\ResponseTrait.php(352): CodeIgniter\Format\JSONFormatter->format(Array)
#2 C:\Users\pablo\OneDrive\Documentos\GitHub\JuseaRepository\vendor\codeigniter4\framework\system\API\ResponseTrait.php(111): CodeIgniter\Debug\ExceptionHandler->format(Array)
#3 C:\Users\pablo\OneDrive\Documentos\GitHub\JuseaRepository\vendor\codeigniter4\framework\system\Debug\ExceptionHandler.php(95): CodeIgniter\Debug\ExceptionHandler->respond(Array, 500)
#4 C:\Users\pablo\OneDrive\Documentos\GitHub\JuseaRepository\vendor\codeigniter4\framework\system\Debug\Exceptions.php(151): CodeIgniter\Debug\ExceptionHandler->handle(Object(CodeIgniter\Format\Exceptions\FormatException), Object(CodeIgniter\HTTP\IncomingRequest), Object(CodeIgniter\HTTP\Response), 500, 1)
#5 [internal function]: CodeIgniter\Debug\Exceptions->exceptionHandler(Object(CodeIgniter\Format\Exceptions\FormatException))
#6 {main}
  thrown
【Previous Exception】
CodeIgniter\Format\Exceptions\FormatException
Failed to parse JSON string. Error: Malformed UTF-8 characters, possibly incorrectly encoded
#0 C:\Users\pablo\OneDrive\Documentos\GitHub\JuseaRepository\vendor\codeigniter4\framework\system\Format\JSONFormatter.php(47): CodeIgniter\Format\Exceptions\FormatException::forInvalidJSON('Malformed UTF-8...')
#1 C:\Users\pablo\OneDrive\Documentos\GitHub\JuseaRepository\vendor\codeigniter4\framework\system\HTTP\ResponseTrait.php(252): CodeIgniter\Format\JSONFormatter->format(Array)
#2 C:\Users\pablo\OneDrive\Documentos\GitHub\JuseaRepository\vendor\codeigniter4\framework\system\HTTP\ResponseTrait.php(178): CodeIgniter\HTTP\Response->formatBody(Array, 'json')
#3 C:\Users\pablo\OneDrive\Documentos\GitHub\JuseaRepository\app\Controllers\ApiController.php(51): CodeIgniter\HTTP\Response->setJSON(Array)
#4 C:\Users\pablo\OneDrive\Documentos\GitHub\JuseaRepository\vendor\codeigniter4\framework\system\CodeIgniter.php(951): App\Controllers\ApiController->buscarPersonaPorApellido()
#5 C:\Users\pablo\OneDrive\Documentos\GitHub\JuseaRepository\vendor\codeigniter4\framework\system\CodeIgniter.php(497): CodeIgniter\CodeIgniter->runController(Object(App\Controllers\ApiController))
#6 C:\Users\pablo\OneDrive\Documentos\GitHub\JuseaRepository\vendor\codeigniter4\framework\system\CodeIgniter.php(340): CodeIgniter\CodeIgniter->handleRequest(NULL, Object(Config\Cache), false)
#7 C:\Users\pablo\OneDrive\Documentos\GitHub\JuseaRepository\vendor\codeigniter4\framework\system\Boot.php(417): CodeIgniter\CodeIgniter->run()
#8 C:\Users\pablo\OneDrive\Documentos\GitHub\JuseaRepository\vendor\codeigniter4\framework\system\Boot.php(68): CodeIgniter\Boot::runCodeIgniter(Object(CodeIgniter\CodeIgniter))
#9 C:\Users\pablo\OneDrive\Documentos\GitHub\JuseaRepository\public\index.php(54): CodeIgniter\Boot::bootWeb(Object(Config\Paths))
#10 {main}
[Method: GET, Route: api/persona/buscar-apellido]
in SYSTEMPATH\Format\JSONFormatter.php on line 47.
 1 [internal function]: CodeIgniter\Debug\Exceptions->shutdownHandler()
CRITICAL - 2026-05-06 14:19:34 --> CodeIgniter\Format\Exceptions\FormatException: Failed to parse JSON string. Error: Malformed UTF-8 characters, possibly incorrectly encoded
[Method: GET, Route: api/persona/buscar-apellido]
in SYSTEMPATH\Format\JSONFormatter.php on line 47.
 1 SYSTEMPATH\Format\JSONFormatter.php(47): CodeIgniter\Format\Exceptions\FormatException::forInvalidJSON('Malformed UTF-8 characters, possibly incorrectly encoded')
 2 SYSTEMPATH\HTTP\ResponseTrait.php(252): CodeIgniter\Format\JSONFormatter->format([...])
 3 SYSTEMPATH\HTTP\ResponseTrait.php(178): CodeIgniter\HTTP\Response->formatBody([...], 'json')
 4 APPPATH\Controllers\ApiController.php(51): CodeIgniter\HTTP\Response->setJSON([...])
 5 SYSTEMPATH\CodeIgniter.php(951): App\Controllers\ApiController->buscarPersonaPorApellido()
 6 SYSTEMPATH\CodeIgniter.php(497): CodeIgniter\CodeIgniter->runController(Object(App\Controllers\ApiController))
 7 SYSTEMPATH\CodeIgniter.php(340): CodeIgniter\CodeIgniter->handleRequest(null, Object(Config\Cache), false)
 8 SYSTEMPATH\Boot.php(417): CodeIgniter\CodeIgniter->run()
 9 SYSTEMPATH\Boot.php(68): CodeIgniter\Boot::runCodeIgniter(Object(CodeIgniter\CodeIgniter))
10 FCPATH\index.php(54): CodeIgniter\Boot::bootWeb(Object(Config\Paths))
CRITICAL - 2026-05-06 14:19:34 --> ErrorException: Uncaught CodeIgniter\Format\Exceptions\FormatException: Failed to parse JSON string. Error: Malformed UTF-8 characters, possibly incorrectly encoded in C:\Users\pablo\OneDrive\Documentos\GitHub\JuseaRepository\vendor\codeigniter4\framework\system\Format\JSONFormatter.php:47
Stack trace:
#0 C:\Users\pablo\OneDrive\Documentos\GitHub\JuseaRepository\vendor\codeigniter4\framework\system\Format\JSONFormatter.php(47): CodeIgniter\Format\Exceptions\FormatException::forInvalidJSON('Malformed UTF-8...')
#1 C:\Users\pablo\OneDrive\Documentos\GitHub\JuseaRepository\vendor\codeigniter4\framework\system\API\ResponseTrait.php(352): CodeIgniter\Format\JSONFormatter->format(Array)
#2 C:\Users\pablo\OneDrive\Documentos\GitHub\JuseaRepository\vendor\codeigniter4\framework\system\API\ResponseTrait.php(111): CodeIgniter\Debug\ExceptionHandler->format(Array)
#3 C:\Users\pablo\OneDrive\Documentos\GitHub\JuseaRepository\vendor\codeigniter4\framework\system\Debug\ExceptionHandler.php(95): CodeIgniter\Debug\ExceptionHandler->respond(Array, 500)
#4 C:\Users\pablo\OneDrive\Documentos\GitHub\JuseaRepository\vendor\codeigniter4\framework\system\Debug\Exceptions.php(151): CodeIgniter\Debug\ExceptionHandler->handle(Object(CodeIgniter\Format\Exceptions\FormatException), Object(CodeIgniter\HTTP\IncomingRequest), Object(CodeIgniter\HTTP\Response), 500, 1)
#5 [internal function]: CodeIgniter\Debug\Exceptions->exceptionHandler(Object(CodeIgniter\Format\Exceptions\FormatException))
#6 {main}
  thrown
【Previous Exception】
CodeIgniter\Format\Exceptions\FormatException
Failed to parse JSON string. Error: Malformed UTF-8 characters, possibly incorrectly encoded
#0 C:\Users\pablo\OneDrive\Documentos\GitHub\JuseaRepository\vendor\codeigniter4\framework\system\Format\JSONFormatter.php(47): CodeIgniter\Format\Exceptions\FormatException::forInvalidJSON('Malformed UTF-8...')
#1 C:\Users\pablo\OneDrive\Documentos\GitHub\JuseaRepository\vendor\codeigniter4\framework\system\HTTP\ResponseTrait.php(252): CodeIgniter\Format\JSONFormatter->format(Array)
#2 C:\Users\pablo\OneDrive\Documentos\GitHub\JuseaRepository\vendor\codeigniter4\framework\system\HTTP\ResponseTrait.php(178): CodeIgniter\HTTP\Response->formatBody(Array, 'json')
#3 C:\Users\pablo\OneDrive\Documentos\GitHub\JuseaRepository\app\Controllers\ApiController.php(51): CodeIgniter\HTTP\Response->setJSON(Array)
#4 C:\Users\pablo\OneDrive\Documentos\GitHub\JuseaRepository\vendor\codeigniter4\framework\system\CodeIgniter.php(951): App\Controllers\ApiController->buscarPersonaPorApellido()
#5 C:\Users\pablo\OneDrive\Documentos\GitHub\JuseaRepository\vendor\codeigniter4\framework\system\CodeIgniter.php(497): CodeIgniter\CodeIgniter->runController(Object(App\Controllers\ApiController))
#6 C:\Users\pablo\OneDrive\Documentos\GitHub\JuseaRepository\vendor\codeigniter4\framework\system\CodeIgniter.php(340): CodeIgniter\CodeIgniter->handleRequest(NULL, Object(Config\Cache), false)
#7 C:\Users\pablo\OneDrive\Documentos\GitHub\JuseaRepository\vendor\codeigniter4\framework\system\Boot.php(417): CodeIgniter\CodeIgniter->run()
#8 C:\Users\pablo\OneDrive\Documentos\GitHub\JuseaRepository\vendor\codeigniter4\framework\system\Boot.php(68): CodeIgniter\Boot::runCodeIgniter(Object(CodeIgniter\CodeIgniter))
#9 C:\Users\pablo\OneDrive\Documentos\GitHub\JuseaRepository\public\index.php(54): CodeIgniter\Boot::bootWeb(Object(Config\Paths))
#10 {main}
[Method: GET, Route: api/persona/buscar-apellido]
in SYSTEMPATH\Format\JSONFormatter.php on line 47.
 1 [internal function]: CodeIgniter\Debug\Exceptions->shutdownHandler()
CRITICAL - 2026-05-06 14:24:37 --> CodeIgniter\Format\Exceptions\FormatException: Failed to parse JSON string. Error: Malformed UTF-8 characters, possibly incorrectly encoded
[Method: GET, Route: api/persona/buscar-apellido]
in SYSTEMPATH\Format\JSONFormatter.php on line 47.
 1 SYSTEMPATH\Format\JSONFormatter.php(47): CodeIgniter\Format\Exceptions\FormatException::forInvalidJSON('Malformed UTF-8 characters, possibly incorrectly encoded')
 2 SYSTEMPATH\HTTP\ResponseTrait.php(252): CodeIgniter\Format\JSONFormatter->format([...])
 3 SYSTEMPATH\HTTP\ResponseTrait.php(178): CodeIgniter\HTTP\Response->formatBody([...], 'json')
 4 APPPATH\Controllers\ApiController.php(51): CodeIgniter\HTTP\Response->setJSON([...])
 5 SYSTEMPATH\CodeIgniter.php(951): App\Controllers\ApiController->buscarPersonaPorApellido()
 6 SYSTEMPATH\CodeIgniter.php(497): CodeIgniter\CodeIgniter->runController(Object(App\Controllers\ApiController))
 7 SYSTEMPATH\CodeIgniter.php(340): CodeIgniter\CodeIgniter->handleRequest(null, Object(Config\Cache), false)
 8 SYSTEMPATH\Boot.php(417): CodeIgniter\CodeIgniter->run()
 9 SYSTEMPATH\Boot.php(68): CodeIgniter\Boot::runCodeIgniter(Object(CodeIgniter\CodeIgniter))
10 FCPATH\index.php(54): CodeIgniter\Boot::bootWeb(Object(Config\Paths))
CRITICAL - 2026-05-06 14:24:37 --> ErrorException: Uncaught CodeIgniter\Format\Exceptions\FormatException: Failed to parse JSON string. Error: Malformed UTF-8 characters, possibly incorrectly encoded in C:\Users\pablo\OneDrive\Documentos\GitHub\JuseaRepository\vendor\codeigniter4\framework\system\Format\JSONFormatter.php:47
Stack trace:
#0 C:\Users\pablo\OneDrive\Documentos\GitHub\JuseaRepository\vendor\codeigniter4\framework\system\Format\JSONFormatter.php(47): CodeIgniter\Format\Exceptions\FormatException::forInvalidJSON('Malformed UTF-8...')
#1 C:\Users\pablo\OneDrive\Documentos\GitHub\JuseaRepository\vendor\codeigniter4\framework\system\API\ResponseTrait.php(352): CodeIgniter\Format\JSONFormatter->format(Array)
#2 C:\Users\pablo\OneDrive\Documentos\GitHub\JuseaRepository\vendor\codeigniter4\framework\system\API\ResponseTrait.php(111): CodeIgniter\Debug\ExceptionHandler->format(Array)
#3 C:\Users\pablo\OneDrive\Documentos\GitHub\JuseaRepository\vendor\codeigniter4\framework\system\Debug\ExceptionHandler.php(95): CodeIgniter\Debug\ExceptionHandler->respond(Array, 500)
#4 C:\Users\pablo\OneDrive\Documentos\GitHub\JuseaRepository\vendor\codeigniter4\framework\system\Debug\Exceptions.php(151): CodeIgniter\Debug\ExceptionHandler->handle(Object(CodeIgniter\Format\Exceptions\FormatException), Object(CodeIgniter\HTTP\IncomingRequest), Object(CodeIgniter\HTTP\Response), 500, 1)
#5 [internal function]: CodeIgniter\Debug\Exceptions->exceptionHandler(Object(CodeIgniter\Format\Exceptions\FormatException))
#6 {main}
  thrown
【Previous Exception】
CodeIgniter\Format\Exceptions\FormatException
Failed to parse JSON string. Error: Malformed UTF-8 characters, possibly incorrectly encoded
#0 C:\Users\pablo\OneDrive\Documentos\GitHub\JuseaRepository\vendor\codeigniter4\framework\system\Format\JSONFormatter.php(47): CodeIgniter\Format\Exceptions\FormatException::forInvalidJSON('Malformed UTF-8...')
#1 C:\Users\pablo\OneDrive\Documentos\GitHub\JuseaRepository\vendor\codeigniter4\framework\system\HTTP\ResponseTrait.php(252): CodeIgniter\Format\JSONFormatter->format(Array)
#2 C:\Users\pablo\OneDrive\Documentos\GitHub\JuseaRepository\vendor\codeigniter4\framework\system\HTTP\ResponseTrait.php(178): CodeIgniter\HTTP\Response->formatBody(Array, 'json')
#3 C:\Users\pablo\OneDrive\Documentos\GitHub\JuseaRepository\app\Controllers\ApiController.php(51): CodeIgniter\HTTP\Response->setJSON(Array)
#4 C:\Users\pablo\OneDrive\Documentos\GitHub\JuseaRepository\vendor\codeigniter4\framework\system\CodeIgniter.php(951): App\Controllers\ApiController->buscarPersonaPorApellido()
#5 C:\Users\pablo\OneDrive\Documentos\GitHub\JuseaRepository\vendor\codeigniter4\framework\system\CodeIgniter.php(497): CodeIgniter\CodeIgniter->runController(Object(App\Controllers\ApiController))
#6 C:\Users\pablo\OneDrive\Documentos\GitHub\JuseaRepository\vendor\codeigniter4\framework\system\CodeIgniter.php(340): CodeIgniter\CodeIgniter->handleRequest(NULL, Object(Config\Cache), false)
#7 C:\Users\pablo\OneDrive\Documentos\GitHub\JuseaRepository\vendor\codeigniter4\framework\system\Boot.php(417): CodeIgniter\CodeIgniter->run()
#8 C:\Users\pablo\OneDrive\Documentos\GitHub\JuseaRepository\vendor\codeigniter4\framework\system\Boot.php(68): CodeIgniter\Boot::runCodeIgniter(Object(CodeIgniter\CodeIgniter))
#9 C:\Users\pablo\OneDrive\Documentos\GitHub\JuseaRepository\public\index.php(54): CodeIgniter\Boot::bootWeb(Object(Config\Paths))
#10 {main}
[Method: GET, Route: api/persona/buscar-apellido]
in SYSTEMPATH\Format\JSONFormatter.php on line 47.
 1 [internal function]: CodeIgniter\Debug\Exceptions->shutdownHandler()
CRITICAL - 2026-05-06 14:24:37 --> CodeIgniter\Format\Exceptions\FormatException: Failed to parse JSON string. Error: Malformed UTF-8 characters, possibly incorrectly encoded
[Method: GET, Route: api/persona/buscar-apellido]
in SYSTEMPATH\Format\JSONFormatter.php on line 47.
 1 SYSTEMPATH\Format\JSONFormatter.php(47): CodeIgniter\Format\Exceptions\FormatException::forInvalidJSON('Malformed UTF-8 characters, possibly incorrectly encoded')
 2 SYSTEMPATH\HTTP\ResponseTrait.php(252): CodeIgniter\Format\JSONFormatter->format([...])
 3 SYSTEMPATH\HTTP\ResponseTrait.php(178): CodeIgniter\HTTP\Response->formatBody([...], 'json')
 4 APPPATH\Controllers\ApiController.php(51): CodeIgniter\HTTP\Response->setJSON([...])
 5 SYSTEMPATH\CodeIgniter.php(951): App\Controllers\ApiController->buscarPersonaPorApellido()
 6 SYSTEMPATH\CodeIgniter.php(497): CodeIgniter\CodeIgniter->runController(Object(App\Controllers\ApiController))
 7 SYSTEMPATH\CodeIgniter.php(340): CodeIgniter\CodeIgniter->handleRequest(null, Object(Config\Cache), false)
 8 SYSTEMPATH\Boot.php(417): CodeIgniter\CodeIgniter->run()
 9 SYSTEMPATH\Boot.php(68): CodeIgniter\Boot::runCodeIgniter(Object(CodeIgniter\CodeIgniter))
10 FCPATH\index.php(54): CodeIgniter\Boot::bootWeb(Object(Config\Paths))
CRITICAL - 2026-05-06 14:24:37 --> ErrorException: Uncaught CodeIgniter\Format\Exceptions\FormatException: Failed to parse JSON string. Error: Malformed UTF-8 characters, possibly incorrectly encoded in C:\Users\pablo\OneDrive\Documentos\GitHub\JuseaRepository\vendor\codeigniter4\framework\system\Format\JSONFormatter.php:47
Stack trace:
#0 C:\Users\pablo\OneDrive\Documentos\GitHub\JuseaRepository\vendor\codeigniter4\framework\system\Format\JSONFormatter.php(47): CodeIgniter\Format\Exceptions\FormatException::forInvalidJSON('Malformed UTF-8...')
#1 C:\Users\pablo\OneDrive\Documentos\GitHub\JuseaRepository\vendor\codeigniter4\framework\system\API\ResponseTrait.php(352): CodeIgniter\Format\JSONFormatter->format(Array)
#2 C:\Users\pablo\OneDrive\Documentos\GitHub\JuseaRepository\vendor\codeigniter4\framework\system\API\ResponseTrait.php(111): CodeIgniter\Debug\ExceptionHandler->format(Array)
#3 C:\Users\pablo\OneDrive\Documentos\GitHub\JuseaRepository\vendor\codeigniter4\framework\system\Debug\ExceptionHandler.php(95): CodeIgniter\Debug\ExceptionHandler->respond(Array, 500)
#4 C:\Users\pablo\OneDrive\Documentos\GitHub\JuseaRepository\vendor\codeigniter4\framework\system\Debug\Exceptions.php(151): CodeIgniter\Debug\ExceptionHandler->handle(Object(CodeIgniter\Format\Exceptions\FormatException), Object(CodeIgniter\HTTP\IncomingRequest), Object(CodeIgniter\HTTP\Response), 500, 1)
#5 [internal function]: CodeIgniter\Debug\Exceptions->exceptionHandler(Object(CodeIgniter\Format\Exceptions\FormatException))
#6 {main}
  thrown
【Previous Exception】
CodeIgniter\Format\Exceptions\FormatException
Failed to parse JSON string. Error: Malformed UTF-8 characters, possibly incorrectly encoded
#0 C:\Users\pablo\OneDrive\Documentos\GitHub\JuseaRepository\vendor\codeigniter4\framework\system\Format\JSONFormatter.php(47): CodeIgniter\Format\Exceptions\FormatException::forInvalidJSON('Malformed UTF-8...')
#1 C:\Users\pablo\OneDrive\Documentos\GitHub\JuseaRepository\vendor\codeigniter4\framework\system\HTTP\ResponseTrait.php(252): CodeIgniter\Format\JSONFormatter->format(Array)
#2 C:\Users\pablo\OneDrive\Documentos\GitHub\JuseaRepository\vendor\codeigniter4\framework\system\HTTP\ResponseTrait.php(178): CodeIgniter\HTTP\Response->formatBody(Array, 'json')
#3 C:\Users\pablo\OneDrive\Documentos\GitHub\JuseaRepository\app\Controllers\ApiController.php(51): CodeIgniter\HTTP\Response->setJSON(Array)
#4 C:\Users\pablo\OneDrive\Documentos\GitHub\JuseaRepository\vendor\codeigniter4\framework\system\CodeIgniter.php(951): App\Controllers\ApiController->buscarPersonaPorApellido()
#5 C:\Users\pablo\OneDrive\Documentos\GitHub\JuseaRepository\vendor\codeigniter4\framework\system\CodeIgniter.php(497): CodeIgniter\CodeIgniter->runController(Object(App\Controllers\ApiController))
#6 C:\Users\pablo\OneDrive\Documentos\GitHub\JuseaRepository\vendor\codeigniter4\framework\system\CodeIgniter.php(340): CodeIgniter\CodeIgniter->handleRequest(NULL, Object(Config\Cache), false)
#7 C:\Users\pablo\OneDrive\Documentos\GitHub\JuseaRepository\vendor\codeigniter4\framework\system\Boot.php(417): CodeIgniter\CodeIgniter->run()
#8 C:\Users\pablo\OneDrive\Documentos\GitHub\JuseaRepository\vendor\codeigniter4\framework\system\Boot.php(68): CodeIgniter\Boot::runCodeIgniter(Object(CodeIgniter\CodeIgniter))
#9 C:\Users\pablo\OneDrive\Documentos\GitHub\JuseaRepository\public\index.php(54): CodeIgniter\Boot::bootWeb(Object(Config\Paths))
#10 {main}
[Method: GET, Route: api/persona/buscar-apellido]
in SYSTEMPATH\Format\JSONFormatter.php on line 47.
 1 [internal function]: CodeIgniter\Debug\Exceptions->shutdownHandler()
CRITICAL - 2026-05-06 14:24:37 --> CodeIgniter\Format\Exceptions\FormatException: Failed to parse JSON string. Error: Malformed UTF-8 characters, possibly incorrectly encoded
[Method: GET, Route: api/persona/buscar-apellido]
in SYSTEMPATH\Format\JSONFormatter.php on line 47.
 1 SYSTEMPATH\Format\JSONFormatter.php(47): CodeIgniter\Format\Exceptions\FormatException::forInvalidJSON('Malformed UTF-8 characters, possibly incorrectly encoded')
 2 SYSTEMPATH\HTTP\ResponseTrait.php(252): CodeIgniter\Format\JSONFormatter->format([...])
 3 SYSTEMPATH\HTTP\ResponseTrait.php(178): CodeIgniter\HTTP\Response->formatBody([...], 'json')
 4 APPPATH\Controllers\ApiController.php(51): CodeIgniter\HTTP\Response->setJSON([...])
 5 SYSTEMPATH\CodeIgniter.php(951): App\Controllers\ApiController->buscarPersonaPorApellido()
 6 SYSTEMPATH\CodeIgniter.php(497): CodeIgniter\CodeIgniter->runController(Object(App\Controllers\ApiController))
 7 SYSTEMPATH\CodeIgniter.php(340): CodeIgniter\CodeIgniter->handleRequest(null, Object(Config\Cache), false)
 8 SYSTEMPATH\Boot.php(417): CodeIgniter\CodeIgniter->run()
 9 SYSTEMPATH\Boot.php(68): CodeIgniter\Boot::runCodeIgniter(Object(CodeIgniter\CodeIgniter))
10 FCPATH\index.php(54): CodeIgniter\Boot::bootWeb(Object(Config\Paths))
CRITICAL - 2026-05-06 14:24:37 --> ErrorException: Uncaught CodeIgniter\Format\Exceptions\FormatException: Failed to parse JSON string. Error: Malformed UTF-8 characters, possibly incorrectly encoded in C:\Users\pablo\OneDrive\Documentos\GitHub\JuseaRepository\vendor\codeigniter4\framework\system\Format\JSONFormatter.php:47
Stack trace:
#0 C:\Users\pablo\OneDrive\Documentos\GitHub\JuseaRepository\vendor\codeigniter4\framework\system\Format\JSONFormatter.php(47): CodeIgniter\Format\Exceptions\FormatException::forInvalidJSON('Malformed UTF-8...')
#1 C:\Users\pablo\OneDrive\Documentos\GitHub\JuseaRepository\vendor\codeigniter4\framework\system\API\ResponseTrait.php(352): CodeIgniter\Format\JSONFormatter->format(Array)
#2 C:\Users\pablo\OneDrive\Documentos\GitHub\JuseaRepository\vendor\codeigniter4\framework\system\API\ResponseTrait.php(111): CodeIgniter\Debug\ExceptionHandler->format(Array)
#3 C:\Users\pablo\OneDrive\Documentos\GitHub\JuseaRepository\vendor\codeigniter4\framework\system\Debug\ExceptionHandler.php(95): CodeIgniter\Debug\ExceptionHandler->respond(Array, 500)
#4 C:\Users\pablo\OneDrive\Documentos\GitHub\JuseaRepository\vendor\codeigniter4\framework\system\Debug\Exceptions.php(151): CodeIgniter\Debug\ExceptionHandler->handle(Object(CodeIgniter\Format\Exceptions\FormatException), Object(CodeIgniter\HTTP\IncomingRequest), Object(CodeIgniter\HTTP\Response), 500, 1)
#5 [internal function]: CodeIgniter\Debug\Exceptions->exceptionHandler(Object(CodeIgniter\Format\Exceptions\FormatException))
#6 {main}
  thrown
【Previous Exception】
CodeIgniter\Format\Exceptions\FormatException
Failed to parse JSON string. Error: Malformed UTF-8 characters, possibly incorrectly encoded
#0 C:\Users\pablo\OneDrive\Documentos\GitHub\JuseaRepository\vendor\codeigniter4\framework\system\Format\JSONFormatter.php(47): CodeIgniter\Format\Exceptions\FormatException::forInvalidJSON('Malformed UTF-8...')
#1 C:\Users\pablo\OneDrive\Documentos\GitHub\JuseaRepository\vendor\codeigniter4\framework\system\HTTP\ResponseTrait.php(252): CodeIgniter\Format\JSONFormatter->format(Array)
#2 C:\Users\pablo\OneDrive\Documentos\GitHub\JuseaRepository\vendor\codeigniter4\framework\system\HTTP\ResponseTrait.php(178): CodeIgniter\HTTP\Response->formatBody(Array, 'json')
#3 C:\Users\pablo\OneDrive\Documentos\GitHub\JuseaRepository\app\Controllers\ApiController.php(51): CodeIgniter\HTTP\Response->setJSON(Array)
#4 C:\Users\pablo\OneDrive\Documentos\GitHub\JuseaRepository\vendor\codeigniter4\framework\system\CodeIgniter.php(951): App\Controllers\ApiController->buscarPersonaPorApellido()
#5 C:\Users\pablo\OneDrive\Documentos\GitHub\JuseaRepository\vendor\codeigniter4\framework\system\CodeIgniter.php(497): CodeIgniter\CodeIgniter->runController(Object(App\Controllers\ApiController))
#6 C:\Users\pablo\OneDrive\Documentos\GitHub\JuseaRepository\vendor\codeigniter4\framework\system\CodeIgniter.php(340): CodeIgniter\CodeIgniter->handleRequest(NULL, Object(Config\Cache), false)
#7 C:\Users\pablo\OneDrive\Documentos\GitHub\JuseaRepository\vendor\codeigniter4\framework\system\Boot.php(417): CodeIgniter\CodeIgniter->run()
#8 C:\Users\pablo\OneDrive\Documentos\GitHub\JuseaRepository\vendor\codeigniter4\framework\system\Boot.php(68): CodeIgniter\Boot::runCodeIgniter(Object(CodeIgniter\CodeIgniter))
#9 C:\Users\pablo\OneDrive\Documentos\GitHub\JuseaRepository\public\index.php(54): CodeIgniter\Boot::bootWeb(Object(Config\Paths))
#10 {main}
[Method: GET, Route: api/persona/buscar-apellido]
in SYSTEMPATH\Format\JSONFormatter.php on line 47.
 1 [internal function]: CodeIgniter\Debug\Exceptions->shutdownHandler()
CRITICAL - 2026-05-06 14:24:43 --> CodeIgniter\Format\Exceptions\FormatException: Failed to parse JSON string. Error: Malformed UTF-8 characters, possibly incorrectly encoded
[Method: GET, Route: api/persona/buscar-apellido]
in SYSTEMPATH\Format\JSONFormatter.php on line 47.
 1 SYSTEMPATH\Format\JSONFormatter.php(47): CodeIgniter\Format\Exceptions\FormatException::forInvalidJSON('Malformed UTF-8 characters, possibly incorrectly encoded')
 2 SYSTEMPATH\HTTP\ResponseTrait.php(252): CodeIgniter\Format\JSONFormatter->format([...])
 3 SYSTEMPATH\HTTP\ResponseTrait.php(178): CodeIgniter\HTTP\Response->formatBody([...], 'json')
 4 APPPATH\Controllers\ApiController.php(51): CodeIgniter\HTTP\Response->setJSON([...])
 5 SYSTEMPATH\CodeIgniter.php(951): App\Controllers\ApiController->buscarPersonaPorApellido()
 6 SYSTEMPATH\CodeIgniter.php(497): CodeIgniter\CodeIgniter->runController(Object(App\Controllers\ApiController))
 7 SYSTEMPATH\CodeIgniter.php(340): CodeIgniter\CodeIgniter->handleRequest(null, Object(Config\Cache), false)
 8 SYSTEMPATH\Boot.php(417): CodeIgniter\CodeIgniter->run()
 9 SYSTEMPATH\Boot.php(68): CodeIgniter\Boot::runCodeIgniter(Object(CodeIgniter\CodeIgniter))
10 FCPATH\index.php(54): CodeIgniter\Boot::bootWeb(Object(Config\Paths))
CRITICAL - 2026-05-06 14:24:43 --> ErrorException: Uncaught CodeIgniter\Format\Exceptions\FormatException: Failed to parse JSON string. Error: Malformed UTF-8 characters, possibly incorrectly encoded in C:\Users\pablo\OneDrive\Documentos\GitHub\JuseaRepository\vendor\codeigniter4\framework\system\Format\JSONFormatter.php:47
Stack trace:
#0 C:\Users\pablo\OneDrive\Documentos\GitHub\JuseaRepository\vendor\codeigniter4\framework\system\Format\JSONFormatter.php(47): CodeIgniter\Format\Exceptions\FormatException::forInvalidJSON('Malformed UTF-8...')
#1 C:\Users\pablo\OneDrive\Documentos\GitHub\JuseaRepository\vendor\codeigniter4\framework\system\API\ResponseTrait.php(352): CodeIgniter\Format\JSONFormatter->format(Array)
#2 C:\Users\pablo\OneDrive\Documentos\GitHub\JuseaRepository\vendor\codeigniter4\framework\system\API\ResponseTrait.php(111): CodeIgniter\Debug\ExceptionHandler->format(Array)
#3 C:\Users\pablo\OneDrive\Documentos\GitHub\JuseaRepository\vendor\codeigniter4\framework\system\Debug\ExceptionHandler.php(95): CodeIgniter\Debug\ExceptionHandler->respond(Array, 500)
#4 C:\Users\pablo\OneDrive\Documentos\GitHub\JuseaRepository\vendor\codeigniter4\framework\system\Debug\Exceptions.php(151): CodeIgniter\Debug\ExceptionHandler->handle(Object(CodeIgniter\Format\Exceptions\FormatException), Object(CodeIgniter\HTTP\IncomingRequest), Object(CodeIgniter\HTTP\Response), 500, 1)
#5 [internal function]: CodeIgniter\Debug\Exceptions->exceptionHandler(Object(CodeIgniter\Format\Exceptions\FormatException))
#6 {main}
  thrown
【Previous Exception】
CodeIgniter\Format\Exceptions\FormatException
Failed to parse JSON string. Error: Malformed UTF-8 characters, possibly incorrectly encoded
#0 C:\Users\pablo\OneDrive\Documentos\GitHub\JuseaRepository\vendor\codeigniter4\framework\system\Format\JSONFormatter.php(47): CodeIgniter\Format\Exceptions\FormatException::forInvalidJSON('Malformed UTF-8...')
#1 C:\Users\pablo\OneDrive\Documentos\GitHub\JuseaRepository\vendor\codeigniter4\framework\system\HTTP\ResponseTrait.php(252): CodeIgniter\Format\JSONFormatter->format(Array)
#2 C:\Users\pablo\OneDrive\Documentos\GitHub\JuseaRepository\vendor\codeigniter4\framework\system\HTTP\ResponseTrait.php(178): CodeIgniter\HTTP\Response->formatBody(Array, 'json')
#3 C:\Users\pablo\OneDrive\Documentos\GitHub\JuseaRepository\app\Controllers\ApiController.php(51): CodeIgniter\HTTP\Response->setJSON(Array)
#4 C:\Users\pablo\OneDrive\Documentos\GitHub\JuseaRepository\vendor\codeigniter4\framework\system\CodeIgniter.php(951): App\Controllers\ApiController->buscarPersonaPorApellido()
#5 C:\Users\pablo\OneDrive\Documentos\GitHub\JuseaRepository\vendor\codeigniter4\framework\system\CodeIgniter.php(497): CodeIgniter\CodeIgniter->runController(Object(App\Controllers\ApiController))
#6 C:\Users\pablo\OneDrive\Documentos\GitHub\JuseaRepository\vendor\codeigniter4\framework\system\CodeIgniter.php(340): CodeIgniter\CodeIgniter->handleRequest(NULL, Object(Config\Cache), false)
#7 C:\Users\pablo\OneDrive\Documentos\GitHub\JuseaRepository\vendor\codeigniter4\framework\system\Boot.php(417): CodeIgniter\CodeIgniter->run()
#8 C:\Users\pablo\OneDrive\Documentos\GitHub\JuseaRepository\vendor\codeigniter4\framework\system\Boot.php(68): CodeIgniter\Boot::runCodeIgniter(Object(CodeIgniter\CodeIgniter))
#9 C:\Users\pablo\OneDrive\Documentos\GitHub\JuseaRepository\public\index.php(54): CodeIgniter\Boot::bootWeb(Object(Config\Paths))
#10 {main}
[Method: GET, Route: api/persona/buscar-apellido]
in SYSTEMPATH\Format\JSONFormatter.php on line 47.
 1 [internal function]: CodeIgniter\Debug\Exceptions->shutdownHandler()
CRITICAL - 2026-05-06 14:24:43 --> CodeIgniter\Format\Exceptions\FormatException: Failed to parse JSON string. Error: Malformed UTF-8 characters, possibly incorrectly encoded
[Method: GET, Route: api/persona/buscar-apellido]
in SYSTEMPATH\Format\JSONFormatter.php on line 47.
 1 SYSTEMPATH\Format\JSONFormatter.php(47): CodeIgniter\Format\Exceptions\FormatException::forInvalidJSON('Malformed UTF-8 characters, possibly incorrectly encoded')
 2 SYSTEMPATH\HTTP\ResponseTrait.php(252): CodeIgniter\Format\JSONFormatter->format([...])
 3 SYSTEMPATH\HTTP\ResponseTrait.php(178): CodeIgniter\HTTP\Response->formatBody([...], 'json')
 4 APPPATH\Controllers\ApiController.php(51): CodeIgniter\HTTP\Response->setJSON([...])
 5 SYSTEMPATH\CodeIgniter.php(951): App\Controllers\ApiController->buscarPersonaPorApellido()
 6 SYSTEMPATH\CodeIgniter.php(497): CodeIgniter\CodeIgniter->runController(Object(App\Controllers\ApiController))
 7 SYSTEMPATH\CodeIgniter.php(340): CodeIgniter\CodeIgniter->handleRequest(null, Object(Config\Cache), false)
 8 SYSTEMPATH\Boot.php(417): CodeIgniter\CodeIgniter->run()
 9 SYSTEMPATH\Boot.php(68): CodeIgniter\Boot::runCodeIgniter(Object(CodeIgniter\CodeIgniter))
10 FCPATH\index.php(54): CodeIgniter\Boot::bootWeb(Object(Config\Paths))
CRITICAL - 2026-05-06 14:24:43 --> ErrorException: Uncaught CodeIgniter\Format\Exceptions\FormatException: Failed to parse JSON string. Error: Malformed UTF-8 characters, possibly incorrectly encoded in C:\Users\pablo\OneDrive\Documentos\GitHub\JuseaRepository\vendor\codeigniter4\framework\system\Format\JSONFormatter.php:47
Stack trace:
#0 C:\Users\pablo\OneDrive\Documentos\GitHub\JuseaRepository\vendor\codeigniter4\framework\system\Format\JSONFormatter.php(47): CodeIgniter\Format\Exceptions\FormatException::forInvalidJSON('Malformed UTF-8...')
#1 C:\Users\pablo\OneDrive\Documentos\GitHub\JuseaRepository\vendor\codeigniter4\framework\system\API\ResponseTrait.php(352): CodeIgniter\Format\JSONFormatter->format(Array)
#2 C:\Users\pablo\OneDrive\Documentos\GitHub\JuseaRepository\vendor\codeigniter4\framework\system\API\ResponseTrait.php(111): CodeIgniter\Debug\ExceptionHandler->format(Array)
#3 C:\Users\pablo\OneDrive\Documentos\GitHub\JuseaRepository\vendor\codeigniter4\framework\system\Debug\ExceptionHandler.php(95): CodeIgniter\Debug\ExceptionHandler->respond(Array, 500)
#4 C:\Users\pablo\OneDrive\Documentos\GitHub\JuseaRepository\vendor\codeigniter4\framework\system\Debug\Exceptions.php(151): CodeIgniter\Debug\ExceptionHandler->handle(Object(CodeIgniter\Format\Exceptions\FormatException), Object(CodeIgniter\HTTP\IncomingRequest), Object(CodeIgniter\HTTP\Response), 500, 1)
#5 [internal function]: CodeIgniter\Debug\Exceptions->exceptionHandler(Object(CodeIgniter\Format\Exceptions\FormatException))
#6 {main}
  thrown
【Previous Exception】
CodeIgniter\Format\Exceptions\FormatException
Failed to parse JSON string. Error: Malformed UTF-8 characters, possibly incorrectly encoded
#0 C:\Users\pablo\OneDrive\Documentos\GitHub\JuseaRepository\vendor\codeigniter4\framework\system\Format\JSONFormatter.php(47): CodeIgniter\Format\Exceptions\FormatException::forInvalidJSON('Malformed UTF-8...')
#1 C:\Users\pablo\OneDrive\Documentos\GitHub\JuseaRepository\vendor\codeigniter4\framework\system\HTTP\ResponseTrait.php(252): CodeIgniter\Format\JSONFormatter->format(Array)
#2 C:\Users\pablo\OneDrive\Documentos\GitHub\JuseaRepository\vendor\codeigniter4\framework\system\HTTP\ResponseTrait.php(178): CodeIgniter\HTTP\Response->formatBody(Array, 'json')
#3 C:\Users\pablo\OneDrive\Documentos\GitHub\JuseaRepository\app\Controllers\ApiController.php(51): CodeIgniter\HTTP\Response->setJSON(Array)
#4 C:\Users\pablo\OneDrive\Documentos\GitHub\JuseaRepository\vendor\codeigniter4\framework\system\CodeIgniter.php(951): App\Controllers\ApiController->buscarPersonaPorApellido()
#5 C:\Users\pablo\OneDrive\Documentos\GitHub\JuseaRepository\vendor\codeigniter4\framework\system\CodeIgniter.php(497): CodeIgniter\CodeIgniter->runController(Object(App\Controllers\ApiController))
#6 C:\Users\pablo\OneDrive\Documentos\GitHub\JuseaRepository\vendor\codeigniter4\framework\system\CodeIgniter.php(340): CodeIgniter\CodeIgniter->handleRequest(NULL, Object(Config\Cache), false)
#7 C:\Users\pablo\OneDrive\Documentos\GitHub\JuseaRepository\vendor\codeigniter4\framework\system\Boot.php(417): CodeIgniter\CodeIgniter->run()
#8 C:\Users\pablo\OneDrive\Documentos\GitHub\JuseaRepository\vendor\codeigniter4\framework\system\Boot.php(68): CodeIgniter\Boot::runCodeIgniter(Object(CodeIgniter\CodeIgniter))
#9 C:\Users\pablo\OneDrive\Documentos\GitHub\JuseaRepository\public\index.php(54): CodeIgniter\Boot::bootWeb(Object(Config\Paths))
#10 {main}
[Method: GET, Route: api/persona/buscar-apellido]
in SYSTEMPATH\Format\JSONFormatter.php on line 47.
 1 [internal function]: CodeIgniter\Debug\Exceptions->shutdownHandler()
CRITICAL - 2026-05-06 14:24:43 --> CodeIgniter\Format\Exceptions\FormatException: Failed to parse JSON string. Error: Malformed UTF-8 characters, possibly incorrectly encoded
[Method: GET, Route: api/persona/buscar-apellido]
in SYSTEMPATH\Format\JSONFormatter.php on line 47.
 1 SYSTEMPATH\Format\JSONFormatter.php(47): CodeIgniter\Format\Exceptions\FormatException::forInvalidJSON('Malformed UTF-8 characters, possibly incorrectly encoded')
 2 SYSTEMPATH\HTTP\ResponseTrait.php(252): CodeIgniter\Format\JSONFormatter->format([...])
 3 SYSTEMPATH\HTTP\ResponseTrait.php(178): CodeIgniter\HTTP\Response->formatBody([...], 'json')
 4 APPPATH\Controllers\ApiController.php(51): CodeIgniter\HTTP\Response->setJSON([...])
 5 SYSTEMPATH\CodeIgniter.php(951): App\Controllers\ApiController->buscarPersonaPorApellido()
 6 SYSTEMPATH\CodeIgniter.php(497): CodeIgniter\CodeIgniter->runController(Object(App\Controllers\ApiController))
 7 SYSTEMPATH\CodeIgniter.php(340): CodeIgniter\CodeIgniter->handleRequest(null, Object(Config\Cache), false)
 8 SYSTEMPATH\Boot.php(417): CodeIgniter\CodeIgniter->run()
 9 SYSTEMPATH\Boot.php(68): CodeIgniter\Boot::runCodeIgniter(Object(CodeIgniter\CodeIgniter))
10 FCPATH\index.php(54): CodeIgniter\Boot::bootWeb(Object(Config\Paths))
CRITICAL - 2026-05-06 14:24:43 --> ErrorException: Uncaught CodeIgniter\Format\Exceptions\FormatException: Failed to parse JSON string. Error: Malformed UTF-8 characters, possibly incorrectly encoded in C:\Users\pablo\OneDrive\Documentos\GitHub\JuseaRepository\vendor\codeigniter4\framework\system\Format\JSONFormatter.php:47
Stack trace:
#0 C:\Users\pablo\OneDrive\Documentos\GitHub\JuseaRepository\vendor\codeigniter4\framework\system\Format\JSONFormatter.php(47): CodeIgniter\Format\Exceptions\FormatException::forInvalidJSON('Malformed UTF-8...')
#1 C:\Users\pablo\OneDrive\Documentos\GitHub\JuseaRepository\vendor\codeigniter4\framework\system\API\ResponseTrait.php(352): CodeIgniter\Format\JSONFormatter->format(Array)
#2 C:\Users\pablo\OneDrive\Documentos\GitHub\JuseaRepository\vendor\codeigniter4\framework\system\API\ResponseTrait.php(111): CodeIgniter\Debug\ExceptionHandler->format(Array)
#3 C:\Users\pablo\OneDrive\Documentos\GitHub\JuseaRepository\vendor\codeigniter4\framework\system\Debug\ExceptionHandler.php(95): CodeIgniter\Debug\ExceptionHandler->respond(Array, 500)
#4 C:\Users\pablo\OneDrive\Documentos\GitHub\JuseaRepository\vendor\codeigniter4\framework\system\Debug\Exceptions.php(151): CodeIgniter\Debug\ExceptionHandler->handle(Object(CodeIgniter\Format\Exceptions\FormatException), Object(CodeIgniter\HTTP\IncomingRequest), Object(CodeIgniter\HTTP\Response), 500, 1)
#5 [internal function]: CodeIgniter\Debug\Exceptions->exceptionHandler(Object(CodeIgniter\Format\Exceptions\FormatException))
#6 {main}
  thrown
【Previous Exception】
CodeIgniter\Format\Exceptions\FormatException
Failed to parse JSON string. Error: Malformed UTF-8 characters, possibly incorrectly encoded
#0 C:\Users\pablo\OneDrive\Documentos\GitHub\JuseaRepository\vendor\codeigniter4\framework\system\Format\JSONFormatter.php(47): CodeIgniter\Format\Exceptions\FormatException::forInvalidJSON('Malformed UTF-8...')
#1 C:\Users\pablo\OneDrive\Documentos\GitHub\JuseaRepository\vendor\codeigniter4\framework\system\HTTP\ResponseTrait.php(252): CodeIgniter\Format\JSONFormatter->format(Array)
#2 C:\Users\pablo\OneDrive\Documentos\GitHub\JuseaRepository\vendor\codeigniter4\framework\system\HTTP\ResponseTrait.php(178): CodeIgniter\HTTP\Response->formatBody(Array, 'json')
#3 C:\Users\pablo\OneDrive\Documentos\GitHub\JuseaRepository\app\Controllers\ApiController.php(51): CodeIgniter\HTTP\Response->setJSON(Array)
#4 C:\Users\pablo\OneDrive\Documentos\GitHub\JuseaRepository\vendor\codeigniter4\framework\system\CodeIgniter.php(951): App\Controllers\ApiController->buscarPersonaPorApellido()
#5 C:\Users\pablo\OneDrive\Documentos\GitHub\JuseaRepository\vendor\codeigniter4\framework\system\CodeIgniter.php(497): CodeIgniter\CodeIgniter->runController(Object(App\Controllers\ApiController))
#6 C:\Users\pablo\OneDrive\Documentos\GitHub\JuseaRepository\vendor\codeigniter4\framework\system\CodeIgniter.php(340): CodeIgniter\CodeIgniter->handleRequest(NULL, Object(Config\Cache), false)
#7 C:\Users\pablo\OneDrive\Documentos\GitHub\JuseaRepository\vendor\codeigniter4\framework\system\Boot.php(417): CodeIgniter\CodeIgniter->run()
#8 C:\Users\pablo\OneDrive\Documentos\GitHub\JuseaRepository\vendor\codeigniter4\framework\system\Boot.php(68): CodeIgniter\Boot::runCodeIgniter(Object(CodeIgniter\CodeIgniter))
#9 C:\Users\pablo\OneDrive\Documentos\GitHub\JuseaRepository\public\index.php(54): CodeIgniter\Boot::bootWeb(Object(Config\Paths))
#10 {main}
[Method: GET, Route: api/persona/buscar-apellido]
in SYSTEMPATH\Format\JSONFormatter.php on line 47.
 1 [internal function]: CodeIgniter\Debug\Exceptions->shutdownHandler()
CRITICAL - 2026-05-06 14:24:46 --> CodeIgniter\Format\Exceptions\FormatException: Failed to parse JSON string. Error: Malformed UTF-8 characters, possibly incorrectly encoded
[Method: GET, Route: api/persona/buscar-apellido]
in SYSTEMPATH\Format\JSONFormatter.php on line 47.
 1 SYSTEMPATH\Format\JSONFormatter.php(47): CodeIgniter\Format\Exceptions\FormatException::forInvalidJSON('Malformed UTF-8 characters, possibly incorrectly encoded')
 2 SYSTEMPATH\HTTP\ResponseTrait.php(252): CodeIgniter\Format\JSONFormatter->format([...])
 3 SYSTEMPATH\HTTP\ResponseTrait.php(178): CodeIgniter\HTTP\Response->formatBody([...], 'json')
 4 APPPATH\Controllers\ApiController.php(51): CodeIgniter\HTTP\Response->setJSON([...])
 5 SYSTEMPATH\CodeIgniter.php(951): App\Controllers\ApiController->buscarPersonaPorApellido()
 6 SYSTEMPATH\CodeIgniter.php(497): CodeIgniter\CodeIgniter->runController(Object(App\Controllers\ApiController))
 7 SYSTEMPATH\CodeIgniter.php(340): CodeIgniter\CodeIgniter->handleRequest(null, Object(Config\Cache), false)
 8 SYSTEMPATH\Boot.php(417): CodeIgniter\CodeIgniter->run()
 9 SYSTEMPATH\Boot.php(68): CodeIgniter\Boot::runCodeIgniter(Object(CodeIgniter\CodeIgniter))
10 FCPATH\index.php(54): CodeIgniter\Boot::bootWeb(Object(Config\Paths))
CRITICAL - 2026-05-06 14:24:46 --> ErrorException: Uncaught CodeIgniter\Format\Exceptions\FormatException: Failed to parse JSON string. Error: Malformed UTF-8 characters, possibly incorrectly encoded in C:\Users\pablo\OneDrive\Documentos\GitHub\JuseaRepository\vendor\codeigniter4\framework\system\Format\JSONFormatter.php:47
Stack trace:
#0 C:\Users\pablo\OneDrive\Documentos\GitHub\JuseaRepository\vendor\codeigniter4\framework\system\Format\JSONFormatter.php(47): CodeIgniter\Format\Exceptions\FormatException::forInvalidJSON('Malformed UTF-8...')
#1 C:\Users\pablo\OneDrive\Documentos\GitHub\JuseaRepository\vendor\codeigniter4\framework\system\API\ResponseTrait.php(352): CodeIgniter\Format\JSONFormatter->format(Array)
#2 C:\Users\pablo\OneDrive\Documentos\GitHub\JuseaRepository\vendor\codeigniter4\framework\system\API\ResponseTrait.php(111): CodeIgniter\Debug\ExceptionHandler->format(Array)
#3 C:\Users\pablo\OneDrive\Documentos\GitHub\JuseaRepository\vendor\codeigniter4\framework\system\Debug\ExceptionHandler.php(95): CodeIgniter\Debug\ExceptionHandler->respond(Array, 500)
#4 C:\Users\pablo\OneDrive\Documentos\GitHub\JuseaRepository\vendor\codeigniter4\framework\system\Debug\Exceptions.php(151): CodeIgniter\Debug\ExceptionHandler->handle(Object(CodeIgniter\Format\Exceptions\FormatException), Object(CodeIgniter\HTTP\IncomingRequest), Object(CodeIgniter\HTTP\Response), 500, 1)
#5 [internal function]: CodeIgniter\Debug\Exceptions->exceptionHandler(Object(CodeIgniter\Format\Exceptions\FormatException))
#6 {main}
  thrown
【Previous Exception】
CodeIgniter\Format\Exceptions\FormatException
Failed to parse JSON string. Error: Malformed UTF-8 characters, possibly incorrectly encoded
#0 C:\Users\pablo\OneDrive\Documentos\GitHub\JuseaRepository\vendor\codeigniter4\framework\system\Format\JSONFormatter.php(47): CodeIgniter\Format\Exceptions\FormatException::forInvalidJSON('Malformed UTF-8...')
#1 C:\Users\pablo\OneDrive\Documentos\GitHub\JuseaRepository\vendor\codeigniter4\framework\system\HTTP\ResponseTrait.php(252): CodeIgniter\Format\JSONFormatter->format(Array)
#2 C:\Users\pablo\OneDrive\Documentos\GitHub\JuseaRepository\vendor\codeigniter4\framework\system\HTTP\ResponseTrait.php(178): CodeIgniter\HTTP\Response->formatBody(Array, 'json')
#3 C:\Users\pablo\OneDrive\Documentos\GitHub\JuseaRepository\app\Controllers\ApiController.php(51): CodeIgniter\HTTP\Response->setJSON(Array)
#4 C:\Users\pablo\OneDrive\Documentos\GitHub\JuseaRepository\vendor\codeigniter4\framework\system\CodeIgniter.php(951): App\Controllers\ApiController->buscarPersonaPorApellido()
#5 C:\Users\pablo\OneDrive\Documentos\GitHub\JuseaRepository\vendor\codeigniter4\framework\system\CodeIgniter.php(497): CodeIgniter\CodeIgniter->runController(Object(App\Controllers\ApiController))
#6 C:\Users\pablo\OneDrive\Documentos\GitHub\JuseaRepository\vendor\codeigniter4\framework\system\CodeIgniter.php(340): CodeIgniter\CodeIgniter->handleRequest(NULL, Object(Config\Cache), false)
#7 C:\Users\pablo\OneDrive\Documentos\GitHub\JuseaRepository\vendor\codeigniter4\framework\system\Boot.php(417): CodeIgniter\CodeIgniter->run()
#8 C:\Users\pablo\OneDrive\Documentos\GitHub\JuseaRepository\vendor\codeigniter4\framework\system\Boot.php(68): CodeIgniter\Boot::runCodeIgniter(Object(CodeIgniter\CodeIgniter))
#9 C:\Users\pablo\OneDrive\Documentos\GitHub\JuseaRepository\public\index.php(54): CodeIgniter\Boot::bootWeb(Object(Config\Paths))
#10 {main}
[Method: GET, Route: api/persona/buscar-apellido]
in SYSTEMPATH\Format\JSONFormatter.php on line 47.
 1 [internal function]: CodeIgniter\Debug\Exceptions->shutdownHandler()
CRITICAL - 2026-05-06 14:24:46 --> CodeIgniter\Format\Exceptions\FormatException: Failed to parse JSON string. Error: Malformed UTF-8 characters, possibly incorrectly encoded
[Method: GET, Route: api/persona/buscar-apellido]
in SYSTEMPATH\Format\JSONFormatter.php on line 47.
 1 SYSTEMPATH\Format\JSONFormatter.php(47): CodeIgniter\Format\Exceptions\FormatException::forInvalidJSON('Malformed UTF-8 characters, possibly incorrectly encoded')
 2 SYSTEMPATH\HTTP\ResponseTrait.php(252): CodeIgniter\Format\JSONFormatter->format([...])
 3 SYSTEMPATH\HTTP\ResponseTrait.php(178): CodeIgniter\HTTP\Response->formatBody([...], 'json')
 4 APPPATH\Controllers\ApiController.php(51): CodeIgniter\HTTP\Response->setJSON([...])
 5 SYSTEMPATH\CodeIgniter.php(951): App\Controllers\ApiController->buscarPersonaPorApellido()
 6 SYSTEMPATH\CodeIgniter.php(497): CodeIgniter\CodeIgniter->runController(Object(App\Controllers\ApiController))
 7 SYSTEMPATH\CodeIgniter.php(340): CodeIgniter\CodeIgniter->handleRequest(null, Object(Config\Cache), false)
 8 SYSTEMPATH\Boot.php(417): CodeIgniter\CodeIgniter->run()
 9 SYSTEMPATH\Boot.php(68): CodeIgniter\Boot::runCodeIgniter(Object(CodeIgniter\CodeIgniter))
10 FCPATH\index.php(54): CodeIgniter\Boot::bootWeb(Object(Config\Paths))
CRITICAL - 2026-05-06 14:24:46 --> ErrorException: Uncaught CodeIgniter\Format\Exceptions\FormatException: Failed to parse JSON string. Error: Malformed UTF-8 characters, possibly incorrectly encoded in C:\Users\pablo\OneDrive\Documentos\GitHub\JuseaRepository\vendor\codeigniter4\framework\system\Format\JSONFormatter.php:47
Stack trace:
#0 C:\Users\pablo\OneDrive\Documentos\GitHub\JuseaRepository\vendor\codeigniter4\framework\system\Format\JSONFormatter.php(47): CodeIgniter\Format\Exceptions\FormatException::forInvalidJSON('Malformed UTF-8...')
#1 C:\Users\pablo\OneDrive\Documentos\GitHub\JuseaRepository\vendor\codeigniter4\framework\system\API\ResponseTrait.php(352): CodeIgniter\Format\JSONFormatter->format(Array)
#2 C:\Users\pablo\OneDrive\Documentos\GitHub\JuseaRepository\vendor\codeigniter4\framework\system\API\ResponseTrait.php(111): CodeIgniter\Debug\ExceptionHandler->format(Array)
#3 C:\Users\pablo\OneDrive\Documentos\GitHub\JuseaRepository\vendor\codeigniter4\framework\system\Debug\ExceptionHandler.php(95): CodeIgniter\Debug\ExceptionHandler->respond(Array, 500)
#4 C:\Users\pablo\OneDrive\Documentos\GitHub\JuseaRepository\vendor\codeigniter4\framework\system\Debug\Exceptions.php(151): CodeIgniter\Debug\ExceptionHandler->handle(Object(CodeIgniter\Format\Exceptions\FormatException), Object(CodeIgniter\HTTP\IncomingRequest), Object(CodeIgniter\HTTP\Response), 500, 1)
#5 [internal function]: CodeIgniter\Debug\Exceptions->exceptionHandler(Object(CodeIgniter\Format\Exceptions\FormatException))
#6 {main}
  thrown
【Previous Exception】
CodeIgniter\Format\Exceptions\FormatException
Failed to parse JSON string. Error: Malformed UTF-8 characters, possibly incorrectly encoded
#0 C:\Users\pablo\OneDrive\Documentos\GitHub\JuseaRepository\vendor\codeigniter4\framework\system\Format\JSONFormatter.php(47): CodeIgniter\Format\Exceptions\FormatException::forInvalidJSON('Malformed UTF-8...')
#1 C:\Users\pablo\OneDrive\Documentos\GitHub\JuseaRepository\vendor\codeigniter4\framework\system\HTTP\ResponseTrait.php(252): CodeIgniter\Format\JSONFormatter->format(Array)
#2 C:\Users\pablo\OneDrive\Documentos\GitHub\JuseaRepository\vendor\codeigniter4\framework\system\HTTP\ResponseTrait.php(178): CodeIgniter\HTTP\Response->formatBody(Array, 'json')
#3 C:\Users\pablo\OneDrive\Documentos\GitHub\JuseaRepository\app\Controllers\ApiController.php(51): CodeIgniter\HTTP\Response->setJSON(Array)
#4 C:\Users\pablo\OneDrive\Documentos\GitHub\JuseaRepository\vendor\codeigniter4\framework\system\CodeIgniter.php(951): App\Controllers\ApiController->buscarPersonaPorApellido()
#5 C:\Users\pablo\OneDrive\Documentos\GitHub\JuseaRepository\vendor\codeigniter4\framework\system\CodeIgniter.php(497): CodeIgniter\CodeIgniter->runController(Object(App\Controllers\ApiController))
#6 C:\Users\pablo\OneDrive\Documentos\GitHub\JuseaRepository\vendor\codeigniter4\framework\system\CodeIgniter.php(340): CodeIgniter\CodeIgniter->handleRequest(NULL, Object(Config\Cache), false)
#7 C:\Users\pablo\OneDrive\Documentos\GitHub\JuseaRepository\vendor\codeigniter4\framework\system\Boot.php(417): CodeIgniter\CodeIgniter->run()
#8 C:\Users\pablo\OneDrive\Documentos\GitHub\JuseaRepository\vendor\codeigniter4\framework\system\Boot.php(68): CodeIgniter\Boot::runCodeIgniter(Object(CodeIgniter\CodeIgniter))
#9 C:\Users\pablo\OneDrive\Documentos\GitHub\JuseaRepository\public\index.php(54): CodeIgniter\Boot::bootWeb(Object(Config\Paths))
#10 {main}
[Method: GET, Route: api/persona/buscar-apellido]
in SYSTEMPATH\Format\JSONFormatter.php on line 47.
 1 [internal function]: CodeIgniter\Debug\Exceptions->shutdownHandler()
CRITICAL - 2026-05-06 14:25:11 --> CodeIgniter\Format\Exceptions\FormatException: Failed to parse JSON string. Error: Malformed UTF-8 characters, possibly incorrectly encoded
[Method: GET, Route: api/persona/buscar-apellido]
in SYSTEMPATH\Format\JSONFormatter.php on line 47.
 1 SYSTEMPATH\Format\JSONFormatter.php(47): CodeIgniter\Format\Exceptions\FormatException::forInvalidJSON('Malformed UTF-8 characters, possibly incorrectly encoded')
 2 SYSTEMPATH\HTTP\ResponseTrait.php(252): CodeIgniter\Format\JSONFormatter->format([...])
 3 SYSTEMPATH\HTTP\ResponseTrait.php(178): CodeIgniter\HTTP\Response->formatBody([...], 'json')
 4 APPPATH\Controllers\ApiController.php(51): CodeIgniter\HTTP\Response->setJSON([...])
 5 SYSTEMPATH\CodeIgniter.php(951): App\Controllers\ApiController->buscarPersonaPorApellido()
 6 SYSTEMPATH\CodeIgniter.php(497): CodeIgniter\CodeIgniter->runController(Object(App\Controllers\ApiController))
 7 SYSTEMPATH\CodeIgniter.php(340): CodeIgniter\CodeIgniter->handleRequest(null, Object(Config\Cache), false)
 8 SYSTEMPATH\Boot.php(417): CodeIgniter\CodeIgniter->run()
 9 SYSTEMPATH\Boot.php(68): CodeIgniter\Boot::runCodeIgniter(Object(CodeIgniter\CodeIgniter))
10 FCPATH\index.php(54): CodeIgniter\Boot::bootWeb(Object(Config\Paths))
CRITICAL - 2026-05-06 14:25:11 --> ErrorException: Uncaught CodeIgniter\Format\Exceptions\FormatException: Failed to parse JSON string. Error: Malformed UTF-8 characters, possibly incorrectly encoded in C:\Users\pablo\OneDrive\Documentos\GitHub\JuseaRepository\vendor\codeigniter4\framework\system\Format\JSONFormatter.php:47
Stack trace:
#0 C:\Users\pablo\OneDrive\Documentos\GitHub\JuseaRepository\vendor\codeigniter4\framework\system\Format\JSONFormatter.php(47): CodeIgniter\Format\Exceptions\FormatException::forInvalidJSON('Malformed UTF-8...')
#1 C:\Users\pablo\OneDrive\Documentos\GitHub\JuseaRepository\vendor\codeigniter4\framework\system\API\ResponseTrait.php(352): CodeIgniter\Format\JSONFormatter->format(Array)
#2 C:\Users\pablo\OneDrive\Documentos\GitHub\JuseaRepository\vendor\codeigniter4\framework\system\API\ResponseTrait.php(111): CodeIgniter\Debug\ExceptionHandler->format(Array)
#3 C:\Users\pablo\OneDrive\Documentos\GitHub\JuseaRepository\vendor\codeigniter4\framework\system\Debug\ExceptionHandler.php(95): CodeIgniter\Debug\ExceptionHandler->respond(Array, 500)
#4 C:\Users\pablo\OneDrive\Documentos\GitHub\JuseaRepository\vendor\codeigniter4\framework\system\Debug\Exceptions.php(151): CodeIgniter\Debug\ExceptionHandler->handle(Object(CodeIgniter\Format\Exceptions\FormatException), Object(CodeIgniter\HTTP\IncomingRequest), Object(CodeIgniter\HTTP\Response), 500, 1)
#5 [internal function]: CodeIgniter\Debug\Exceptions->exceptionHandler(Object(CodeIgniter\Format\Exceptions\FormatException))
#6 {main}
  thrown
【Previous Exception】
CodeIgniter\Format\Exceptions\FormatException
Failed to parse JSON string. Error: Malformed UTF-8 characters, possibly incorrectly encoded
#0 C:\Users\pablo\OneDrive\Documentos\GitHub\JuseaRepository\vendor\codeigniter4\framework\system\Format\JSONFormatter.php(47): CodeIgniter\Format\Exceptions\FormatException::forInvalidJSON('Malformed UTF-8...')
#1 C:\Users\pablo\OneDrive\Documentos\GitHub\JuseaRepository\vendor\codeigniter4\framework\system\HTTP\ResponseTrait.php(252): CodeIgniter\Format\JSONFormatter->format(Array)
#2 C:\Users\pablo\OneDrive\Documentos\GitHub\JuseaRepository\vendor\codeigniter4\framework\system\HTTP\ResponseTrait.php(178): CodeIgniter\HTTP\Response->formatBody(Array, 'json')
#3 C:\Users\pablo\OneDrive\Documentos\GitHub\JuseaRepository\app\Controllers\ApiController.php(51): CodeIgniter\HTTP\Response->setJSON(Array)
#4 C:\Users\pablo\OneDrive\Documentos\GitHub\JuseaRepository\vendor\codeigniter4\framework\system\CodeIgniter.php(951): App\Controllers\ApiController->buscarPersonaPorApellido()
#5 C:\Users\pablo\OneDrive\Documentos\GitHub\JuseaRepository\vendor\codeigniter4\framework\system\CodeIgniter.php(497): CodeIgniter\CodeIgniter->runController(Object(App\Controllers\ApiController))
#6 C:\Users\pablo\OneDrive\Documentos\GitHub\JuseaRepository\vendor\codeigniter4\framework\system\CodeIgniter.php(340): CodeIgniter\CodeIgniter->handleRequest(NULL, Object(Config\Cache), false)
#7 C:\Users\pablo\OneDrive\Documentos\GitHub\JuseaRepository\vendor\codeigniter4\framework\system\Boot.php(417): CodeIgniter\CodeIgniter->run()
#8 C:\Users\pablo\OneDrive\Documentos\GitHub\JuseaRepository\vendor\codeigniter4\framework\system\Boot.php(68): CodeIgniter\Boot::runCodeIgniter(Object(CodeIgniter\CodeIgniter))
#9 C:\Users\pablo\OneDrive\Documentos\GitHub\JuseaRepository\public\index.php(54): CodeIgniter\Boot::bootWeb(Object(Config\Paths))
#10 {main}
[Method: GET, Route: api/persona/buscar-apellido]
in SYSTEMPATH\Format\JSONFormatter.php on line 47.
 1 [internal function]: CodeIgniter\Debug\Exceptions->shutdownHandler()
CRITICAL - 2026-05-06 14:25:11 --> CodeIgniter\Format\Exceptions\FormatException: Failed to parse JSON string. Error: Malformed UTF-8 characters, possibly incorrectly encoded
[Method: GET, Route: api/persona/buscar-apellido]
in SYSTEMPATH\Format\JSONFormatter.php on line 47.
 1 SYSTEMPATH\Format\JSONFormatter.php(47): CodeIgniter\Format\Exceptions\FormatException::forInvalidJSON('Malformed UTF-8 characters, possibly incorrectly encoded')
 2 SYSTEMPATH\HTTP\ResponseTrait.php(252): CodeIgniter\Format\JSONFormatter->format([...])
 3 SYSTEMPATH\HTTP\ResponseTrait.php(178): CodeIgniter\HTTP\Response->formatBody([...], 'json')
 4 APPPATH\Controllers\ApiController.php(51): CodeIgniter\HTTP\Response->setJSON([...])
 5 SYSTEMPATH\CodeIgniter.php(951): App\Controllers\ApiController->buscarPersonaPorApellido()
 6 SYSTEMPATH\CodeIgniter.php(497): CodeIgniter\CodeIgniter->runController(Object(App\Controllers\ApiController))
 7 SYSTEMPATH\CodeIgniter.php(340): CodeIgniter\CodeIgniter->handleRequest(null, Object(Config\Cache), false)
 8 SYSTEMPATH\Boot.php(417): CodeIgniter\CodeIgniter->run()
 9 SYSTEMPATH\Boot.php(68): CodeIgniter\Boot::runCodeIgniter(Object(CodeIgniter\CodeIgniter))
10 FCPATH\index.php(54): CodeIgniter\Boot::bootWeb(Object(Config\Paths))
CRITICAL - 2026-05-06 14:25:11 --> ErrorException: Uncaught CodeIgniter\Format\Exceptions\FormatException: Failed to parse JSON string. Error: Malformed UTF-8 characters, possibly incorrectly encoded in C:\Users\pablo\OneDrive\Documentos\GitHub\JuseaRepository\vendor\codeigniter4\framework\system\Format\JSONFormatter.php:47
Stack trace:
#0 C:\Users\pablo\OneDrive\Documentos\GitHub\JuseaRepository\vendor\codeigniter4\framework\system\Format\JSONFormatter.php(47): CodeIgniter\Format\Exceptions\FormatException::forInvalidJSON('Malformed UTF-8...')
#1 C:\Users\pablo\OneDrive\Documentos\GitHub\JuseaRepository\vendor\codeigniter4\framework\system\API\ResponseTrait.php(352): CodeIgniter\Format\JSONFormatter->format(Array)
#2 C:\Users\pablo\OneDrive\Documentos\GitHub\JuseaRepository\vendor\codeigniter4\framework\system\API\ResponseTrait.php(111): CodeIgniter\Debug\ExceptionHandler->format(Array)
#3 C:\Users\pablo\OneDrive\Documentos\GitHub\JuseaRepository\vendor\codeigniter4\framework\system\Debug\ExceptionHandler.php(95): CodeIgniter\Debug\ExceptionHandler->respond(Array, 500)
#4 C:\Users\pablo\OneDrive\Documentos\GitHub\JuseaRepository\vendor\codeigniter4\framework\system\Debug\Exceptions.php(151): CodeIgniter\Debug\ExceptionHandler->handle(Object(CodeIgniter\Format\Exceptions\FormatException), Object(CodeIgniter\HTTP\IncomingRequest), Object(CodeIgniter\HTTP\Response), 500, 1)
#5 [internal function]: CodeIgniter\Debug\Exceptions->exceptionHandler(Object(CodeIgniter\Format\Exceptions\FormatException))
#6 {main}
  thrown
【Previous Exception】
CodeIgniter\Format\Exceptions\FormatException
Failed to parse JSON string. Error: Malformed UTF-8 characters, possibly incorrectly encoded
#0 C:\Users\pablo\OneDrive\Documentos\GitHub\JuseaRepository\vendor\codeigniter4\framework\system\Format\JSONFormatter.php(47): CodeIgniter\Format\Exceptions\FormatException::forInvalidJSON('Malformed UTF-8...')
#1 C:\Users\pablo\OneDrive\Documentos\GitHub\JuseaRepository\vendor\codeigniter4\framework\system\HTTP\ResponseTrait.php(252): CodeIgniter\Format\JSONFormatter->format(Array)
#2 C:\Users\pablo\OneDrive\Documentos\GitHub\JuseaRepository\vendor\codeigniter4\framework\system\HTTP\ResponseTrait.php(178): CodeIgniter\HTTP\Response->formatBody(Array, 'json')
#3 C:\Users\pablo\OneDrive\Documentos\GitHub\JuseaRepository\app\Controllers\ApiController.php(51): CodeIgniter\HTTP\Response->setJSON(Array)
#4 C:\Users\pablo\OneDrive\Documentos\GitHub\JuseaRepository\vendor\codeigniter4\framework\system\CodeIgniter.php(951): App\Controllers\ApiController->buscarPersonaPorApellido()
#5 C:\Users\pablo\OneDrive\Documentos\GitHub\JuseaRepository\vendor\codeigniter4\framework\system\CodeIgniter.php(497): CodeIgniter\CodeIgniter->runController(Object(App\Controllers\ApiController))
#6 C:\Users\pablo\OneDrive\Documentos\GitHub\JuseaRepository\vendor\codeigniter4\framework\system\CodeIgniter.php(340): CodeIgniter\CodeIgniter->handleRequest(NULL, Object(Config\Cache), false)
#7 C:\Users\pablo\OneDrive\Documentos\GitHub\JuseaRepository\vendor\codeigniter4\framework\system\Boot.php(417): CodeIgniter\CodeIgniter->run()
#8 C:\Users\pablo\OneDrive\Documentos\GitHub\JuseaRepository\vendor\codeigniter4\framework\system\Boot.php(68): CodeIgniter\Boot::runCodeIgniter(Object(CodeIgniter\CodeIgniter))
#9 C:\Users\pablo\OneDrive\Documentos\GitHub\JuseaRepository\public\index.php(54): CodeIgniter\Boot::bootWeb(Object(Config\Paths))
#10 {main}
[Method: GET, Route: api/persona/buscar-apellido]
in SYSTEMPATH\Format\JSONFormatter.php on line 47.
 1 [internal function]: CodeIgniter\Debug\Exceptions->shutdownHandler()
CRITICAL - 2026-05-06 14:25:11 --> CodeIgniter\Format\Exceptions\FormatException: Failed to parse JSON string. Error: Malformed UTF-8 characters, possibly incorrectly encoded
[Method: GET, Route: api/persona/buscar-apellido]
in SYSTEMPATH\Format\JSONFormatter.php on line 47.
 1 SYSTEMPATH\Format\JSONFormatter.php(47): CodeIgniter\Format\Exceptions\FormatException::forInvalidJSON('Malformed UTF-8 characters, possibly incorrectly encoded')
 2 SYSTEMPATH\HTTP\ResponseTrait.php(252): CodeIgniter\Format\JSONFormatter->format([...])
 3 SYSTEMPATH\HTTP\ResponseTrait.php(178): CodeIgniter\HTTP\Response->formatBody([...], 'json')
 4 APPPATH\Controllers\ApiController.php(51): CodeIgniter\HTTP\Response->setJSON([...])
 5 SYSTEMPATH\CodeIgniter.php(951): App\Controllers\ApiController->buscarPersonaPorApellido()
 6 SYSTEMPATH\CodeIgniter.php(497): CodeIgniter\CodeIgniter->runController(Object(App\Controllers\ApiController))
 7 SYSTEMPATH\CodeIgniter.php(340): CodeIgniter\CodeIgniter->handleRequest(null, Object(Config\Cache), false)
 8 SYSTEMPATH\Boot.php(417): CodeIgniter\CodeIgniter->run()
 9 SYSTEMPATH\Boot.php(68): CodeIgniter\Boot::runCodeIgniter(Object(CodeIgniter\CodeIgniter))
10 FCPATH\index.php(54): CodeIgniter\Boot::bootWeb(Object(Config\Paths))
CRITICAL - 2026-05-06 14:25:11 --> ErrorException: Uncaught CodeIgniter\Format\Exceptions\FormatException: Failed to parse JSON string. Error: Malformed UTF-8 characters, possibly incorrectly encoded in C:\Users\pablo\OneDrive\Documentos\GitHub\JuseaRepository\vendor\codeigniter4\framework\system\Format\JSONFormatter.php:47
Stack trace:
#0 C:\Users\pablo\OneDrive\Documentos\GitHub\JuseaRepository\vendor\codeigniter4\framework\system\Format\JSONFormatter.php(47): CodeIgniter\Format\Exceptions\FormatException::forInvalidJSON('Malformed UTF-8...')
#1 C:\Users\pablo\OneDrive\Documentos\GitHub\JuseaRepository\vendor\codeigniter4\framework\system\API\ResponseTrait.php(352): CodeIgniter\Format\JSONFormatter->format(Array)
#2 C:\Users\pablo\OneDrive\Documentos\GitHub\JuseaRepository\vendor\codeigniter4\framework\system\API\ResponseTrait.php(111): CodeIgniter\Debug\ExceptionHandler->format(Array)
#3 C:\Users\pablo\OneDrive\Documentos\GitHub\JuseaRepository\vendor\codeigniter4\framework\system\Debug\ExceptionHandler.php(95): CodeIgniter\Debug\ExceptionHandler->respond(Array, 500)
#4 C:\Users\pablo\OneDrive\Documentos\GitHub\JuseaRepository\vendor\codeigniter4\framework\system\Debug\Exceptions.php(151): CodeIgniter\Debug\ExceptionHandler->handle(Object(CodeIgniter\Format\Exceptions\FormatException), Object(CodeIgniter\HTTP\IncomingRequest), Object(CodeIgniter\HTTP\Response), 500, 1)
#5 [internal function]: CodeIgniter\Debug\Exceptions->exceptionHandler(Object(CodeIgniter\Format\Exceptions\FormatException))
#6 {main}
  thrown
【Previous Exception】
CodeIgniter\Format\Exceptions\FormatException
Failed to parse JSON string. Error: Malformed UTF-8 characters, possibly incorrectly encoded
#0 C:\Users\pablo\OneDrive\Documentos\GitHub\JuseaRepository\vendor\codeigniter4\framework\system\Format\JSONFormatter.php(47): CodeIgniter\Format\Exceptions\FormatException::forInvalidJSON('Malformed UTF-8...')
#1 C:\Users\pablo\OneDrive\Documentos\GitHub\JuseaRepository\vendor\codeigniter4\framework\system\HTTP\ResponseTrait.php(252): CodeIgniter\Format\JSONFormatter->format(Array)
#2 C:\Users\pablo\OneDrive\Documentos\GitHub\JuseaRepository\vendor\codeigniter4\framework\system\HTTP\ResponseTrait.php(178): CodeIgniter\HTTP\Response->formatBody(Array, 'json')
#3 C:\Users\pablo\OneDrive\Documentos\GitHub\JuseaRepository\app\Controllers\ApiController.php(51): CodeIgniter\HTTP\Response->setJSON(Array)
#4 C:\Users\pablo\OneDrive\Documentos\GitHub\JuseaRepository\vendor\codeigniter4\framework\system\CodeIgniter.php(951): App\Controllers\ApiController->buscarPersonaPorApellido()
#5 C:\Users\pablo\OneDrive\Documentos\GitHub\JuseaRepository\vendor\codeigniter4\framework\system\CodeIgniter.php(497): CodeIgniter\CodeIgniter->runController(Object(App\Controllers\ApiController))
#6 C:\Users\pablo\OneDrive\Documentos\GitHub\JuseaRepository\vendor\codeigniter4\framework\system\CodeIgniter.php(340): CodeIgniter\CodeIgniter->handleRequest(NULL, Object(Config\Cache), false)
#7 C:\Users\pablo\OneDrive\Documentos\GitHub\JuseaRepository\vendor\codeigniter4\framework\system\Boot.php(417): CodeIgniter\CodeIgniter->run()
#8 C:\Users\pablo\OneDrive\Documentos\GitHub\JuseaRepository\vendor\codeigniter4\framework\system\Boot.php(68): CodeIgniter\Boot::runCodeIgniter(Object(CodeIgniter\CodeIgniter))
#9 C:\Users\pablo\OneDrive\Documentos\GitHub\JuseaRepository\public\index.php(54): CodeIgniter\Boot::bootWeb(Object(Config\Paths))
#10 {main}
[Method: GET, Route: api/persona/buscar-apellido]
in SYSTEMPATH\Format\JSONFormatter.php on line 47.
 1 [internal function]: CodeIgniter\Debug\Exceptions->shutdownHandler()
CRITICAL - 2026-05-06 14:25:11 --> CodeIgniter\Format\Exceptions\FormatException: Failed to parse JSON string. Error: Malformed UTF-8 characters, possibly incorrectly encoded
[Method: GET, Route: api/persona/buscar-apellido]
in SYSTEMPATH\Format\JSONFormatter.php on line 47.
 1 SYSTEMPATH\Format\JSONFormatter.php(47): CodeIgniter\Format\Exceptions\FormatException::forInvalidJSON('Malformed UTF-8 characters, possibly incorrectly encoded')
 2 SYSTEMPATH\HTTP\ResponseTrait.php(252): CodeIgniter\Format\JSONFormatter->format([...])
 3 SYSTEMPATH\HTTP\ResponseTrait.php(178): CodeIgniter\HTTP\Response->formatBody([...], 'json')
 4 APPPATH\Controllers\ApiController.php(51): CodeIgniter\HTTP\Response->setJSON([...])
 5 SYSTEMPATH\CodeIgniter.php(951): App\Controllers\ApiController->buscarPersonaPorApellido()
 6 SYSTEMPATH\CodeIgniter.php(497): CodeIgniter\CodeIgniter->runController(Object(App\Controllers\ApiController))
 7 SYSTEMPATH\CodeIgniter.php(340): CodeIgniter\CodeIgniter->handleRequest(null, Object(Config\Cache), false)
 8 SYSTEMPATH\Boot.php(417): CodeIgniter\CodeIgniter->run()
 9 SYSTEMPATH\Boot.php(68): CodeIgniter\Boot::runCodeIgniter(Object(CodeIgniter\CodeIgniter))
10 FCPATH\index.php(54): CodeIgniter\Boot::bootWeb(Object(Config\Paths))
CRITICAL - 2026-05-06 14:25:11 --> ErrorException: Uncaught CodeIgniter\Format\Exceptions\FormatException: Failed to parse JSON string. Error: Malformed UTF-8 characters, possibly incorrectly encoded in C:\Users\pablo\OneDrive\Documentos\GitHub\JuseaRepository\vendor\codeigniter4\framework\system\Format\JSONFormatter.php:47
Stack trace:
#0 C:\Users\pablo\OneDrive\Documentos\GitHub\JuseaRepository\vendor\codeigniter4\framework\system\Format\JSONFormatter.php(47): CodeIgniter\Format\Exceptions\FormatException::forInvalidJSON('Malformed UTF-8...')
#1 C:\Users\pablo\OneDrive\Documentos\GitHub\JuseaRepository\vendor\codeigniter4\framework\system\API\ResponseTrait.php(352): CodeIgniter\Format\JSONFormatter->format(Array)
#2 C:\Users\pablo\OneDrive\Documentos\GitHub\JuseaRepository\vendor\codeigniter4\framework\system\API\ResponseTrait.php(111): CodeIgniter\Debug\ExceptionHandler->format(Array)
#3 C:\Users\pablo\OneDrive\Documentos\GitHub\JuseaRepository\vendor\codeigniter4\framework\system\Debug\ExceptionHandler.php(95): CodeIgniter\Debug\ExceptionHandler->respond(Array, 500)
#4 C:\Users\pablo\OneDrive\Documentos\GitHub\JuseaRepository\vendor\codeigniter4\framework\system\Debug\Exceptions.php(151): CodeIgniter\Debug\ExceptionHandler->handle(Object(CodeIgniter\Format\Exceptions\FormatException), Object(CodeIgniter\HTTP\IncomingRequest), Object(CodeIgniter\HTTP\Response), 500, 1)
#5 [internal function]: CodeIgniter\Debug\Exceptions->exceptionHandler(Object(CodeIgniter\Format\Exceptions\FormatException))
#6 {main}
  thrown
【Previous Exception】
CodeIgniter\Format\Exceptions\FormatException
Failed to parse JSON string. Error: Malformed UTF-8 characters, possibly incorrectly encoded
#0 C:\Users\pablo\OneDrive\Documentos\GitHub\JuseaRepository\vendor\codeigniter4\framework\system\Format\JSONFormatter.php(47): CodeIgniter\Format\Exceptions\FormatException::forInvalidJSON('Malformed UTF-8...')
#1 C:\Users\pablo\OneDrive\Documentos\GitHub\JuseaRepository\vendor\codeigniter4\framework\system\HTTP\ResponseTrait.php(252): CodeIgniter\Format\JSONFormatter->format(Array)
#2 C:\Users\pablo\OneDrive\Documentos\GitHub\JuseaRepository\vendor\codeigniter4\framework\system\HTTP\ResponseTrait.php(178): CodeIgniter\HTTP\Response->formatBody(Array, 'json')
#3 C:\Users\pablo\OneDrive\Documentos\GitHub\JuseaRepository\app\Controllers\ApiController.php(51): CodeIgniter\HTTP\Response->setJSON(Array)
#4 C:\Users\pablo\OneDrive\Documentos\GitHub\JuseaRepository\vendor\codeigniter4\framework\system\CodeIgniter.php(951): App\Controllers\ApiController->buscarPersonaPorApellido()
#5 C:\Users\pablo\OneDrive\Documentos\GitHub\JuseaRepository\vendor\codeigniter4\framework\system\CodeIgniter.php(497): CodeIgniter\CodeIgniter->runController(Object(App\Controllers\ApiController))
#6 C:\Users\pablo\OneDrive\Documentos\GitHub\JuseaRepository\vendor\codeigniter4\framework\system\CodeIgniter.php(340): CodeIgniter\CodeIgniter->handleRequest(NULL, Object(Config\Cache), false)
#7 C:\Users\pablo\OneDrive\Documentos\GitHub\JuseaRepository\vendor\codeigniter4\framework\system\Boot.php(417): CodeIgniter\CodeIgniter->run()
#8 C:\Users\pablo\OneDrive\Documentos\GitHub\JuseaRepository\vendor\codeigniter4\framework\system\Boot.php(68): CodeIgniter\Boot::runCodeIgniter(Object(CodeIgniter\CodeIgniter))
#9 C:\Users\pablo\OneDrive\Documentos\GitHub\JuseaRepository\public\index.php(54): CodeIgniter\Boot::bootWeb(Object(Config\Paths))
#10 {main}
[Method: GET, Route: api/persona/buscar-apellido]
in SYSTEMPATH\Format\JSONFormatter.php on line 47.
 1 [internal function]: CodeIgniter\Debug\Exceptions->shutdownHandler()
CRITICAL - 2026-05-06 14:25:12 --> CodeIgniter\Format\Exceptions\FormatException: Failed to parse JSON string. Error: Malformed UTF-8 characters, possibly incorrectly encoded
[Method: GET, Route: api/persona/buscar-apellido]
in SYSTEMPATH\Format\JSONFormatter.php on line 47.
 1 SYSTEMPATH\Format\JSONFormatter.php(47): CodeIgniter\Format\Exceptions\FormatException::forInvalidJSON('Malformed UTF-8 characters, possibly incorrectly encoded')
 2 SYSTEMPATH\HTTP\ResponseTrait.php(252): CodeIgniter\Format\JSONFormatter->format([...])
 3 SYSTEMPATH\HTTP\ResponseTrait.php(178): CodeIgniter\HTTP\Response->formatBody([...], 'json')
 4 APPPATH\Controllers\ApiController.php(51): CodeIgniter\HTTP\Response->setJSON([...])
 5 SYSTEMPATH\CodeIgniter.php(951): App\Controllers\ApiController->buscarPersonaPorApellido()
 6 SYSTEMPATH\CodeIgniter.php(497): CodeIgniter\CodeIgniter->runController(Object(App\Controllers\ApiController))
 7 SYSTEMPATH\CodeIgniter.php(340): CodeIgniter\CodeIgniter->handleRequest(null, Object(Config\Cache), false)
 8 SYSTEMPATH\Boot.php(417): CodeIgniter\CodeIgniter->run()
 9 SYSTEMPATH\Boot.php(68): CodeIgniter\Boot::runCodeIgniter(Object(CodeIgniter\CodeIgniter))
10 FCPATH\index.php(54): CodeIgniter\Boot::bootWeb(Object(Config\Paths))
CRITICAL - 2026-05-06 14:25:12 --> ErrorException: Uncaught CodeIgniter\Format\Exceptions\FormatException: Failed to parse JSON string. Error: Malformed UTF-8 characters, possibly incorrectly encoded in C:\Users\pablo\OneDrive\Documentos\GitHub\JuseaRepository\vendor\codeigniter4\framework\system\Format\JSONFormatter.php:47
Stack trace:
#0 C:\Users\pablo\OneDrive\Documentos\GitHub\JuseaRepository\vendor\codeigniter4\framework\system\Format\JSONFormatter.php(47): CodeIgniter\Format\Exceptions\FormatException::forInvalidJSON('Malformed UTF-8...')
#1 C:\Users\pablo\OneDrive\Documentos\GitHub\JuseaRepository\vendor\codeigniter4\framework\system\API\ResponseTrait.php(352): CodeIgniter\Format\JSONFormatter->format(Array)
#2 C:\Users\pablo\OneDrive\Documentos\GitHub\JuseaRepository\vendor\codeigniter4\framework\system\API\ResponseTrait.php(111): CodeIgniter\Debug\ExceptionHandler->format(Array)
#3 C:\Users\pablo\OneDrive\Documentos\GitHub\JuseaRepository\vendor\codeigniter4\framework\system\Debug\ExceptionHandler.php(95): CodeIgniter\Debug\ExceptionHandler->respond(Array, 500)
#4 C:\Users\pablo\OneDrive\Documentos\GitHub\JuseaRepository\vendor\codeigniter4\framework\system\Debug\Exceptions.php(151): CodeIgniter\Debug\ExceptionHandler->handle(Object(CodeIgniter\Format\Exceptions\FormatException), Object(CodeIgniter\HTTP\IncomingRequest), Object(CodeIgniter\HTTP\Response), 500, 1)
#5 [internal function]: CodeIgniter\Debug\Exceptions->exceptionHandler(Object(CodeIgniter\Format\Exceptions\FormatException))
#6 {main}
  thrown
【Previous Exception】
CodeIgniter\Format\Exceptions\FormatException
Failed to parse JSON string. Error: Malformed UTF-8 characters, possibly incorrectly encoded
#0 C:\Users\pablo\OneDrive\Documentos\GitHub\JuseaRepository\vendor\codeigniter4\framework\system\Format\JSONFormatter.php(47): CodeIgniter\Format\Exceptions\FormatException::forInvalidJSON('Malformed UTF-8...')
#1 C:\Users\pablo\OneDrive\Documentos\GitHub\JuseaRepository\vendor\codeigniter4\framework\system\HTTP\ResponseTrait.php(252): CodeIgniter\Format\JSONFormatter->format(Array)
#2 C:\Users\pablo\OneDrive\Documentos\GitHub\JuseaRepository\vendor\codeigniter4\framework\system\HTTP\ResponseTrait.php(178): CodeIgniter\HTTP\Response->formatBody(Array, 'json')
#3 C:\Users\pablo\OneDrive\Documentos\GitHub\JuseaRepository\app\Controllers\ApiController.php(51): CodeIgniter\HTTP\Response->setJSON(Array)
#4 C:\Users\pablo\OneDrive\Documentos\GitHub\JuseaRepository\vendor\codeigniter4\framework\system\CodeIgniter.php(951): App\Controllers\ApiController->buscarPersonaPorApellido()
#5 C:\Users\pablo\OneDrive\Documentos\GitHub\JuseaRepository\vendor\codeigniter4\framework\system\CodeIgniter.php(497): CodeIgniter\CodeIgniter->runController(Object(App\Controllers\ApiController))
#6 C:\Users\pablo\OneDrive\Documentos\GitHub\JuseaRepository\vendor\codeigniter4\framework\system\CodeIgniter.php(340): CodeIgniter\CodeIgniter->handleRequest(NULL, Object(Config\Cache), false)
#7 C:\Users\pablo\OneDrive\Documentos\GitHub\JuseaRepository\vendor\codeigniter4\framework\system\Boot.php(417): CodeIgniter\CodeIgniter->run()
#8 C:\Users\pablo\OneDrive\Documentos\GitHub\JuseaRepository\vendor\codeigniter4\framework\system\Boot.php(68): CodeIgniter\Boot::runCodeIgniter(Object(CodeIgniter\CodeIgniter))
#9 C:\Users\pablo\OneDrive\Documentos\GitHub\JuseaRepository\public\index.php(54): CodeIgniter\Boot::bootWeb(Object(Config\Paths))
#10 {main}
[Method: GET, Route: api/persona/buscar-apellido]
in SYSTEMPATH\Format\JSONFormatter.php on line 47.
 1 [internal function]: CodeIgniter\Debug\Exceptions->shutdownHandler()
CRITICAL - 2026-05-06 14:25:14 --> CodeIgniter\Format\Exceptions\FormatException: Failed to parse JSON string. Error: Malformed UTF-8 characters, possibly incorrectly encoded
[Method: GET, Route: api/persona/buscar-apellido]
in SYSTEMPATH\Format\JSONFormatter.php on line 47.
 1 SYSTEMPATH\Format\JSONFormatter.php(47): CodeIgniter\Format\Exceptions\FormatException::forInvalidJSON('Malformed UTF-8 characters, possibly incorrectly encoded')
 2 SYSTEMPATH\HTTP\ResponseTrait.php(252): CodeIgniter\Format\JSONFormatter->format([...])
 3 SYSTEMPATH\HTTP\ResponseTrait.php(178): CodeIgniter\HTTP\Response->formatBody([...], 'json')
 4 APPPATH\Controllers\ApiController.php(51): CodeIgniter\HTTP\Response->setJSON([...])
 5 SYSTEMPATH\CodeIgniter.php(951): App\Controllers\ApiController->buscarPersonaPorApellido()
 6 SYSTEMPATH\CodeIgniter.php(497): CodeIgniter\CodeIgniter->runController(Object(App\Controllers\ApiController))
 7 SYSTEMPATH\CodeIgniter.php(340): CodeIgniter\CodeIgniter->handleRequest(null, Object(Config\Cache), false)
 8 SYSTEMPATH\Boot.php(417): CodeIgniter\CodeIgniter->run()
 9 SYSTEMPATH\Boot.php(68): CodeIgniter\Boot::runCodeIgniter(Object(CodeIgniter\CodeIgniter))
10 FCPATH\index.php(54): CodeIgniter\Boot::bootWeb(Object(Config\Paths))
CRITICAL - 2026-05-06 14:25:14 --> ErrorException: Uncaught CodeIgniter\Format\Exceptions\FormatException: Failed to parse JSON string. Error: Malformed UTF-8 characters, possibly incorrectly encoded in C:\Users\pablo\OneDrive\Documentos\GitHub\JuseaRepository\vendor\codeigniter4\framework\system\Format\JSONFormatter.php:47
Stack trace:
#0 C:\Users\pablo\OneDrive\Documentos\GitHub\JuseaRepository\vendor\codeigniter4\framework\system\Format\JSONFormatter.php(47): CodeIgniter\Format\Exceptions\FormatException::forInvalidJSON('Malformed UTF-8...')
#1 C:\Users\pablo\OneDrive\Documentos\GitHub\JuseaRepository\vendor\codeigniter4\framework\system\API\ResponseTrait.php(352): CodeIgniter\Format\JSONFormatter->format(Array)
#2 C:\Users\pablo\OneDrive\Documentos\GitHub\JuseaRepository\vendor\codeigniter4\framework\system\API\ResponseTrait.php(111): CodeIgniter\Debug\ExceptionHandler->format(Array)
#3 C:\Users\pablo\OneDrive\Documentos\GitHub\JuseaRepository\vendor\codeigniter4\framework\system\Debug\ExceptionHandler.php(95): CodeIgniter\Debug\ExceptionHandler->respond(Array, 500)
#4 C:\Users\pablo\OneDrive\Documentos\GitHub\JuseaRepository\vendor\codeigniter4\framework\system\Debug\Exceptions.php(151): CodeIgniter\Debug\ExceptionHandler->handle(Object(CodeIgniter\Format\Exceptions\FormatException), Object(CodeIgniter\HTTP\IncomingRequest), Object(CodeIgniter\HTTP\Response), 500, 1)
#5 [internal function]: CodeIgniter\Debug\Exceptions->exceptionHandler(Object(CodeIgniter\Format\Exceptions\FormatException))
#6 {main}
  thrown
【Previous Exception】
CodeIgniter\Format\Exceptions\FormatException
Failed to parse JSON string. Error: Malformed UTF-8 characters, possibly incorrectly encoded
#0 C:\Users\pablo\OneDrive\Documentos\GitHub\JuseaRepository\vendor\codeigniter4\framework\system\Format\JSONFormatter.php(47): CodeIgniter\Format\Exceptions\FormatException::forInvalidJSON('Malformed UTF-8...')
#1 C:\Users\pablo\OneDrive\Documentos\GitHub\JuseaRepository\vendor\codeigniter4\framework\system\HTTP\ResponseTrait.php(252): CodeIgniter\Format\JSONFormatter->format(Array)
#2 C:\Users\pablo\OneDrive\Documentos\GitHub\JuseaRepository\vendor\codeigniter4\framework\system\HTTP\ResponseTrait.php(178): CodeIgniter\HTTP\Response->formatBody(Array, 'json')
#3 C:\Users\pablo\OneDrive\Documentos\GitHub\JuseaRepository\app\Controllers\ApiController.php(51): CodeIgniter\HTTP\Response->setJSON(Array)
#4 C:\Users\pablo\OneDrive\Documentos\GitHub\JuseaRepository\vendor\codeigniter4\framework\system\CodeIgniter.php(951): App\Controllers\ApiController->buscarPersonaPorApellido()
#5 C:\Users\pablo\OneDrive\Documentos\GitHub\JuseaRepository\vendor\codeigniter4\framework\system\CodeIgniter.php(497): CodeIgniter\CodeIgniter->runController(Object(App\Controllers\ApiController))
#6 C:\Users\pablo\OneDrive\Documentos\GitHub\JuseaRepository\vendor\codeigniter4\framework\system\CodeIgniter.php(340): CodeIgniter\CodeIgniter->handleRequest(NULL, Object(Config\Cache), false)
#7 C:\Users\pablo\OneDrive\Documentos\GitHub\JuseaRepository\vendor\codeigniter4\framework\system\Boot.php(417): CodeIgniter\CodeIgniter->run()
#8 C:\Users\pablo\OneDrive\Documentos\GitHub\JuseaRepository\vendor\codeigniter4\framework\system\Boot.php(68): CodeIgniter\Boot::runCodeIgniter(Object(CodeIgniter\CodeIgniter))
#9 C:\Users\pablo\OneDrive\Documentos\GitHub\JuseaRepository\public\index.php(54): CodeIgniter\Boot::bootWeb(Object(Config\Paths))
#10 {main}
[Method: GET, Route: api/persona/buscar-apellido]
in SYSTEMPATH\Format\JSONFormatter.php on line 47.
 1 [internal function]: CodeIgniter\Debug\Exceptions->shutdownHandler()
CRITICAL - 2026-05-06 14:25:14 --> CodeIgniter\Format\Exceptions\FormatException: Failed to parse JSON string. Error: Malformed UTF-8 characters, possibly incorrectly encoded
[Method: GET, Route: api/persona/buscar-apellido]
in SYSTEMPATH\Format\JSONFormatter.php on line 47.
 1 SYSTEMPATH\Format\JSONFormatter.php(47): CodeIgniter\Format\Exceptions\FormatException::forInvalidJSON('Malformed UTF-8 characters, possibly incorrectly encoded')
 2 SYSTEMPATH\HTTP\ResponseTrait.php(252): CodeIgniter\Format\JSONFormatter->format([...])
 3 SYSTEMPATH\HTTP\ResponseTrait.php(178): CodeIgniter\HTTP\Response->formatBody([...], 'json')
 4 APPPATH\Controllers\ApiController.php(51): CodeIgniter\HTTP\Response->setJSON([...])
 5 SYSTEMPATH\CodeIgniter.php(951): App\Controllers\ApiController->buscarPersonaPorApellido()
 6 SYSTEMPATH\CodeIgniter.php(497): CodeIgniter\CodeIgniter->runController(Object(App\Controllers\ApiController))
 7 SYSTEMPATH\CodeIgniter.php(340): CodeIgniter\CodeIgniter->handleRequest(null, Object(Config\Cache), false)
 8 SYSTEMPATH\Boot.php(417): CodeIgniter\CodeIgniter->run()
 9 SYSTEMPATH\Boot.php(68): CodeIgniter\Boot::runCodeIgniter(Object(CodeIgniter\CodeIgniter))
10 FCPATH\index.php(54): CodeIgniter\Boot::bootWeb(Object(Config\Paths))
CRITICAL - 2026-05-06 14:25:15 --> ErrorException: Uncaught CodeIgniter\Format\Exceptions\FormatException: Failed to parse JSON string. Error: Malformed UTF-8 characters, possibly incorrectly encoded in C:\Users\pablo\OneDrive\Documentos\GitHub\JuseaRepository\vendor\codeigniter4\framework\system\Format\JSONFormatter.php:47
Stack trace:
#0 C:\Users\pablo\OneDrive\Documentos\GitHub\JuseaRepository\vendor\codeigniter4\framework\system\Format\JSONFormatter.php(47): CodeIgniter\Format\Exceptions\FormatException::forInvalidJSON('Malformed UTF-8...')
#1 C:\Users\pablo\OneDrive\Documentos\GitHub\JuseaRepository\vendor\codeigniter4\framework\system\API\ResponseTrait.php(352): CodeIgniter\Format\JSONFormatter->format(Array)
#2 C:\Users\pablo\OneDrive\Documentos\GitHub\JuseaRepository\vendor\codeigniter4\framework\system\API\ResponseTrait.php(111): CodeIgniter\Debug\ExceptionHandler->format(Array)
#3 C:\Users\pablo\OneDrive\Documentos\GitHub\JuseaRepository\vendor\codeigniter4\framework\system\Debug\ExceptionHandler.php(95): CodeIgniter\Debug\ExceptionHandler->respond(Array, 500)
#4 C:\Users\pablo\OneDrive\Documentos\GitHub\JuseaRepository\vendor\codeigniter4\framework\system\Debug\Exceptions.php(151): CodeIgniter\Debug\ExceptionHandler->handle(Object(CodeIgniter\Format\Exceptions\FormatException), Object(CodeIgniter\HTTP\IncomingRequest), Object(CodeIgniter\HTTP\Response), 500, 1)
#5 [internal function]: CodeIgniter\Debug\Exceptions->exceptionHandler(Object(CodeIgniter\Format\Exceptions\FormatException))
#6 {main}
  thrown
【Previous Exception】
CodeIgniter\Format\Exceptions\FormatException
Failed to parse JSON string. Error: Malformed UTF-8 characters, possibly incorrectly encoded
#0 C:\Users\pablo\OneDrive\Documentos\GitHub\JuseaRepository\vendor\codeigniter4\framework\system\Format\JSONFormatter.php(47): CodeIgniter\Format\Exceptions\FormatException::forInvalidJSON('Malformed UTF-8...')
#1 C:\Users\pablo\OneDrive\Documentos\GitHub\JuseaRepository\vendor\codeigniter4\framework\system\HTTP\ResponseTrait.php(252): CodeIgniter\Format\JSONFormatter->format(Array)
#2 C:\Users\pablo\OneDrive\Documentos\GitHub\JuseaRepository\vendor\codeigniter4\framework\system\HTTP\ResponseTrait.php(178): CodeIgniter\HTTP\Response->formatBody(Array, 'json')
#3 C:\Users\pablo\OneDrive\Documentos\GitHub\JuseaRepository\app\Controllers\ApiController.php(51): CodeIgniter\HTTP\Response->setJSON(Array)
#4 C:\Users\pablo\OneDrive\Documentos\GitHub\JuseaRepository\vendor\codeigniter4\framework\system\CodeIgniter.php(951): App\Controllers\ApiController->buscarPersonaPorApellido()
#5 C:\Users\pablo\OneDrive\Documentos\GitHub\JuseaRepository\vendor\codeigniter4\framework\system\CodeIgniter.php(497): CodeIgniter\CodeIgniter->runController(Object(App\Controllers\ApiController))
#6 C:\Users\pablo\OneDrive\Documentos\GitHub\JuseaRepository\vendor\codeigniter4\framework\system\CodeIgniter.php(340): CodeIgniter\CodeIgniter->handleRequest(NULL, Object(Config\Cache), false)
#7 C:\Users\pablo\OneDrive\Documentos\GitHub\JuseaRepository\vendor\codeigniter4\framework\system\Boot.php(417): CodeIgniter\CodeIgniter->run()
#8 C:\Users\pablo\OneDrive\Documentos\GitHub\JuseaRepository\vendor\codeigniter4\framework\system\Boot.php(68): CodeIgniter\Boot::runCodeIgniter(Object(CodeIgniter\CodeIgniter))
#9 C:\Users\pablo\OneDrive\Documentos\GitHub\JuseaRepository\public\index.php(54): CodeIgniter\Boot::bootWeb(Object(Config\Paths))
#10 {main}
[Method: GET, Route: api/persona/buscar-apellido]
in SYSTEMPATH\Format\JSONFormatter.php on line 47.
 1 [internal function]: CodeIgniter\Debug\Exceptions->shutdownHandler()
CRITICAL - 2026-05-06 14:25:15 --> CodeIgniter\Format\Exceptions\FormatException: Failed to parse JSON string. Error: Malformed UTF-8 characters, possibly incorrectly encoded
[Method: GET, Route: api/persona/buscar-apellido]
in SYSTEMPATH\Format\JSONFormatter.php on line 47.
 1 SYSTEMPATH\Format\JSONFormatter.php(47): CodeIgniter\Format\Exceptions\FormatException::forInvalidJSON('Malformed UTF-8 characters, possibly incorrectly encoded')
 2 SYSTEMPATH\HTTP\ResponseTrait.php(252): CodeIgniter\Format\JSONFormatter->format([...])
 3 SYSTEMPATH\HTTP\ResponseTrait.php(178): CodeIgniter\HTTP\Response->formatBody([...], 'json')
 4 APPPATH\Controllers\ApiController.php(51): CodeIgniter\HTTP\Response->setJSON([...])
 5 SYSTEMPATH\CodeIgniter.php(951): App\Controllers\ApiController->buscarPersonaPorApellido()
 6 SYSTEMPATH\CodeIgniter.php(497): CodeIgniter\CodeIgniter->runController(Object(App\Controllers\ApiController))
 7 SYSTEMPATH\CodeIgniter.php(340): CodeIgniter\CodeIgniter->handleRequest(null, Object(Config\Cache), false)
 8 SYSTEMPATH\Boot.php(417): CodeIgniter\CodeIgniter->run()
 9 SYSTEMPATH\Boot.php(68): CodeIgniter\Boot::runCodeIgniter(Object(CodeIgniter\CodeIgniter))
10 FCPATH\index.php(54): CodeIgniter\Boot::bootWeb(Object(Config\Paths))
CRITICAL - 2026-05-06 14:25:15 --> ErrorException: Uncaught CodeIgniter\Format\Exceptions\FormatException: Failed to parse JSON string. Error: Malformed UTF-8 characters, possibly incorrectly encoded in C:\Users\pablo\OneDrive\Documentos\GitHub\JuseaRepository\vendor\codeigniter4\framework\system\Format\JSONFormatter.php:47
Stack trace:
#0 C:\Users\pablo\OneDrive\Documentos\GitHub\JuseaRepository\vendor\codeigniter4\framework\system\Format\JSONFormatter.php(47): CodeIgniter\Format\Exceptions\FormatException::forInvalidJSON('Malformed UTF-8...')
#1 C:\Users\pablo\OneDrive\Documentos\GitHub\JuseaRepository\vendor\codeigniter4\framework\system\API\ResponseTrait.php(352): CodeIgniter\Format\JSONFormatter->format(Array)
#2 C:\Users\pablo\OneDrive\Documentos\GitHub\JuseaRepository\vendor\codeigniter4\framework\system\API\ResponseTrait.php(111): CodeIgniter\Debug\ExceptionHandler->format(Array)
#3 C:\Users\pablo\OneDrive\Documentos\GitHub\JuseaRepository\vendor\codeigniter4\framework\system\Debug\ExceptionHandler.php(95): CodeIgniter\Debug\ExceptionHandler->respond(Array, 500)
#4 C:\Users\pablo\OneDrive\Documentos\GitHub\JuseaRepository\vendor\codeigniter4\framework\system\Debug\Exceptions.php(151): CodeIgniter\Debug\ExceptionHandler->handle(Object(CodeIgniter\Format\Exceptions\FormatException), Object(CodeIgniter\HTTP\IncomingRequest), Object(CodeIgniter\HTTP\Response), 500, 1)
#5 [internal function]: CodeIgniter\Debug\Exceptions->exceptionHandler(Object(CodeIgniter\Format\Exceptions\FormatException))
#6 {main}
  thrown
【Previous Exception】
CodeIgniter\Format\Exceptions\FormatException
Failed to parse JSON string. Error: Malformed UTF-8 characters, possibly incorrectly encoded
#0 C:\Users\pablo\OneDrive\Documentos\GitHub\JuseaRepository\vendor\codeigniter4\framework\system\Format\JSONFormatter.php(47): CodeIgniter\Format\Exceptions\FormatException::forInvalidJSON('Malformed UTF-8...')
#1 C:\Users\pablo\OneDrive\Documentos\GitHub\JuseaRepository\vendor\codeigniter4\framework\system\HTTP\ResponseTrait.php(252): CodeIgniter\Format\JSONFormatter->format(Array)
#2 C:\Users\pablo\OneDrive\Documentos\GitHub\JuseaRepository\vendor\codeigniter4\framework\system\HTTP\ResponseTrait.php(178): CodeIgniter\HTTP\Response->formatBody(Array, 'json')
#3 C:\Users\pablo\OneDrive\Documentos\GitHub\JuseaRepository\app\Controllers\ApiController.php(51): CodeIgniter\HTTP\Response->setJSON(Array)
#4 C:\Users\pablo\OneDrive\Documentos\GitHub\JuseaRepository\vendor\codeigniter4\framework\system\CodeIgniter.php(951): App\Controllers\ApiController->buscarPersonaPorApellido()
#5 C:\Users\pablo\OneDrive\Documentos\GitHub\JuseaRepository\vendor\codeigniter4\framework\system\CodeIgniter.php(497): CodeIgniter\CodeIgniter->runController(Object(App\Controllers\ApiController))
#6 C:\Users\pablo\OneDrive\Documentos\GitHub\JuseaRepository\vendor\codeigniter4\framework\system\CodeIgniter.php(340): CodeIgniter\CodeIgniter->handleRequest(NULL, Object(Config\Cache), false)
#7 C:\Users\pablo\OneDrive\Documentos\GitHub\JuseaRepository\vendor\codeigniter4\framework\system\Boot.php(417): CodeIgniter\CodeIgniter->run()
#8 C:\Users\pablo\OneDrive\Documentos\GitHub\JuseaRepository\vendor\codeigniter4\framework\system\Boot.php(68): CodeIgniter\Boot::runCodeIgniter(Object(CodeIgniter\CodeIgniter))
#9 C:\Users\pablo\OneDrive\Documentos\GitHub\JuseaRepository\public\index.php(54): CodeIgniter\Boot::bootWeb(Object(Config\Paths))
#10 {main}
[Method: GET, Route: api/persona/buscar-apellido]
in SYSTEMPATH\Format\JSONFormatter.php on line 47.
 1 [internal function]: CodeIgniter\Debug\Exceptions->shutdownHandler()
CRITICAL - 2026-05-06 14:25:17 --> CodeIgniter\Format\Exceptions\FormatException: Failed to parse JSON string. Error: Malformed UTF-8 characters, possibly incorrectly encoded
[Method: GET, Route: api/persona/buscar-apellido]
in SYSTEMPATH\Format\JSONFormatter.php on line 47.
 1 SYSTEMPATH\Format\JSONFormatter.php(47): CodeIgniter\Format\Exceptions\FormatException::forInvalidJSON('Malformed UTF-8 characters, possibly incorrectly encoded')
 2 SYSTEMPATH\HTTP\ResponseTrait.php(252): CodeIgniter\Format\JSONFormatter->format([...])
 3 SYSTEMPATH\HTTP\ResponseTrait.php(178): CodeIgniter\HTTP\Response->formatBody([...], 'json')
 4 APPPATH\Controllers\ApiController.php(51): CodeIgniter\HTTP\Response->setJSON([...])
 5 SYSTEMPATH\CodeIgniter.php(951): App\Controllers\ApiController->buscarPersonaPorApellido()
 6 SYSTEMPATH\CodeIgniter.php(497): CodeIgniter\CodeIgniter->runController(Object(App\Controllers\ApiController))
 7 SYSTEMPATH\CodeIgniter.php(340): CodeIgniter\CodeIgniter->handleRequest(null, Object(Config\Cache), false)
 8 SYSTEMPATH\Boot.php(417): CodeIgniter\CodeIgniter->run()
 9 SYSTEMPATH\Boot.php(68): CodeIgniter\Boot::runCodeIgniter(Object(CodeIgniter\CodeIgniter))
10 FCPATH\index.php(54): CodeIgniter\Boot::bootWeb(Object(Config\Paths))
CRITICAL - 2026-05-06 14:25:17 --> ErrorException: Uncaught CodeIgniter\Format\Exceptions\FormatException: Failed to parse JSON string. Error: Malformed UTF-8 characters, possibly incorrectly encoded in C:\Users\pablo\OneDrive\Documentos\GitHub\JuseaRepository\vendor\codeigniter4\framework\system\Format\JSONFormatter.php:47
Stack trace:
#0 C:\Users\pablo\OneDrive\Documentos\GitHub\JuseaRepository\vendor\codeigniter4\framework\system\Format\JSONFormatter.php(47): CodeIgniter\Format\Exceptions\FormatException::forInvalidJSON('Malformed UTF-8...')
#1 C:\Users\pablo\OneDrive\Documentos\GitHub\JuseaRepository\vendor\codeigniter4\framework\system\API\ResponseTrait.php(352): CodeIgniter\Format\JSONFormatter->format(Array)
#2 C:\Users\pablo\OneDrive\Documentos\GitHub\JuseaRepository\vendor\codeigniter4\framework\system\API\ResponseTrait.php(111): CodeIgniter\Debug\ExceptionHandler->format(Array)
#3 C:\Users\pablo\OneDrive\Documentos\GitHub\JuseaRepository\vendor\codeigniter4\framework\system\Debug\ExceptionHandler.php(95): CodeIgniter\Debug\ExceptionHandler->respond(Array, 500)
#4 C:\Users\pablo\OneDrive\Documentos\GitHub\JuseaRepository\vendor\codeigniter4\framework\system\Debug\Exceptions.php(151): CodeIgniter\Debug\ExceptionHandler->handle(Object(CodeIgniter\Format\Exceptions\FormatException), Object(CodeIgniter\HTTP\IncomingRequest), Object(CodeIgniter\HTTP\Response), 500, 1)
#5 [internal function]: CodeIgniter\Debug\Exceptions->exceptionHandler(Object(CodeIgniter\Format\Exceptions\FormatException))
#6 {main}
  thrown
【Previous Exception】
CodeIgniter\Format\Exceptions\FormatException
Failed to parse JSON string. Error: Malformed UTF-8 characters, possibly incorrectly encoded
#0 C:\Users\pablo\OneDrive\Documentos\GitHub\JuseaRepository\vendor\codeigniter4\framework\system\Format\JSONFormatter.php(47): CodeIgniter\Format\Exceptions\FormatException::forInvalidJSON('Malformed UTF-8...')
#1 C:\Users\pablo\OneDrive\Documentos\GitHub\JuseaRepository\vendor\codeigniter4\framework\system\HTTP\ResponseTrait.php(252): CodeIgniter\Format\JSONFormatter->format(Array)
#2 C:\Users\pablo\OneDrive\Documentos\GitHub\JuseaRepository\vendor\codeigniter4\framework\system\HTTP\ResponseTrait.php(178): CodeIgniter\HTTP\Response->formatBody(Array, 'json')
#3 C:\Users\pablo\OneDrive\Documentos\GitHub\JuseaRepository\app\Controllers\ApiController.php(51): CodeIgniter\HTTP\Response->setJSON(Array)
#4 C:\Users\pablo\OneDrive\Documentos\GitHub\JuseaRepository\vendor\codeigniter4\framework\system\CodeIgniter.php(951): App\Controllers\ApiController->buscarPersonaPorApellido()
#5 C:\Users\pablo\OneDrive\Documentos\GitHub\JuseaRepository\vendor\codeigniter4\framework\system\CodeIgniter.php(497): CodeIgniter\CodeIgniter->runController(Object(App\Controllers\ApiController))
#6 C:\Users\pablo\OneDrive\Documentos\GitHub\JuseaRepository\vendor\codeigniter4\framework\system\CodeIgniter.php(340): CodeIgniter\CodeIgniter->handleRequest(NULL, Object(Config\Cache), false)
#7 C:\Users\pablo\OneDrive\Documentos\GitHub\JuseaRepository\vendor\codeigniter4\framework\system\Boot.php(417): CodeIgniter\CodeIgniter->run()
#8 C:\Users\pablo\OneDrive\Documentos\GitHub\JuseaRepository\vendor\codeigniter4\framework\system\Boot.php(68): CodeIgniter\Boot::runCodeIgniter(Object(CodeIgniter\CodeIgniter))
#9 C:\Users\pablo\OneDrive\Documentos\GitHub\JuseaRepository\public\index.php(54): CodeIgniter\Boot::bootWeb(Object(Config\Paths))
#10 {main}
[Method: GET, Route: api/persona/buscar-apellido]
in SYSTEMPATH\Format\JSONFormatter.php on line 47.
 1 [internal function]: CodeIgniter\Debug\Exceptions->shutdownHandler()
CRITICAL - 2026-05-06 14:25:27 --> CodeIgniter\Format\Exceptions\FormatException: Failed to parse JSON string. Error: Malformed UTF-8 characters, possibly incorrectly encoded
[Method: GET, Route: api/persona/buscar-apellido]
in SYSTEMPATH\Format\JSONFormatter.php on line 47.
 1 SYSTEMPATH\Format\JSONFormatter.php(47): CodeIgniter\Format\Exceptions\FormatException::forInvalidJSON('Malformed UTF-8 characters, possibly incorrectly encoded')
 2 SYSTEMPATH\HTTP\ResponseTrait.php(252): CodeIgniter\Format\JSONFormatter->format([...])
 3 SYSTEMPATH\HTTP\ResponseTrait.php(178): CodeIgniter\HTTP\Response->formatBody([...], 'json')
 4 APPPATH\Controllers\ApiController.php(51): CodeIgniter\HTTP\Response->setJSON([...])
 5 SYSTEMPATH\CodeIgniter.php(951): App\Controllers\ApiController->buscarPersonaPorApellido()
 6 SYSTEMPATH\CodeIgniter.php(497): CodeIgniter\CodeIgniter->runController(Object(App\Controllers\ApiController))
 7 SYSTEMPATH\CodeIgniter.php(340): CodeIgniter\CodeIgniter->handleRequest(null, Object(Config\Cache), false)
 8 SYSTEMPATH\Boot.php(417): CodeIgniter\CodeIgniter->run()
 9 SYSTEMPATH\Boot.php(68): CodeIgniter\Boot::runCodeIgniter(Object(CodeIgniter\CodeIgniter))
10 FCPATH\index.php(54): CodeIgniter\Boot::bootWeb(Object(Config\Paths))
CRITICAL - 2026-05-06 14:25:27 --> ErrorException: Uncaught CodeIgniter\Format\Exceptions\FormatException: Failed to parse JSON string. Error: Malformed UTF-8 characters, possibly incorrectly encoded in C:\Users\pablo\OneDrive\Documentos\GitHub\JuseaRepository\vendor\codeigniter4\framework\system\Format\JSONFormatter.php:47
Stack trace:
#0 C:\Users\pablo\OneDrive\Documentos\GitHub\JuseaRepository\vendor\codeigniter4\framework\system\Format\JSONFormatter.php(47): CodeIgniter\Format\Exceptions\FormatException::forInvalidJSON('Malformed UTF-8...')
#1 C:\Users\pablo\OneDrive\Documentos\GitHub\JuseaRepository\vendor\codeigniter4\framework\system\API\ResponseTrait.php(352): CodeIgniter\Format\JSONFormatter->format(Array)
#2 C:\Users\pablo\OneDrive\Documentos\GitHub\JuseaRepository\vendor\codeigniter4\framework\system\API\ResponseTrait.php(111): CodeIgniter\Debug\ExceptionHandler->format(Array)
#3 C:\Users\pablo\OneDrive\Documentos\GitHub\JuseaRepository\vendor\codeigniter4\framework\system\Debug\ExceptionHandler.php(95): CodeIgniter\Debug\ExceptionHandler->respond(Array, 500)
#4 C:\Users\pablo\OneDrive\Documentos\GitHub\JuseaRepository\vendor\codeigniter4\framework\system\Debug\Exceptions.php(151): CodeIgniter\Debug\ExceptionHandler->handle(Object(CodeIgniter\Format\Exceptions\FormatException), Object(CodeIgniter\HTTP\IncomingRequest), Object(CodeIgniter\HTTP\Response), 500, 1)
#5 [internal function]: CodeIgniter\Debug\Exceptions->exceptionHandler(Object(CodeIgniter\Format\Exceptions\FormatException))
#6 {main}
  thrown
【Previous Exception】
CodeIgniter\Format\Exceptions\FormatException
Failed to parse JSON string. Error: Malformed UTF-8 characters, possibly incorrectly encoded
#0 C:\Users\pablo\OneDrive\Documentos\GitHub\JuseaRepository\vendor\codeigniter4\framework\system\Format\JSONFormatter.php(47): CodeIgniter\Format\Exceptions\FormatException::forInvalidJSON('Malformed UTF-8...')
#1 C:\Users\pablo\OneDrive\Documentos\GitHub\JuseaRepository\vendor\codeigniter4\framework\system\HTTP\ResponseTrait.php(252): CodeIgniter\Format\JSONFormatter->format(Array)
#2 C:\Users\pablo\OneDrive\Documentos\GitHub\JuseaRepository\vendor\codeigniter4\framework\system\HTTP\ResponseTrait.php(178): CodeIgniter\HTTP\Response->formatBody(Array, 'json')
#3 C:\Users\pablo\OneDrive\Documentos\GitHub\JuseaRepository\app\Controllers\ApiController.php(51): CodeIgniter\HTTP\Response->setJSON(Array)
#4 C:\Users\pablo\OneDrive\Documentos\GitHub\JuseaRepository\vendor\codeigniter4\framework\system\CodeIgniter.php(951): App\Controllers\ApiController->buscarPersonaPorApellido()
#5 C:\Users\pablo\OneDrive\Documentos\GitHub\JuseaRepository\vendor\codeigniter4\framework\system\CodeIgniter.php(497): CodeIgniter\CodeIgniter->runController(Object(App\Controllers\ApiController))
#6 C:\Users\pablo\OneDrive\Documentos\GitHub\JuseaRepository\vendor\codeigniter4\framework\system\CodeIgniter.php(340): CodeIgniter\CodeIgniter->handleRequest(NULL, Object(Config\Cache), false)
#7 C:\Users\pablo\OneDrive\Documentos\GitHub\JuseaRepository\vendor\codeigniter4\framework\system\Boot.php(417): CodeIgniter\CodeIgniter->run()
#8 C:\Users\pablo\OneDrive\Documentos\GitHub\JuseaRepository\vendor\codeigniter4\framework\system\Boot.php(68): CodeIgniter\Boot::runCodeIgniter(Object(CodeIgniter\CodeIgniter))
#9 C:\Users\pablo\OneDrive\Documentos\GitHub\JuseaRepository\public\index.php(54): CodeIgniter\Boot::bootWeb(Object(Config\Paths))
#10 {main}
[Method: GET, Route: api/persona/buscar-apellido]
in SYSTEMPATH\Format\JSONFormatter.php on line 47.
 1 [internal function]: CodeIgniter\Debug\Exceptions->shutdownHandler()
CRITICAL - 2026-05-06 14:25:27 --> CodeIgniter\Format\Exceptions\FormatException: Failed to parse JSON string. Error: Malformed UTF-8 characters, possibly incorrectly encoded
[Method: GET, Route: api/persona/buscar-apellido]
in SYSTEMPATH\Format\JSONFormatter.php on line 47.
 1 SYSTEMPATH\Format\JSONFormatter.php(47): CodeIgniter\Format\Exceptions\FormatException::forInvalidJSON('Malformed UTF-8 characters, possibly incorrectly encoded')
 2 SYSTEMPATH\HTTP\ResponseTrait.php(252): CodeIgniter\Format\JSONFormatter->format([...])
 3 SYSTEMPATH\HTTP\ResponseTrait.php(178): CodeIgniter\HTTP\Response->formatBody([...], 'json')
 4 APPPATH\Controllers\ApiController.php(51): CodeIgniter\HTTP\Response->setJSON([...])
 5 SYSTEMPATH\CodeIgniter.php(951): App\Controllers\ApiController->buscarPersonaPorApellido()
 6 SYSTEMPATH\CodeIgniter.php(497): CodeIgniter\CodeIgniter->runController(Object(App\Controllers\ApiController))
 7 SYSTEMPATH\CodeIgniter.php(340): CodeIgniter\CodeIgniter->handleRequest(null, Object(Config\Cache), false)
 8 SYSTEMPATH\Boot.php(417): CodeIgniter\CodeIgniter->run()
 9 SYSTEMPATH\Boot.php(68): CodeIgniter\Boot::runCodeIgniter(Object(CodeIgniter\CodeIgniter))
10 FCPATH\index.php(54): CodeIgniter\Boot::bootWeb(Object(Config\Paths))
CRITICAL - 2026-05-06 14:25:27 --> ErrorException: Uncaught CodeIgniter\Format\Exceptions\FormatException: Failed to parse JSON string. Error: Malformed UTF-8 characters, possibly incorrectly encoded in C:\Users\pablo\OneDrive\Documentos\GitHub\JuseaRepository\vendor\codeigniter4\framework\system\Format\JSONFormatter.php:47
Stack trace:
#0 C:\Users\pablo\OneDrive\Documentos\GitHub\JuseaRepository\vendor\codeigniter4\framework\system\Format\JSONFormatter.php(47): CodeIgniter\Format\Exceptions\FormatException::forInvalidJSON('Malformed UTF-8...')
#1 C:\Users\pablo\OneDrive\Documentos\GitHub\JuseaRepository\vendor\codeigniter4\framework\system\API\ResponseTrait.php(352): CodeIgniter\Format\JSONFormatter->format(Array)
#2 C:\Users\pablo\OneDrive\Documentos\GitHub\JuseaRepository\vendor\codeigniter4\framework\system\API\ResponseTrait.php(111): CodeIgniter\Debug\ExceptionHandler->format(Array)
#3 C:\Users\pablo\OneDrive\Documentos\GitHub\JuseaRepository\vendor\codeigniter4\framework\system\Debug\ExceptionHandler.php(95): CodeIgniter\Debug\ExceptionHandler->respond(Array, 500)
#4 C:\Users\pablo\OneDrive\Documentos\GitHub\JuseaRepository\vendor\codeigniter4\framework\system\Debug\Exceptions.php(151): CodeIgniter\Debug\ExceptionHandler->handle(Object(CodeIgniter\Format\Exceptions\FormatException), Object(CodeIgniter\HTTP\IncomingRequest), Object(CodeIgniter\HTTP\Response), 500, 1)
#5 [internal function]: CodeIgniter\Debug\Exceptions->exceptionHandler(Object(CodeIgniter\Format\Exceptions\FormatException))
#6 {main}
  thrown
【Previous Exception】
CodeIgniter\Format\Exceptions\FormatException
Failed to parse JSON string. Error: Malformed UTF-8 characters, possibly incorrectly encoded
#0 C:\Users\pablo\OneDrive\Documentos\GitHub\JuseaRepository\vendor\codeigniter4\framework\system\Format\JSONFormatter.php(47): CodeIgniter\Format\Exceptions\FormatException::forInvalidJSON('Malformed UTF-8...')
#1 C:\Users\pablo\OneDrive\Documentos\GitHub\JuseaRepository\vendor\codeigniter4\framework\system\HTTP\ResponseTrait.php(252): CodeIgniter\Format\JSONFormatter->format(Array)
#2 C:\Users\pablo\OneDrive\Documentos\GitHub\JuseaRepository\vendor\codeigniter4\framework\system\HTTP\ResponseTrait.php(178): CodeIgniter\HTTP\Response->formatBody(Array, 'json')
#3 C:\Users\pablo\OneDrive\Documentos\GitHub\JuseaRepository\app\Controllers\ApiController.php(51): CodeIgniter\HTTP\Response->setJSON(Array)
#4 C:\Users\pablo\OneDrive\Documentos\GitHub\JuseaRepository\vendor\codeigniter4\framework\system\CodeIgniter.php(951): App\Controllers\ApiController->buscarPersonaPorApellido()
#5 C:\Users\pablo\OneDrive\Documentos\GitHub\JuseaRepository\vendor\codeigniter4\framework\system\CodeIgniter.php(497): CodeIgniter\CodeIgniter->runController(Object(App\Controllers\ApiController))
#6 C:\Users\pablo\OneDrive\Documentos\GitHub\JuseaRepository\vendor\codeigniter4\framework\system\CodeIgniter.php(340): CodeIgniter\CodeIgniter->handleRequest(NULL, Object(Config\Cache), false)
#7 C:\Users\pablo\OneDrive\Documentos\GitHub\JuseaRepository\vendor\codeigniter4\framework\system\Boot.php(417): CodeIgniter\CodeIgniter->run()
#8 C:\Users\pablo\OneDrive\Documentos\GitHub\JuseaRepository\vendor\codeigniter4\framework\system\Boot.php(68): CodeIgniter\Boot::runCodeIgniter(Object(CodeIgniter\CodeIgniter))
#9 C:\Users\pablo\OneDrive\Documentos\GitHub\JuseaRepository\public\index.php(54): CodeIgniter\Boot::bootWeb(Object(Config\Paths))
#10 {main}
[Method: GET, Route: api/persona/buscar-apellido]
in SYSTEMPATH\Format\JSONFormatter.php on line 47.
 1 [internal function]: CodeIgniter\Debug\Exceptions->shutdownHandler()
CRITICAL - 2026-05-06 14:25:27 --> CodeIgniter\Format\Exceptions\FormatException: Failed to parse JSON string. Error: Malformed UTF-8 characters, possibly incorrectly encoded
[Method: GET, Route: api/persona/buscar-apellido]
in SYSTEMPATH\Format\JSONFormatter.php on line 47.
 1 SYSTEMPATH\Format\JSONFormatter.php(47): CodeIgniter\Format\Exceptions\FormatException::forInvalidJSON('Malformed UTF-8 characters, possibly incorrectly encoded')
 2 SYSTEMPATH\HTTP\ResponseTrait.php(252): CodeIgniter\Format\JSONFormatter->format([...])
 3 SYSTEMPATH\HTTP\ResponseTrait.php(178): CodeIgniter\HTTP\Response->formatBody([...], 'json')
 4 APPPATH\Controllers\ApiController.php(51): CodeIgniter\HTTP\Response->setJSON([...])
 5 SYSTEMPATH\CodeIgniter.php(951): App\Controllers\ApiController->buscarPersonaPorApellido()
 6 SYSTEMPATH\CodeIgniter.php(497): CodeIgniter\CodeIgniter->runController(Object(App\Controllers\ApiController))
 7 SYSTEMPATH\CodeIgniter.php(340): CodeIgniter\CodeIgniter->handleRequest(null, Object(Config\Cache), false)
 8 SYSTEMPATH\Boot.php(417): CodeIgniter\CodeIgniter->run()
 9 SYSTEMPATH\Boot.php(68): CodeIgniter\Boot::runCodeIgniter(Object(CodeIgniter\CodeIgniter))
10 FCPATH\index.php(54): CodeIgniter\Boot::bootWeb(Object(Config\Paths))
CRITICAL - 2026-05-06 14:25:27 --> ErrorException: Uncaught CodeIgniter\Format\Exceptions\FormatException: Failed to parse JSON string. Error: Malformed UTF-8 characters, possibly incorrectly encoded in C:\Users\pablo\OneDrive\Documentos\GitHub\JuseaRepository\vendor\codeigniter4\framework\system\Format\JSONFormatter.php:47
Stack trace:
#0 C:\Users\pablo\OneDrive\Documentos\GitHub\JuseaRepository\vendor\codeigniter4\framework\system\Format\JSONFormatter.php(47): CodeIgniter\Format\Exceptions\FormatException::forInvalidJSON('Malformed UTF-8...')
#1 C:\Users\pablo\OneDrive\Documentos\GitHub\JuseaRepository\vendor\codeigniter4\framework\system\API\ResponseTrait.php(352): CodeIgniter\Format\JSONFormatter->format(Array)
#2 C:\Users\pablo\OneDrive\Documentos\GitHub\JuseaRepository\vendor\codeigniter4\framework\system\API\ResponseTrait.php(111): CodeIgniter\Debug\ExceptionHandler->format(Array)
#3 C:\Users\pablo\OneDrive\Documentos\GitHub\JuseaRepository\vendor\codeigniter4\framework\system\Debug\ExceptionHandler.php(95): CodeIgniter\Debug\ExceptionHandler->respond(Array, 500)
#4 C:\Users\pablo\OneDrive\Documentos\GitHub\JuseaRepository\vendor\codeigniter4\framework\system\Debug\Exceptions.php(151): CodeIgniter\Debug\ExceptionHandler->handle(Object(CodeIgniter\Format\Exceptions\FormatException), Object(CodeIgniter\HTTP\IncomingRequest), Object(CodeIgniter\HTTP\Response), 500, 1)
#5 [internal function]: CodeIgniter\Debug\Exceptions->exceptionHandler(Object(CodeIgniter\Format\Exceptions\FormatException))
#6 {main}
  thrown
【Previous Exception】
CodeIgniter\Format\Exceptions\FormatException
Failed to parse JSON string. Error: Malformed UTF-8 characters, possibly incorrectly encoded
#0 C:\Users\pablo\OneDrive\Documentos\GitHub\JuseaRepository\vendor\codeigniter4\framework\system\Format\JSONFormatter.php(47): CodeIgniter\Format\Exceptions\FormatException::forInvalidJSON('Malformed UTF-8...')
#1 C:\Users\pablo\OneDrive\Documentos\GitHub\JuseaRepository\vendor\codeigniter4\framework\system\HTTP\ResponseTrait.php(252): CodeIgniter\Format\JSONFormatter->format(Array)
#2 C:\Users\pablo\OneDrive\Documentos\GitHub\JuseaRepository\vendor\codeigniter4\framework\system\HTTP\ResponseTrait.php(178): CodeIgniter\HTTP\Response->formatBody(Array, 'json')
#3 C:\Users\pablo\OneDrive\Documentos\GitHub\JuseaRepository\app\Controllers\ApiController.php(51): CodeIgniter\HTTP\Response->setJSON(Array)
#4 C:\Users\pablo\OneDrive\Documentos\GitHub\JuseaRepository\vendor\codeigniter4\framework\system\CodeIgniter.php(951): App\Controllers\ApiController->buscarPersonaPorApellido()
#5 C:\Users\pablo\OneDrive\Documentos\GitHub\JuseaRepository\vendor\codeigniter4\framework\system\CodeIgniter.php(497): CodeIgniter\CodeIgniter->runController(Object(App\Controllers\ApiController))
#6 C:\Users\pablo\OneDrive\Documentos\GitHub\JuseaRepository\vendor\codeigniter4\framework\system\CodeIgniter.php(340): CodeIgniter\CodeIgniter->handleRequest(NULL, Object(Config\Cache), false)
#7 C:\Users\pablo\OneDrive\Documentos\GitHub\JuseaRepository\vendor\codeigniter4\framework\system\Boot.php(417): CodeIgniter\CodeIgniter->run()
#8 C:\Users\pablo\OneDrive\Documentos\GitHub\JuseaRepository\vendor\codeigniter4\framework\system\Boot.php(68): CodeIgniter\Boot::runCodeIgniter(Object(CodeIgniter\CodeIgniter))
#9 C:\Users\pablo\OneDrive\Documentos\GitHub\JuseaRepository\public\index.php(54): CodeIgniter\Boot::bootWeb(Object(Config\Paths))
#10 {main}
[Method: GET, Route: api/persona/buscar-apellido]
in SYSTEMPATH\Format\JSONFormatter.php on line 47.
 1 [internal function]: CodeIgniter\Debug\Exceptions->shutdownHandler()
CRITICAL - 2026-05-06 14:25:27 --> CodeIgniter\Format\Exceptions\FormatException: Failed to parse JSON string. Error: Malformed UTF-8 characters, possibly incorrectly encoded
[Method: GET, Route: api/persona/buscar-apellido]
in SYSTEMPATH\Format\JSONFormatter.php on line 47.
 1 SYSTEMPATH\Format\JSONFormatter.php(47): CodeIgniter\Format\Exceptions\FormatException::forInvalidJSON('Malformed UTF-8 characters, possibly incorrectly encoded')
 2 SYSTEMPATH\HTTP\ResponseTrait.php(252): CodeIgniter\Format\JSONFormatter->format([...])
 3 SYSTEMPATH\HTTP\ResponseTrait.php(178): CodeIgniter\HTTP\Response->formatBody([...], 'json')
 4 APPPATH\Controllers\ApiController.php(51): CodeIgniter\HTTP\Response->setJSON([...])
 5 SYSTEMPATH\CodeIgniter.php(951): App\Controllers\ApiController->buscarPersonaPorApellido()
 6 SYSTEMPATH\CodeIgniter.php(497): CodeIgniter\CodeIgniter->runController(Object(App\Controllers\ApiController))
 7 SYSTEMPATH\CodeIgniter.php(340): CodeIgniter\CodeIgniter->handleRequest(null, Object(Config\Cache), false)
 8 SYSTEMPATH\Boot.php(417): CodeIgniter\CodeIgniter->run()
 9 SYSTEMPATH\Boot.php(68): CodeIgniter\Boot::runCodeIgniter(Object(CodeIgniter\CodeIgniter))
10 FCPATH\index.php(54): CodeIgniter\Boot::bootWeb(Object(Config\Paths))
CRITICAL - 2026-05-06 14:25:27 --> ErrorException: Uncaught CodeIgniter\Format\Exceptions\FormatException: Failed to parse JSON string. Error: Malformed UTF-8 characters, possibly incorrectly encoded in C:\Users\pablo\OneDrive\Documentos\GitHub\JuseaRepository\vendor\codeigniter4\framework\system\Format\JSONFormatter.php:47
Stack trace:
#0 C:\Users\pablo\OneDrive\Documentos\GitHub\JuseaRepository\vendor\codeigniter4\framework\system\Format\JSONFormatter.php(47): CodeIgniter\Format\Exceptions\FormatException::forInvalidJSON('Malformed UTF-8...')
#1 C:\Users\pablo\OneDrive\Documentos\GitHub\JuseaRepository\vendor\codeigniter4\framework\system\API\ResponseTrait.php(352): CodeIgniter\Format\JSONFormatter->format(Array)
#2 C:\Users\pablo\OneDrive\Documentos\GitHub\JuseaRepository\vendor\codeigniter4\framework\system\API\ResponseTrait.php(111): CodeIgniter\Debug\ExceptionHandler->format(Array)
#3 C:\Users\pablo\OneDrive\Documentos\GitHub\JuseaRepository\vendor\codeigniter4\framework\system\Debug\ExceptionHandler.php(95): CodeIgniter\Debug\ExceptionHandler->respond(Array, 500)
#4 C:\Users\pablo\OneDrive\Documentos\GitHub\JuseaRepository\vendor\codeigniter4\framework\system\Debug\Exceptions.php(151): CodeIgniter\Debug\ExceptionHandler->handle(Object(CodeIgniter\Format\Exceptions\FormatException), Object(CodeIgniter\HTTP\IncomingRequest), Object(CodeIgniter\HTTP\Response), 500, 1)
#5 [internal function]: CodeIgniter\Debug\Exceptions->exceptionHandler(Object(CodeIgniter\Format\Exceptions\FormatException))
#6 {main}
  thrown
【Previous Exception】
CodeIgniter\Format\Exceptions\FormatException
Failed to parse JSON string. Error: Malformed UTF-8 characters, possibly incorrectly encoded
#0 C:\Users\pablo\OneDrive\Documentos\GitHub\JuseaRepository\vendor\codeigniter4\framework\system\Format\JSONFormatter.php(47): CodeIgniter\Format\Exceptions\FormatException::forInvalidJSON('Malformed UTF-8...')
#1 C:\Users\pablo\OneDrive\Documentos\GitHub\JuseaRepository\vendor\codeigniter4\framework\system\HTTP\ResponseTrait.php(252): CodeIgniter\Format\JSONFormatter->format(Array)
#2 C:\Users\pablo\OneDrive\Documentos\GitHub\JuseaRepository\vendor\codeigniter4\framework\system\HTTP\ResponseTrait.php(178): CodeIgniter\HTTP\Response->formatBody(Array, 'json')
#3 C:\Users\pablo\OneDrive\Documentos\GitHub\JuseaRepository\app\Controllers\ApiController.php(51): CodeIgniter\HTTP\Response->setJSON(Array)
#4 C:\Users\pablo\OneDrive\Documentos\GitHub\JuseaRepository\vendor\codeigniter4\framework\system\CodeIgniter.php(951): App\Controllers\ApiController->buscarPersonaPorApellido()
#5 C:\Users\pablo\OneDrive\Documentos\GitHub\JuseaRepository\vendor\codeigniter4\framework\system\CodeIgniter.php(497): CodeIgniter\CodeIgniter->runController(Object(App\Controllers\ApiController))
#6 C:\Users\pablo\OneDrive\Documentos\GitHub\JuseaRepository\vendor\codeigniter4\framework\system\CodeIgniter.php(340): CodeIgniter\CodeIgniter->handleRequest(NULL, Object(Config\Cache), false)
#7 C:\Users\pablo\OneDrive\Documentos\GitHub\JuseaRepository\vendor\codeigniter4\framework\system\Boot.php(417): CodeIgniter\CodeIgniter->run()
#8 C:\Users\pablo\OneDrive\Documentos\GitHub\JuseaRepository\vendor\codeigniter4\framework\system\Boot.php(68): CodeIgniter\Boot::runCodeIgniter(Object(CodeIgniter\CodeIgniter))
#9 C:\Users\pablo\OneDrive\Documentos\GitHub\JuseaRepository\public\index.php(54): CodeIgniter\Boot::bootWeb(Object(Config\Paths))
#10 {main}
[Method: GET, Route: api/persona/buscar-apellido]
in SYSTEMPATH\Format\JSONFormatter.php on line 47.
 1 [internal function]: CodeIgniter\Debug\Exceptions->shutdownHandler()
CRITICAL - 2026-05-06 14:25:28 --> CodeIgniter\Format\Exceptions\FormatException: Failed to parse JSON string. Error: Malformed UTF-8 characters, possibly incorrectly encoded
[Method: GET, Route: api/persona/buscar-apellido]
in SYSTEMPATH\Format\JSONFormatter.php on line 47.
 1 SYSTEMPATH\Format\JSONFormatter.php(47): CodeIgniter\Format\Exceptions\FormatException::forInvalidJSON('Malformed UTF-8 characters, possibly incorrectly encoded')
 2 SYSTEMPATH\HTTP\ResponseTrait.php(252): CodeIgniter\Format\JSONFormatter->format([...])
 3 SYSTEMPATH\HTTP\ResponseTrait.php(178): CodeIgniter\HTTP\Response->formatBody([...], 'json')
 4 APPPATH\Controllers\ApiController.php(51): CodeIgniter\HTTP\Response->setJSON([...])
 5 SYSTEMPATH\CodeIgniter.php(951): App\Controllers\ApiController->buscarPersonaPorApellido()
 6 SYSTEMPATH\CodeIgniter.php(497): CodeIgniter\CodeIgniter->runController(Object(App\Controllers\ApiController))
 7 SYSTEMPATH\CodeIgniter.php(340): CodeIgniter\CodeIgniter->handleRequest(null, Object(Config\Cache), false)
 8 SYSTEMPATH\Boot.php(417): CodeIgniter\CodeIgniter->run()
 9 SYSTEMPATH\Boot.php(68): CodeIgniter\Boot::runCodeIgniter(Object(CodeIgniter\CodeIgniter))
10 FCPATH\index.php(54): CodeIgniter\Boot::bootWeb(Object(Config\Paths))
CRITICAL - 2026-05-06 14:25:28 --> ErrorException: Uncaught CodeIgniter\Format\Exceptions\FormatException: Failed to parse JSON string. Error: Malformed UTF-8 characters, possibly incorrectly encoded in C:\Users\pablo\OneDrive\Documentos\GitHub\JuseaRepository\vendor\codeigniter4\framework\system\Format\JSONFormatter.php:47
Stack trace:
#0 C:\Users\pablo\OneDrive\Documentos\GitHub\JuseaRepository\vendor\codeigniter4\framework\system\Format\JSONFormatter.php(47): CodeIgniter\Format\Exceptions\FormatException::forInvalidJSON('Malformed UTF-8...')
#1 C:\Users\pablo\OneDrive\Documentos\GitHub\JuseaRepository\vendor\codeigniter4\framework\system\API\ResponseTrait.php(352): CodeIgniter\Format\JSONFormatter->format(Array)
#2 C:\Users\pablo\OneDrive\Documentos\GitHub\JuseaRepository\vendor\codeigniter4\framework\system\API\ResponseTrait.php(111): CodeIgniter\Debug\ExceptionHandler->format(Array)
#3 C:\Users\pablo\OneDrive\Documentos\GitHub\JuseaRepository\vendor\codeigniter4\framework\system\Debug\ExceptionHandler.php(95): CodeIgniter\Debug\ExceptionHandler->respond(Array, 500)
#4 C:\Users\pablo\OneDrive\Documentos\GitHub\JuseaRepository\vendor\codeigniter4\framework\system\Debug\Exceptions.php(151): CodeIgniter\Debug\ExceptionHandler->handle(Object(CodeIgniter\Format\Exceptions\FormatException), Object(CodeIgniter\HTTP\IncomingRequest), Object(CodeIgniter\HTTP\Response), 500, 1)
#5 [internal function]: CodeIgniter\Debug\Exceptions->exceptionHandler(Object(CodeIgniter\Format\Exceptions\FormatException))
#6 {main}
  thrown
【Previous Exception】
CodeIgniter\Format\Exceptions\FormatException
Failed to parse JSON string. Error: Malformed UTF-8 characters, possibly incorrectly encoded
#0 C:\Users\pablo\OneDrive\Documentos\GitHub\JuseaRepository\vendor\codeigniter4\framework\system\Format\JSONFormatter.php(47): CodeIgniter\Format\Exceptions\FormatException::forInvalidJSON('Malformed UTF-8...')
#1 C:\Users\pablo\OneDrive\Documentos\GitHub\JuseaRepository\vendor\codeigniter4\framework\system\HTTP\ResponseTrait.php(252): CodeIgniter\Format\JSONFormatter->format(Array)
#2 C:\Users\pablo\OneDrive\Documentos\GitHub\JuseaRepository\vendor\codeigniter4\framework\system\HTTP\ResponseTrait.php(178): CodeIgniter\HTTP\Response->formatBody(Array, 'json')
#3 C:\Users\pablo\OneDrive\Documentos\GitHub\JuseaRepository\app\Controllers\ApiController.php(51): CodeIgniter\HTTP\Response->setJSON(Array)
#4 C:\Users\pablo\OneDrive\Documentos\GitHub\JuseaRepository\vendor\codeigniter4\framework\system\CodeIgniter.php(951): App\Controllers\ApiController->buscarPersonaPorApellido()
#5 C:\Users\pablo\OneDrive\Documentos\GitHub\JuseaRepository\vendor\codeigniter4\framework\system\CodeIgniter.php(497): CodeIgniter\CodeIgniter->runController(Object(App\Controllers\ApiController))
#6 C:\Users\pablo\OneDrive\Documentos\GitHub\JuseaRepository\vendor\codeigniter4\framework\system\CodeIgniter.php(340): CodeIgniter\CodeIgniter->handleRequest(NULL, Object(Config\Cache), false)
#7 C:\Users\pablo\OneDrive\Documentos\GitHub\JuseaRepository\vendor\codeigniter4\framework\system\Boot.php(417): CodeIgniter\CodeIgniter->run()
#8 C:\Users\pablo\OneDrive\Documentos\GitHub\JuseaRepository\vendor\codeigniter4\framework\system\Boot.php(68): CodeIgniter\Boot::runCodeIgniter(Object(CodeIgniter\CodeIgniter))
#9 C:\Users\pablo\OneDrive\Documentos\GitHub\JuseaRepository\public\index.php(54): CodeIgniter\Boot::bootWeb(Object(Config\Paths))
#10 {main}
[Method: GET, Route: api/persona/buscar-apellido]
in SYSTEMPATH\Format\JSONFormatter.php on line 47.
 1 [internal function]: CodeIgniter\Debug\Exceptions->shutdownHandler()
CRITICAL - 2026-05-06 14:25:36 --> CodeIgniter\Format\Exceptions\FormatException: Failed to parse JSON string. Error: Malformed UTF-8 characters, possibly incorrectly encoded
[Method: GET, Route: api/persona/buscar-apellido]
in SYSTEMPATH\Format\JSONFormatter.php on line 47.
 1 SYSTEMPATH\Format\JSONFormatter.php(47): CodeIgniter\Format\Exceptions\FormatException::forInvalidJSON('Malformed UTF-8 characters, possibly incorrectly encoded')
 2 SYSTEMPATH\HTTP\ResponseTrait.php(252): CodeIgniter\Format\JSONFormatter->format([...])
 3 SYSTEMPATH\HTTP\ResponseTrait.php(178): CodeIgniter\HTTP\Response->formatBody([...], 'json')
 4 APPPATH\Controllers\ApiController.php(51): CodeIgniter\HTTP\Response->setJSON([...])
 5 SYSTEMPATH\CodeIgniter.php(951): App\Controllers\ApiController->buscarPersonaPorApellido()
 6 SYSTEMPATH\CodeIgniter.php(497): CodeIgniter\CodeIgniter->runController(Object(App\Controllers\ApiController))
 7 SYSTEMPATH\CodeIgniter.php(340): CodeIgniter\CodeIgniter->handleRequest(null, Object(Config\Cache), false)
 8 SYSTEMPATH\Boot.php(417): CodeIgniter\CodeIgniter->run()
 9 SYSTEMPATH\Boot.php(68): CodeIgniter\Boot::runCodeIgniter(Object(CodeIgniter\CodeIgniter))
10 FCPATH\index.php(54): CodeIgniter\Boot::bootWeb(Object(Config\Paths))
CRITICAL - 2026-05-06 14:25:36 --> ErrorException: Uncaught CodeIgniter\Format\Exceptions\FormatException: Failed to parse JSON string. Error: Malformed UTF-8 characters, possibly incorrectly encoded in C:\Users\pablo\OneDrive\Documentos\GitHub\JuseaRepository\vendor\codeigniter4\framework\system\Format\JSONFormatter.php:47
Stack trace:
#0 C:\Users\pablo\OneDrive\Documentos\GitHub\JuseaRepository\vendor\codeigniter4\framework\system\Format\JSONFormatter.php(47): CodeIgniter\Format\Exceptions\FormatException::forInvalidJSON('Malformed UTF-8...')
#1 C:\Users\pablo\OneDrive\Documentos\GitHub\JuseaRepository\vendor\codeigniter4\framework\system\API\ResponseTrait.php(352): CodeIgniter\Format\JSONFormatter->format(Array)
#2 C:\Users\pablo\OneDrive\Documentos\GitHub\JuseaRepository\vendor\codeigniter4\framework\system\API\ResponseTrait.php(111): CodeIgniter\Debug\ExceptionHandler->format(Array)
#3 C:\Users\pablo\OneDrive\Documentos\GitHub\JuseaRepository\vendor\codeigniter4\framework\system\Debug\ExceptionHandler.php(95): CodeIgniter\Debug\ExceptionHandler->respond(Array, 500)
#4 C:\Users\pablo\OneDrive\Documentos\GitHub\JuseaRepository\vendor\codeigniter4\framework\system\Debug\Exceptions.php(151): CodeIgniter\Debug\ExceptionHandler->handle(Object(CodeIgniter\Format\Exceptions\FormatException), Object(CodeIgniter\HTTP\IncomingRequest), Object(CodeIgniter\HTTP\Response), 500, 1)
#5 [internal function]: CodeIgniter\Debug\Exceptions->exceptionHandler(Object(CodeIgniter\Format\Exceptions\FormatException))
#6 {main}
  thrown
【Previous Exception】
CodeIgniter\Format\Exceptions\FormatException
Failed to parse JSON string. Error: Malformed UTF-8 characters, possibly incorrectly encoded
#0 C:\Users\pablo\OneDrive\Documentos\GitHub\JuseaRepository\vendor\codeigniter4\framework\system\Format\JSONFormatter.php(47): CodeIgniter\Format\Exceptions\FormatException::forInvalidJSON('Malformed UTF-8...')
#1 C:\Users\pablo\OneDrive\Documentos\GitHub\JuseaRepository\vendor\codeigniter4\framework\system\HTTP\ResponseTrait.php(252): CodeIgniter\Format\JSONFormatter->format(Array)
#2 C:\Users\pablo\OneDrive\Documentos\GitHub\JuseaRepository\vendor\codeigniter4\framework\system\HTTP\ResponseTrait.php(178): CodeIgniter\HTTP\Response->formatBody(Array, 'json')
#3 C:\Users\pablo\OneDrive\Documentos\GitHub\JuseaRepository\app\Controllers\ApiController.php(51): CodeIgniter\HTTP\Response->setJSON(Array)
#4 C:\Users\pablo\OneDrive\Documentos\GitHub\JuseaRepository\vendor\codeigniter4\framework\system\CodeIgniter.php(951): App\Controllers\ApiController->buscarPersonaPorApellido()
#5 C:\Users\pablo\OneDrive\Documentos\GitHub\JuseaRepository\vendor\codeigniter4\framework\system\CodeIgniter.php(497): CodeIgniter\CodeIgniter->runController(Object(App\Controllers\ApiController))
#6 C:\Users\pablo\OneDrive\Documentos\GitHub\JuseaRepository\vendor\codeigniter4\framework\system\CodeIgniter.php(340): CodeIgniter\CodeIgniter->handleRequest(NULL, Object(Config\Cache), false)
#7 C:\Users\pablo\OneDrive\Documentos\GitHub\JuseaRepository\vendor\codeigniter4\framework\system\Boot.php(417): CodeIgniter\CodeIgniter->run()
#8 C:\Users\pablo\OneDrive\Documentos\GitHub\JuseaRepository\vendor\codeigniter4\framework\system\Boot.php(68): CodeIgniter\Boot::runCodeIgniter(Object(CodeIgniter\CodeIgniter))
#9 C:\Users\pablo\OneDrive\Documentos\GitHub\JuseaRepository\public\index.php(54): CodeIgniter\Boot::bootWeb(Object(Config\Paths))
#10 {main}
[Method: GET, Route: api/persona/buscar-apellido]
in SYSTEMPATH\Format\JSONFormatter.php on line 47.
 1 [internal function]: CodeIgniter\Debug\Exceptions->shutdownHandler()
CRITICAL - 2026-05-06 14:25:57 --> CodeIgniter\Format\Exceptions\FormatException: Failed to parse JSON string. Error: Malformed UTF-8 characters, possibly incorrectly encoded
[Method: GET, Route: api/persona/buscar-apellido]
in SYSTEMPATH\Format\JSONFormatter.php on line 47.
 1 SYSTEMPATH\Format\JSONFormatter.php(47): CodeIgniter\Format\Exceptions\FormatException::forInvalidJSON('Malformed UTF-8 characters, possibly incorrectly encoded')
 2 SYSTEMPATH\HTTP\ResponseTrait.php(252): CodeIgniter\Format\JSONFormatter->format([...])
 3 SYSTEMPATH\HTTP\ResponseTrait.php(178): CodeIgniter\HTTP\Response->formatBody([...], 'json')
 4 APPPATH\Controllers\ApiController.php(51): CodeIgniter\HTTP\Response->setJSON([...])
 5 SYSTEMPATH\CodeIgniter.php(951): App\Controllers\ApiController->buscarPersonaPorApellido()
 6 SYSTEMPATH\CodeIgniter.php(497): CodeIgniter\CodeIgniter->runController(Object(App\Controllers\ApiController))
 7 SYSTEMPATH\CodeIgniter.php(340): CodeIgniter\CodeIgniter->handleRequest(null, Object(Config\Cache), false)
 8 SYSTEMPATH\Boot.php(417): CodeIgniter\CodeIgniter->run()
 9 SYSTEMPATH\Boot.php(68): CodeIgniter\Boot::runCodeIgniter(Object(CodeIgniter\CodeIgniter))
10 FCPATH\index.php(54): CodeIgniter\Boot::bootWeb(Object(Config\Paths))
